  0
SECTION
  2
HEADER
  9
$ACADVER
  1
AC1032
  9
$ACADMAINTVER
 90
       55
  9
$DWGCODEPAGE
  3
ANSI_936
  9
$LASTSAVEDBY
  1
82680
  9
$REQUIREDVERSIONS
160
                 0
  9
$INSBASE
 10
0.0
 20
0.0
 30
0.0
  9
$EXTMIN
 10
1.000000000000000E+20
 20
1.000000000000000E+20
 30
1.000000000000000E+20
  9
$EXTMAX
 10
-1.000000000000000E+20
 20
-1.000000000000000E+20
 30
-1.000000000000000E+20
  9
$LIMMIN
 10
-0.0026383
 20
-0.0261752
  9
$LIMMAX
 10
2.5610237
 20
2.628922
  9
$ORTHOMODE
 70
     0
  9
$REGENMODE
 70
     1
  9
$FILLMODE
 70
     1
  9
$QTEXTMODE
 70
     0
  9
$MIRRTEXT
 70
     1
  9
$LTSCALE
 40
1.0
  9
$ATTMODE
 70
     1
  9
$TEXTSIZE
 40
0.2
  9
$TRACEWID
 40
0.05
  9
$TEXTSTYLE
  7
Standard
  9
$CLAYER
  8
0
  9
$CELTYPE
  6
ByLayer
  9
$CECOLOR
 62
   256
  9
$CELTSCALE
 40
1.0
  9
$DISPSILH
 70
     0
  9
$DIMSCALE
 40
1.0
  9
$DIMASZ
 40
0.18
  9
$DIMEXO
 40
0.0625
  9
$DIMDLI
 40
0.38
  9
$DIMRND
 40
0.0
  9
$DIMDLE
 40
0.0
  9
$DIMEXE
 40
0.18
  9
$DIMTP
 40
0.0
  9
$DIMTM
 40
0.0
  9
$DIMTXT
 40
0.18
  9
$DIMCEN
 40
0.09
  9
$DIMTSZ
 40
0.0
  9
$DIMTOL
 70
     0
  9
$DIMLIM
 70
     0
  9
$DIMTIH
 70
     1
  9
$DIMTOH
 70
     1
  9
$DIMSE1
 70
     0
  9
$DIMSE2
 70
     0
  9
$DIMTAD
 70
     0
  9
$DIMZIN
 70
     0
  9
$DIMBLK
  1

  9
$DIMASO
 70
     1
  9
$DIMSHO
 70
     1
  9
$DIMPOST
  1

  9
$DIMAPOST
  1

  9
$DIMALT
 70
     0
  9
$DIMALTD
 70
     2
  9
$DIMALTF
 40
25.4
  9
$DIMLFAC
 40
1.0
  9
$DIMTOFL
 70
     0
  9
$DIMTVP
 40
0.0
  9
$DIMTIX
 70
     0
  9
$DIMSOXD
 70
     0
  9
$DIMSAH
 70
     0
  9
$DIMBLK1
  1

  9
$DIMBLK2
  1

  9
$DIMSTYLE
  2
Standard
  9
$DIMCLRD
 70
     0
  9
$DIMCLRE
 70
     0
  9
$DIMCLRT
 70
     0
  9
$DIMTFAC
 40
1.0
  9
$DIMGAP
 40
0.09
  9
$DIMJUST
 70
     0
  9
$DIMSD1
 70
     0
  9
$DIMSD2
 70
     0
  9
$DIMTOLJ
 70
     1
  9
$DIMTZIN
 70
     0
  9
$DIMALTZ
 70
     0
  9
$DIMALTTZ
 70
     0
  9
$DIMUPT
 70
     0
  9
$DIMDEC
 70
     4
  9
$DIMTDEC
 70
     4
  9
$DIMALTU
 70
     2
  9
$DIMALTTD
 70
     2
  9
$DIMTXSTY
  7
Standard
  9
$DIMAUNIT
 70
     0
  9
$DIMADEC
 70
     0
  9
$DIMALTRND
 40
0.0
  9
$DIMAZIN
 70
     0
  9
$DIMDSEP
 70
    46
  9
$DIMATFIT
 70
     3
  9
$DIMFRAC
 70
     0
  9
$DIMLDRBLK
  1

  9
$DIMLUNIT
 70
     2
  9
$DIMLWD
 70
    -2
  9
$DIMLWE
 70
    -2
  9
$DIMTMOVE
 70
     0
  9
$DIMFXL
 40
1.0
  9
$DIMFXLON
 70
     0
  9
$DIMJOGANG
 40
0.7853981633974483
  9
$DIMTFILL
 70
     0
  9
$DIMTFILLCLR
 70
     0
  9
$DIMARCSYM
 70
     0
  9
$DIMLTYPE
  6

  9
$DIMLTEX1
  6

  9
$DIMLTEX2
  6

  9
$DIMTXTDIRECTION
 70
     0
  9
$LUNITS
 70
     2
  9
$LUPREC
 70
     4
  9
$SKETCHINC
 40
0.1
  9
$FILLETRAD
 40
0.0
  9
$AUNITS
 70
     0
  9
$AUPREC
 70
     0
  9
$MENU
  1
.
  9
$ELEVATION
 40
0.0
  9
$PELEVATION
 40
0.0
  9
$THICKNESS
 40
0.0
  9
$LIMCHECK
 70
     0
  9
$CHAMFERA
 40
0.0
  9
$CHAMFERB
 40
0.0
  9
$CHAMFERC
 40
0.0
  9
$CHAMFERD
 40
0.0
  9
$SKPOLY
 70
     0
  9
$TDCREATE
 40
2461293.921316204
  9
$TDUCREATE
 40
2461293.58798287
  9
$TDUPDATE
 40
2461293.921317824
  9
$TDUUPDATE
 40
2461293.587984491
  9
$TDINDWG
 40
0.0000000116
  9
$TDUSRTIMER
 40
0.0000000116
  9
$USRTIMER
 70
     1
  9
$ANGBASE
 50
0.0
  9
$ANGDIR
 70
     0
  9
$PDMODE
 70
     0
  9
$PDSIZE
 40
0.0
  9
$PLINEWID
 40
0.0
  9
$SPLFRAME
 70
     0
  9
$SPLINETYPE
 70
     6
  9
$SPLINESEGS
 70
     8
  9
$HANDSEED
  5
1923
  9
$SURFTAB1
 70
     6
  9
$SURFTAB2
 70
     6
  9
$SURFTYPE
 70
     6
  9
$SURFU
 70
     6
  9
$SURFV
 70
     6
  9
$UCSBASE
  2

  9
$UCSNAME
  2

  9
$UCSORG
 10
0.0
 20
0.0
 30
0.0
  9
$UCSXDIR
 10
1.0
 20
0.0
 30
0.0
  9
$UCSYDIR
 10
0.0
 20
1.0
 30
0.0
  9
$UCSORTHOREF
  2

  9
$UCSORTHOVIEW
 70
     0
  9
$UCSORGTOP
 10
0.0
 20
0.0
 30
0.0
  9
$UCSORGBOTTOM
 10
0.0
 20
0.0
 30
0.0
  9
$UCSORGLEFT
 10
0.0
 20
0.0
 30
0.0
  9
$UCSORGRIGHT
 10
0.0
 20
0.0
 30
0.0
  9
$UCSORGFRONT
 10
0.0
 20
0.0
 30
0.0
  9
$UCSORGBACK
 10
0.0
 20
0.0
 30
0.0
  9
$PUCSBASE
  2

  9
$PUCSNAME
  2

  9
$PUCSORG
 10
0.0
 20
0.0
 30
0.0
  9
$PUCSXDIR
 10
1.0
 20
0.0
 30
0.0
  9
$PUCSYDIR
 10
0.0
 20
1.0
 30
0.0
  9
$PUCSORTHOREF
  2

  9
$PUCSORTHOVIEW
 70
     0
  9
$PUCSORGTOP
 10
0.0
 20
0.0
 30
0.0
  9
$PUCSORGBOTTOM
 10
0.0
 20
0.0
 30
0.0
  9
$PUCSORGLEFT
 10
0.0
 20
0.0
 30
0.0
  9
$PUCSORGRIGHT
 10
0.0
 20
0.0
 30
0.0
  9
$PUCSORGFRONT
 10
0.0
 20
0.0
 30
0.0
  9
$PUCSORGBACK
 10
0.0
 20
0.0
 30
0.0
  9
$USERI1
 70
     0
  9
$USERI2
 70
     0
  9
$USERI3
 70
     0
  9
$USERI4
 70
     0
  9
$USERI5
 70
     0
  9
$USERR1
 40
0.0
  9
$USERR2
 40
0.0
  9
$USERR3
 40
0.0
  9
$USERR4
 40
0.0
  9
$USERR5
 40
0.0
  9
$WORLDVIEW
 70
     1
  9
$SHADEDGE
 70
     3
  9
$SHADEDIF
 70
    70
  9
$TILEMODE
 70
     1
  9
$MAXACTVP
 70
    64
  9
$PINSBASE
 10
0.0
 20
0.0
 30
0.0
  9
$PLIMCHECK
 70
     0
  9
$PEXTMIN
 10
1.000000000000000E+20
 20
1.000000000000000E+20
 30
1.000000000000000E+20
  9
$PEXTMAX
 10
-1.000000000000000E+20
 20
-1.000000000000000E+20
 30
-1.000000000000000E+20
  9
$PLIMMIN
 10
0.0
 20
0.0
  9
$PLIMMAX
 10
12.0
 20
9.0
  9
$UNITMODE
 70
     0
  9
$VISRETAIN
 70
     1
  9
$PLINEGEN
 70
     0
  9
$PSLTSCALE
 70
     1
  9
$TREEDEPTH
 70
  3020
  9
$CMLSTYLE
  2
Standard
  9
$CMLJUST
 70
     0
  9
$CMLSCALE
 40
1.0
  9
$PROXYGRAPHICS
 70
     1
  9
$MEASUREMENT
 70
     0
  9
$CELWEIGHT
370
    -1
  9
$ENDCAPS
280
     0
  9
$JOINSTYLE
280
     0
  9
$LWDISPLAY
290
     0
  9
$INSUNITS
 70
     1
  9
$HYPERLINKBASE
  1

  9
$STYLESHEET
  1

  9
$XEDIT
290
     1
  9
$CEPSNTYPE
380
     0
  9
$PSTYLEMODE
290
     1
  9
$FINGERPRINTGUID
  2
{dc17ba82-ef65-490b-86bc-d1e9ee7b2015}
  9
$VERSIONGUID
  2
{FAEB1C32-E019-11D5-929B-00C0DF256EC4}
  9
$EXTNAMES
290
     1
  9
$PSVPSCALE
 40
0.0
  9
$OLESTARTUP
290
     0
  9
$SORTENTS
280
   127
  9
$INDEXCTL
280
     0
  9
$HIDETEXT
280
     1
  9
$XCLIPFRAME
280
     2
  9
$HALOGAP
280
     0
  9
$OBSCOLOR
 70
   257
  9
$OBSLTYPE
280
     0
  9
$INTERSECTIONDISPLAY
280
     0
  9
$INTERSECTIONCOLOR
 70
   257
  9
$DIMASSOC
280
     2
  9
$PROJECTNAME
  1

  9
$CAMERADISPLAY
290
     0
  9
$LENSLENGTH
 40
50.0
  9
$CAMERAHEIGHT
 40
0.0
  9
$STEPSPERSEC
 40
2.0
  9
$STEPSIZE
 40
6.0
  9
$3DDWFPREC
 40
2.0
  9
$PSOLWIDTH
 40
0.25
  9
$PSOLHEIGHT
 40
4.0
  9
$LOFTANG1
 40
1.570796326794897
  9
$LOFTANG2
 40
1.570796326794897
  9
$LOFTMAG1
 40
0.0
  9
$LOFTMAG2
 40
0.0
  9
$LOFTPARAM
 70
     7
  9
$LOFTNORMALS
280
     1
  9
$LATITUDE
 40
37.795
  9
$LONGITUDE
 40
-122.394
  9
$NORTHDIRECTION
 40
0.0
  9
$TIMEZONE
 70
 -8000
  9
$LIGHTGLYPHDISPLAY
280
     1
  9
$TILEMODELIGHTSYNCH
280
     1
  9
$CMATERIAL
347
44
  9
$SOLIDHIST
280
     0
  9
$SHOWHIST
280
     1
  9
$DWFFRAME
280
     2
  9
$DGNFRAME
280
     2
  9
$REALWORLDSCALE
290
     1
  9
$INTERFERECOLOR
 62
   256
  9
$CSHADOW
280
     0
  9
$SHADOWPLANELOCATION
 40
0.0
  0
ENDSEC
  0
SECTION
  2
CLASSES
  0
CLASS
  1
ACDBDICTIONARYWDFLT
  2
AcDbDictionaryWithDefault
  3
ObjectDBX Classes
 90
        0
 91
        3
280
     0
281
     0
  0
CLASS
  1
VISUALSTYLE
  2
AcDbVisualStyle
  3
ObjectDBX Classes
 90
     4095
 91
        3
280
     0
281
     0
  0
CLASS
  1
MATERIAL
  2
AcDbMaterial
  3
ObjectDBX Classes
 90
     1153
 91
        3
280
     0
281
     0
  0
CLASS
  1
SCALE
  2
AcDbScale
  3
ObjectDBX Classes
 90
     1153
 91
        3
280
     0
281
     0
  0
CLASS
  1
TABLESTYLE
  2
AcDbTableStyle
  3
ObjectDBX Classes
 90
     4095
 91
        3
280
     0
281
     0
  0
CLASS
  1
MLEADERSTYLE
  2
AcDbMLeaderStyle
  3
ACDB_MLEADERSTYLE_CLASS
 90
     4095
 91
        3
280
     0
281
     0
  0
CLASS
  1
SUN
  2
AcDbSun
  3
SCENEOE
 90
     1153
 91
        3
280
     0
281
     0
  0
CLASS
  1
DICTIONARYVAR
  2
AcDbDictionaryVar
  3
ObjectDBX Classes
 90
        0
 91
        3
280
     0
281
     0
  0
CLASS
  1
CELLSTYLEMAP
  2
AcDbCellStyleMap
  3
ObjectDBX Classes
 90
     1152
 91
        3
280
     0
281
     0
  0
ENDSEC
  0
SECTION
  2
TABLES
  0
TABLE
  2
VPORT
  5
8
330
0
100
AcDbSymbolTable
 70
     1
  0
VPORT
  5
29
330
8
100
AcDbSymbolTableRecord
100
AcDbViewportTableRecord
  2
*Active
 70
     0
 10
0.0
 20
0.0
 11
1.0
 21
1.0
 12
10.42990654205607
 22
4.5
 13
0.0
 23
0.0
 14
0.5
 24
0.5
 15
0.5
 25
0.5
 16
0.0
 26
0.0
 36
1.0
 17
0.0
 27
0.0
 37
0.0
 40
9.0
 41
1.972972972850329
 42
50.0
 43
0.0
 44
0.0
 50
0.0
 51
0.0
 71
     0
 72
   100
 73
     1
 74
     3
 75
     0
 76
     0
 77
     0
 78
     0
281
     0
 65
     1
110
0.0
120
0.0
130
0.0
111
1.0
121
0.0
131
0.0
112
0.0
122
1.0
132
0.0
 79
     0
146
0.0
348
2F
 60
     3
 61
     5
292
     1
282
     1
141
0.0
142
0.0
 63
   250
361
5D
  0
ENDTAB
  0
TABLE
  2
LTYPE
  5
5
330
0
100
AcDbSymbolTable
 70
     1
  0
LTYPE
  5
14
330
5
100
AcDbSymbolTableRecord
100
AcDbLinetypeTableRecord
  2
ByBlock
 70
     0
  3

 72
    65
 73
     0
 40
0.0
  0
LTYPE
  5
15
330
5
100
AcDbSymbolTableRecord
100
AcDbLinetypeTableRecord
  2
ByLayer
 70
     0
  3

 72
    65
 73
     0
 40
0.0
  0
LTYPE
  5
16
330
5
100
AcDbSymbolTableRecord
100
AcDbLinetypeTableRecord
  2
Continuous
 70
     0
  3
Solid line
 72
    65
 73
     0
 40
0.0
  0
ENDTAB
  0
TABLE
  2
LAYER
  5
2
330
0
100
AcDbSymbolTable
 70
     8
  0
LAYER
  5
10
330
2
100
AcDbSymbolTableRecord
100
AcDbLayerTableRecord
  2
0
 70
     0
 62
     7
  6
Continuous
370
    -3
390
F
347
46
348
0
  0
LAYER
  5
5E
330
2
100
AcDbSymbolTableRecord
100
AcDbLayerTableRecord
  2
Mechanical 1
 70
     0
 62
     6
  6
Continuous
370
    -3
390
F
347
46
348
0
  0
LAYER
  5
5F
330
2
100
AcDbSymbolTableRecord
100
AcDbLayerTableRecord
  2
Top Courtyard
 70
     0
 62
    56
  6
Continuous
370
    -3
390
F
347
46
348
0
  0
LAYER
  5
60
330
2
100
AcDbSymbolTableRecord
100
AcDbLayerTableRecord
  2
Top Overlay
 70
     0
 62
     2
  6
Continuous
370
    -3
390
F
347
46
348
0
  0
LAYER
  5
61
330
2
100
AcDbSymbolTableRecord
100
AcDbLayerTableRecord
  2
Keep-Out Layer
 70
     0
 62
     6
  6
Continuous
370
    -3
390
F
347
46
348
0
  0
LAYER
  5
62
330
2
100
AcDbSymbolTableRecord
100
AcDbLayerTableRecord
  2
Multi-Layer
 70
     0
 62
     9
  6
Continuous
370
    -3
390
F
347
46
348
0
  0
LAYER
  5
63
330
2
100
AcDbSymbolTableRecord
100
AcDbLayerTableRecord
  2
Top Paste
 70
     0
 62
     8
  6
Continuous
370
    -3
390
F
347
46
348
0
  0
LAYER
  5
64
330
2
100
AcDbSymbolTableRecord
100
AcDbLayerTableRecord
  2
Top Solder
 70
     0
 62
   216
  6
Continuous
370
    -3
390
F
347
46
348
0
  0
ENDTAB
  0
TABLE
  2
STYLE
  5
3
330
0
100
AcDbSymbolTable
 70
     2
  0
STYLE
  5
11
330
3
100
AcDbSymbolTableRecord
100
AcDbTextStyleTableRecord
  2
Standard
 70
     0
 40
0.0
 41
1.0
 50
0.0
 71
     0
 42
0.2
  3
txt
  4

  0
STYLE
  5
19C
330
3
100
AcDbSymbolTableRecord
100
AcDbTextStyleTableRecord
  2
Arial_Bold
 70
     0
 40
0.2
 41
1.0
 50
0.0
 71
     0
 42
0.2
  3

  4

1001
ACAD
1000
Arial
1071
 33554432
  0
ENDTAB
  0
TABLE
  2
VIEW
  5
6
330
0
100
AcDbSymbolTable
 70
     0
  0
ENDTAB
  0
TABLE
  2
UCS
  5
7
330
0
100
AcDbSymbolTable
 70
     0
  0
ENDTAB
  0
TABLE
  2
APPID
  5
9
330
0
100
AcDbSymbolTable
 70
     1
  0
APPID
  5
12
330
9
100
AcDbSymbolTableRecord
100
AcDbRegAppTableRecord
  2
ACAD
 70
     0
  0
ENDTAB
  0
TABLE
  2
DIMSTYLE
  5
A
330
0
100
AcDbSymbolTable
 70
     1
100
AcDbDimStyleTable
  0
DIMSTYLE
105
27
330
A
100
AcDbSymbolTableRecord
100
AcDbDimStyleTableRecord
  2
Standard
 70
     0
178
     0
340
11
  0
ENDTAB
  0
TABLE
  2
BLOCK_RECORD
  5
1
330
0
100
AcDbSymbolTable
 70
     1
  0
BLOCK_RECORD
  5
1F
330
1
100
AcDbSymbolTableRecord
100
AcDbBlockTableRecord
  2
*Model_Space
340
22
 70
     0
280
     1
281
     0
  0
BLOCK_RECORD
  5
1B
330
1
100
AcDbSymbolTableRecord
100
AcDbBlockTableRecord
  2
*Paper_Space
340
1E
 70
     0
280
     1
281
     0
  0
BLOCK_RECORD
  5
23
330
1
100
AcDbSymbolTableRecord
100
AcDbBlockTableRecord
  2
*Paper_Space0
340
26
 70
     0
280
     1
281
     0
  0
ENDTAB
  0
ENDSEC
  0
SECTION
  2
BLOCKS
  0
BLOCK
  5
20
330
1F
100
AcDbEntity
  8
0
100
AcDbBlockBegin
  2
*Model_Space
 70
     0
 10
0.0
 20
0.0
 30
0.0
  3
*Model_Space
  1

  0
ENDBLK
  5
21
330
1F
100
AcDbEntity
  8
0
100
AcDbBlockEnd
  0
BLOCK
  5
1C
330
1B
100
AcDbEntity
 67
     1
  8
0
100
AcDbBlockBegin
  2
*Paper_Space
 70
     0
 10
0.0
 20
0.0
 30
0.0
  3
*Paper_Space
  1

  0
ENDBLK
  5
1D
330
1B
100
AcDbEntity
 67
     1
  8
0
100
AcDbBlockEnd
  0
BLOCK
  5
24
330
23
100
AcDbEntity
  8
0
100
AcDbBlockBegin
  2
*Paper_Space0
 70
     0
 10
0.0
 20
0.0
 30
0.0
  3
*Paper_Space0
  1

  0
ENDBLK
  5
25
330
23
100
AcDbEntity
  8
0
100
AcDbBlockEnd
  0
ENDSEC
  0
SECTION
  2
ENTITIES
  0
LINE
  5
65
330
1F
100
AcDbEntity
  8
Keep-Out Layer
100
AcDbLine
 10
2.5590551
 20
0.0787402
 30
0.0
 11
2.5590552
 21
2.480315
 31
0.0
  0
LINE
  5
66
330
1F
100
AcDbEntity
  8
Keep-Out Layer
100
AcDbLine
 10
0.0007874
 20
0.8181102
 30
0.0
 11
0.0015748
 21
0.8173228
 31
0.0
  0
LINE
  5
67
330
1F
100
AcDbEntity
  8
Keep-Out Layer
100
AcDbLine
 10
0.0787402
 20
0.0
 30
0.0
 11
2.480315
 21
0.0
 31
0.0
  0
LINE
  5
68
330
1F
100
AcDbEntity
  8
Keep-Out Layer
100
AcDbLine
 10
0.0787402
 20
2.5590552
 30
0.0
 11
2.480315
 21
2.5590551
 31
0.0
  0
LINE
  5
69
330
1F
100
AcDbEntity
  8
Keep-Out Layer
100
AcDbLine
 10
0.0
 20
0.0787402
 30
0.0
 11
0.0
 21
2.480315
 31
0.0
  0
LINE
  5
6A
330
1F
100
AcDbEntity
  8
Mechanical 1
100
AcDbLine
 10
0.0
 20
0.0787402
 30
0.0
 11
0.0
 21
2.480315
 31
0.0
  0
LINE
  5
6B
330
1F
100
AcDbEntity
  8
Mechanical 1
100
AcDbLine
 10
0.0787402
 20
2.5590552
 30
0.0
 11
2.480315
 21
2.5590551
 31
0.0
  0
LINE
  5
6C
330
1F
100
AcDbEntity
  8
Mechanical 1
100
AcDbLine
 10
0.0787402
 20
0.0
 30
0.0
 11
2.480315
 21
0.0
 31
0.0
  0
LINE
  5
6D
330
1F
100
AcDbEntity
  8
Mechanical 1
100
AcDbLine
 10
2.5590551
 20
0.0787402
 30
0.0
 11
2.5590552
 21
2.480315
 31
0.0
  0
ARC
  5
6E
330
1F
100
AcDbEntity
  8
Mechanical 1
100
AcDbCircle
 10
0.0787402
 20
0.0787402
 30
0.0
 40
0.0787401
100
AcDbArc
 50
180.0
 51
270.0
  0
ARC
  5
6F
330
1F
100
AcDbEntity
  8
Mechanical 1
100
AcDbCircle
 10
0.0787402
 20
2.480315
 30
0.0
 40
0.0787401
100
AcDbArc
 50
90.0
 51
180.0
  0
ARC
  5
70
330
1F
100
AcDbEntity
  8
Mechanical 1
100
AcDbCircle
 10
2.480315
 20
2.4803149
 30
0.0
 40
0.0787401
100
AcDbArc
 50
0.0000363828234472
 51
90.00003638282345
  0
ARC
  5
71
330
1F
100
AcDbEntity
  8
Mechanical 1
100
AcDbCircle
 10
2.4803149
 20
0.0787401
 30
0.0
 40
0.0787401
100
AcDbArc
 50
270.0000363828235
 51
0.0000363828234472
  0
CIRCLE
  5
72
330
1F
100
AcDbEntity
  8
Mechanical 1
100
AcDbCircle
 10
2.4212599
 20
2.4212599
 30
0.0
 40
0.0629921
  0
CIRCLE
  5
73
330
1F
100
AcDbEntity
  8
Mechanical 1
100
AcDbCircle
 10
2.4212599
 20
0.1377953
 30
0.0
 40
0.0629921
  0
CIRCLE
  5
74
330
1F
100
AcDbEntity
  8
Mechanical 1
100
AcDbCircle
 10
0.1377953
 20
0.1377953
 30
0.0
 40
0.0629921
  0
CIRCLE
  5
75
330
1F
100
AcDbEntity
  8
Mechanical 1
100
AcDbCircle
 10
0.1377953
 20
2.4212599
 30
0.0
 40
0.0629921
  0
ARC
  5
76
330
1F
100
AcDbEntity
  8
Keep-Out Layer
100
AcDbCircle
 10
1.7277559
 20
2.1927182
 30
0.0
 40
0.0649606
100
AcDbArc
 50
90.0
 51
180.0
  0
ARC
  5
77
330
1F
100
AcDbEntity
  8
Keep-Out Layer
100
AcDbCircle
 10
1.7277559
 20
2.1927182
 30
0.0
 40
0.0649606
100
AcDbArc
 50
270.0
 51
0.0
  0
ARC
  5
78
330
1F
100
AcDbEntity
  8
Keep-Out Layer
100
AcDbCircle
 10
1.7277559
 20
2.1927182
 30
0.0
 40
0.0649606
100
AcDbArc
 50
180.0
 51
270.0
  0
ARC
  5
79
330
1F
100
AcDbEntity
  8
Keep-Out Layer
100
AcDbCircle
 10
1.7277559
 20
2.1927182
 30
0.0
 40
0.0649606
100
AcDbArc
 50
0.0
 51
90.0
  0
ARC
  5
7A
330
1F
100
AcDbEntity
  8
Keep-Out Layer
100
AcDbCircle
 10
2.1777559
 20
2.1927182
 30
0.0
 40
0.0649606
100
AcDbArc
 50
90.0
 51
180.0
  0
ARC
  5
7B
330
1F
100
AcDbEntity
  8
Keep-Out Layer
100
AcDbCircle
 10
2.1777559
 20
2.1927182
 30
0.0
 40
0.0649606
100
AcDbArc
 50
180.0
 51
270.0
  0
ARC
  5
7C
330
1F
100
AcDbEntity
  8
Keep-Out Layer
100
AcDbCircle
 10
2.1777559
 20
2.1927182
 30
0.0
 40
0.0649606
100
AcDbArc
 50
270.0
 51
0.0
  0
ARC
  5
7D
330
1F
100
AcDbEntity
  8
Keep-Out Layer
100
AcDbCircle
 10
2.1777559
 20
2.1927182
 30
0.0
 40
0.0649606
100
AcDbArc
 50
0.0
 51
90.0
  0
ARC
  5
7E
330
1F
100
AcDbEntity
  8
Keep-Out Layer
100
AcDbCircle
 10
0.1377953
 20
2.4212599
 30
0.0
 40
0.0629921
100
AcDbArc
 50
270.0
 51
0.0
  0
ARC
  5
7F
330
1F
100
AcDbEntity
  8
Keep-Out Layer
100
AcDbCircle
 10
0.1377953
 20
2.4212599
 30
0.0
 40
0.0629921
100
AcDbArc
 50
0.0
 51
90.0
  0
ARC
  5
80
330
1F
100
AcDbEntity
  8
Keep-Out Layer
100
AcDbCircle
 10
0.1377953
 20
2.4212599
 30
0.0
 40
0.0629921
100
AcDbArc
 50
90.0
 51
180.0
  0
ARC
  5
81
330
1F
100
AcDbEntity
  8
Keep-Out Layer
100
AcDbCircle
 10
0.1377953
 20
2.4212599
 30
0.0
 40
0.0629921
100
AcDbArc
 50
180.0
 51
270.0
  0
ARC
  5
82
330
1F
100
AcDbEntity
  8
Keep-Out Layer
100
AcDbCircle
 10
0.1377953
 20
0.1377953
 30
0.0
 40
0.0629921
100
AcDbArc
 50
270.0
 51
0.0
  0
ARC
  5
83
330
1F
100
AcDbEntity
  8
Keep-Out Layer
100
AcDbCircle
 10
0.1377953
 20
0.1377953
 30
0.0
 40
0.0629921
100
AcDbArc
 50
0.0
 51
90.0
  0
ARC
  5
84
330
1F
100
AcDbEntity
  8
Keep-Out Layer
100
AcDbCircle
 10
0.1377953
 20
0.1377953
 30
0.0
 40
0.0629921
100
AcDbArc
 50
90.0
 51
180.0
  0
ARC
  5
85
330
1F
100
AcDbEntity
  8
Keep-Out Layer
100
AcDbCircle
 10
0.1377953
 20
0.1377953
 30
0.0
 40
0.0629921
100
AcDbArc
 50
180.0
 51
270.0
  0
ARC
  5
86
330
1F
100
AcDbEntity
  8
Keep-Out Layer
100
AcDbCircle
 10
2.4212599
 20
0.1377953
 30
0.0
 40
0.0629921
100
AcDbArc
 50
90.0
 51
180.0
  0
ARC
  5
87
330
1F
100
AcDbEntity
  8
Keep-Out Layer
100
AcDbCircle
 10
2.4212599
 20
0.1377953
 30
0.0
 40
0.0629921
100
AcDbArc
 50
0.0
 51
90.0
  0
ARC
  5
88
330
1F
100
AcDbEntity
  8
Keep-Out Layer
100
AcDbCircle
 10
2.4212599
 20
0.1377953
 30
0.0
 40
0.0629921
100
AcDbArc
 50
270.0
 51
0.0
  0
ARC
  5
89
330
1F
100
AcDbEntity
  8
Keep-Out Layer
100
AcDbCircle
 10
2.4212599
 20
0.1377953
 30
0.0
 40
0.0629921
100
AcDbArc
 50
180.0
 51
270.0
  0
ARC
  5
8A
330
1F
100
AcDbEntity
  8
Keep-Out Layer
100
AcDbCircle
 10
2.4212599
 20
2.4212599
 30
0.0
 40
0.0629921
100
AcDbArc
 50
270.0
 51
0.0
  0
ARC
  5
8B
330
1F
100
AcDbEntity
  8
Keep-Out Layer
100
AcDbCircle
 10
2.4212599
 20
2.4212599
 30
0.0
 40
0.0629921
100
AcDbArc
 50
0.0
 51
90.0
  0
ARC
  5
8C
330
1F
100
AcDbEntity
  8
Keep-Out Layer
100
AcDbCircle
 10
2.4212599
 20
2.4212599
 30
0.0
 40
0.0629921
100
AcDbArc
 50
90.0
 51
180.0
  0
ARC
  5
8D
330
1F
100
AcDbEntity
  8
Keep-Out Layer
100
AcDbCircle
 10
2.4212599
 20
2.4212599
 30
0.0
 40
0.0629921
100
AcDbArc
 50
180.0
 51
270.0
  0
ARC
  5
8E
330
1F
100
AcDbEntity
  8
Keep-Out Layer
100
AcDbCircle
 10
2.4803149
 20
0.0787401
 30
0.0
 40
0.0787401
100
AcDbArc
 50
270.0000363828235
 51
0.0000363828234472
  0
ARC
  5
8F
330
1F
100
AcDbEntity
  8
Keep-Out Layer
100
AcDbCircle
 10
2.480315
 20
2.4803149
 30
0.0
 40
0.0787401
100
AcDbArc
 50
0.0000363828234472
 51
90.00003638282345
  0
ARC
  5
90
330
1F
100
AcDbEntity
  8
Keep-Out Layer
100
AcDbCircle
 10
0.0787402
 20
2.480315
 30
0.0
 40
0.0787401
100
AcDbArc
 50
90.0
 51
180.0
  0
ARC
  5
91
330
1F
100
AcDbEntity
  8
Keep-Out Layer
100
AcDbCircle
 10
0.0787402
 20
0.0787402
 30
0.0
 40
0.0787401
100
AcDbArc
 50
180.0
 51
270.0
  0
CIRCLE
  5
92
330
1F
100
AcDbEntity
  8
Top Solder
100
AcDbCircle
 10
0.8149606
 20
1.8692913
 30
0.0
 40
0.0099055
  0
CIRCLE
  5
93
330
1F
100
AcDbEntity
  8
Top Solder
100
AcDbCircle
 10
0.7326772
 20
1.4472441
 30
0.0
 40
0.0099055
  0
CIRCLE
  5
94
330
1F
100
AcDbEntity
  8
Top Solder
100
AcDbCircle
 10
0.734252
 20
1.407874
 30
0.0
 40
0.0099055
  0
CIRCLE
  5
95
330
1F
100
AcDbEntity
  8
Top Solder
100
AcDbCircle
 10
0.1236203
 20
1.3480945
 30
0.0
 40
0.0099055
  0
CIRCLE
  5
96
330
1F
100
AcDbEntity
  8
Top Solder
100
AcDbCircle
 10
0.1640156
 20
1.3244094
 30
0.0
 40
0.0099055
  0
CIRCLE
  5
97
330
1F
100
AcDbEntity
  8
Top Solder
100
AcDbCircle
 10
0.026378
 20
1.3244094
 30
0.0
 40
0.0099055
  0
CIRCLE
  5
98
330
1F
100
AcDbEntity
  8
Top Solder
100
AcDbCircle
 10
0.1296062
 20
1.3244094
 30
0.0
 40
0.0099055
  0
CIRCLE
  5
99
330
1F
100
AcDbEntity
  8
Top Solder
100
AcDbCircle
 10
0.198425
 20
1.3244094
 30
0.0
 40
0.0099055
  0
CIRCLE
  5
9A
330
1F
100
AcDbEntity
  8
Top Solder
100
AcDbCircle
 10
0.0951968
 20
1.3244094
 30
0.0
 40
0.0099055
  0
CIRCLE
  5
9B
330
1F
100
AcDbEntity
  8
Top Solder
100
AcDbCircle
 10
0.0607874
 20
1.3244094
 30
0.0
 40
0.0099055
  0
CIRCLE
  5
9C
330
1F
100
AcDbEntity
  8
Top Solder
100
AcDbCircle
 10
0.1677165
 20
0.8055118
 30
0.0
 40
0.0099055
  0
CIRCLE
  5
9D
330
1F
100
AcDbEntity
  8
Top Solder
100
AcDbCircle
 10
0.0236221
 20
0.8055118
 30
0.0
 40
0.0099055
  0
CIRCLE
  5
9E
330
1F
100
AcDbEntity
  8
Top Solder
100
AcDbCircle
 10
0.1316929
 20
0.8055118
 30
0.0
 40
0.0099055
  0
CIRCLE
  5
9F
330
1F
100
AcDbEntity
  8
Top Solder
100
AcDbCircle
 10
0.2037401
 20
0.8055118
 30
0.0
 40
0.0099055
  0
CIRCLE
  5
A0
330
1F
100
AcDbEntity
  8
Top Solder
100
AcDbCircle
 10
0.0956693
 20
0.8055118
 30
0.0
 40
0.0099055
  0
CIRCLE
  5
A1
330
1F
100
AcDbEntity
  8
Top Solder
100
AcDbCircle
 10
0.0596457
 20
0.8055118
 30
0.0
 40
0.0099055
  0
CIRCLE
  5
A2
330
1F
100
AcDbEntity
  8
Top Solder
100
AcDbCircle
 10
0.9826772
 20
0.984252
 30
0.0
 40
0.0099055
  0
CIRCLE
  5
A3
330
1F
100
AcDbEntity
  8
Top Solder
100
AcDbCircle
 10
0.3161417
 20
0.7413385
 30
0.0
 40
0.0099055
  0
CIRCLE
  5
A4
330
1F
100
AcDbEntity
  8
Top Solder
100
AcDbCircle
 10
0.3161417
 20
0.7771654
 30
0.0
 40
0.0099055
  0
CIRCLE
  5
A5
330
1F
100
AcDbEntity
  8
Top Solder
100
AcDbCircle
 10
0.2397637
 20
0.8055118
 30
0.0
 40
0.0099055
  0
CIRCLE
  5
A6
330
1F
100
AcDbEntity
  8
Top Solder
100
AcDbCircle
 10
0.2757873
 20
0.8055118
 30
0.0
 40
0.0099055
  0
CIRCLE
  5
A7
330
1F
100
AcDbEntity
  8
Top Solder
100
AcDbCircle
 10
0.3118109
 20
0.8055118
 30
0.0
 40
0.0099055
  0
CIRCLE
  5
A8
330
1F
100
AcDbEntity
  8
Top Solder
100
AcDbCircle
 10
0.5968504
 20
0.8275591
 30
0.0
 40
0.0099055
  0
CIRCLE
  5
A9
330
1F
100
AcDbEntity
  8
Top Solder
100
AcDbCircle
 10
0.5952756
 20
0.8507874
 30
0.0
 40
0.0099055
  0
CIRCLE
  5
AA
330
1F
100
AcDbEntity
  8
Top Solder
100
AcDbCircle
 10
0.5956693
 20
0.8889764
 30
0.0
 40
0.0099055
  0
CIRCLE
  5
AB
330
1F
100
AcDbEntity
  8
Top Solder
100
AcDbCircle
 10
0.2952756
 20
0.6791339
 30
0.0
 40
0.0099055
  0
CIRCLE
  5
AC
330
1F
100
AcDbEntity
  8
Top Solder
100
AcDbCircle
 10
0.2952756
 20
0.6992126
 30
0.0
 40
0.0099055
  0
CIRCLE
  5
AD
330
1F
100
AcDbEntity
  8
Top Solder
100
AcDbCircle
 10
0.3054308
 20
0.497478
 30
0.0
 40
0.0099055
  0
CIRCLE
  5
AE
330
1F
100
AcDbEntity
  8
Top Solder
100
AcDbCircle
 10
0.3374016
 20
0.5787402
 30
0.0
 40
0.0099055
  0
CIRCLE
  5
AF
330
1F
100
AcDbEntity
  8
Top Solder
100
AcDbCircle
 10
0.3370079
 20
0.5980315
 30
0.0
 40
0.0099055
  0
CIRCLE
  5
B0
330
1F
100
AcDbEntity
  8
Top Solder
100
AcDbCircle
 10
2.1805868
 20
1.4804372
 30
0.0
 40
0.0099055
  0
CIRCLE
  5
B1
330
1F
100
AcDbEntity
  8
Top Solder
100
AcDbCircle
 10
2.1732304
 20
1.5194836
 30
0.0
 40
0.0099055
  0
CIRCLE
  5
B2
330
1F
100
AcDbEntity
  8
Top Solder
100
AcDbCircle
 10
2.1704724
 20
1.5417323
 30
0.0
 40
0.0099055
  0
CIRCLE
  5
B3
330
1F
100
AcDbEntity
  8
Top Solder
100
AcDbCircle
 10
2.3019685
 20
1.6631968
 30
0.0
 40
0.0099055
  0
CIRCLE
  5
B4
330
1F
100
AcDbEntity
  8
Top Solder
100
AcDbCircle
 10
2.3073452
 20
1.640018
 30
0.0
 40
0.0099055
  0
CIRCLE
  5
B5
330
1F
100
AcDbEntity
  8
Top Solder
100
AcDbCircle
 10
2.3019685
 20
1.123622
 30
0.0
 40
0.0099055
  0
CIRCLE
  5
B6
330
1F
100
AcDbEntity
  8
Top Solder
100
AcDbCircle
 10
2.358138
 20
0.56109
 30
0.0
 40
0.0099055
  0
CIRCLE
  5
B7
330
1F
100
AcDbEntity
  8
Top Solder
100
AcDbCircle
 10
2.326378
 20
0.561811
 30
0.0
 40
0.0099055
  0
CIRCLE
  5
B8
330
1F
100
AcDbEntity
  8
Top Solder
100
AcDbCircle
 10
2.2905512
 20
0.5956693
 30
0.0
 40
0.0099055
  0
CIRCLE
  5
B9
330
1F
100
AcDbEntity
  8
Top Solder
100
AcDbCircle
 10
2.2893701
 20
0.638189
 30
0.0
 40
0.0099055
  0
CIRCLE
  5
BA
330
1F
100
AcDbEntity
  8
Top Solder
100
AcDbCircle
 10
2.1370079
 20
0.6350394
 30
0.0
 40
0.0099055
  0
CIRCLE
  5
BB
330
1F
100
AcDbEntity
  8
Top Solder
100
AcDbCircle
 10
2.1389764
 20
0.603937
 30
0.0
 40
0.0099055
  0
CIRCLE
  5
BC
330
1F
100
AcDbEntity
  8
Top Solder
100
AcDbCircle
 10
2.0925197
 20
0.5724409
 30
0.0
 40
0.0099055
  0
CIRCLE
  5
BD
330
1F
100
AcDbEntity
  8
Top Solder
100
AcDbCircle
 10
2.0626212
 20
0.5743978
 30
0.0
 40
0.0099055
  0
CIRCLE
  5
BE
330
1F
100
AcDbEntity
  8
Top Solder
100
AcDbCircle
 10
2.0212598
 20
0.6094488
 30
0.0
 40
0.0099055
  0
CIRCLE
  5
BF
330
1F
100
AcDbEntity
  8
Top Solder
100
AcDbCircle
 10
2.0208661
 20
0.6417323
 30
0.0
 40
0.0099055
  0
CIRCLE
  5
C0
330
1F
100
AcDbEntity
  8
Top Solder
100
AcDbCircle
 10
1.0418224
 20
1.4589676
 30
0.0
 40
0.0099055
  0
CIRCLE
  5
C1
330
1F
100
AcDbEntity
  8
Top Solder
100
AcDbCircle
 10
1.0425197
 20
1.4791339
 30
0.0
 40
0.0099055
  0
CIRCLE
  5
C2
330
1F
100
AcDbEntity
  8
Top Solder
100
AcDbCircle
 10
1.026378
 20
1.4413386
 30
0.0
 40
0.0099055
  0
CIRCLE
  5
C3
330
1F
100
AcDbEntity
  8
Top Solder
100
AcDbCircle
 10
1.0411851
 20
1.4248858
 30
0.0
 40
0.0099055
  0
CIRCLE
  5
C4
330
1F
100
AcDbEntity
  8
Top Solder
100
AcDbCircle
 10
0.9862205
 20
1.2204724
 30
0.0
 40
0.0099055
  0
CIRCLE
  5
C5
330
1F
100
AcDbEntity
  8
Top Solder
100
AcDbCircle
 10
0.9562992
 20
1.2496063
 30
0.0
 40
0.0099055
  0
CIRCLE
  5
C6
330
1F
100
AcDbEntity
  8
Top Solder
100
AcDbCircle
 10
0.9543307
 20
1.2677165
 30
0.0
 40
0.0099055
  0
CIRCLE
  5
C7
330
1F
100
AcDbEntity
  8
Top Solder
100
AcDbCircle
 10
1.6423488
 20
0.9940604
 30
0.0
 40
0.0099055
  0
CIRCLE
  5
C8
330
1F
100
AcDbEntity
  8
Top Solder
100
AcDbCircle
 10
1.6112478
 20
0.9899632
 30
0.0
 40
0.0099055
  0
CIRCLE
  5
C9
330
1F
100
AcDbEntity
  8
Top Solder
100
AcDbCircle
 10
1.5795276
 20
0.9877953
 30
0.0
 40
0.0099055
  0
CIRCLE
  5
CA
330
1F
100
AcDbEntity
  8
Top Solder
100
AcDbCircle
 10
1.7602362
 20
0.4688976
 30
0.0
 40
0.0099055
  0
CIRCLE
  5
CB
330
1F
100
AcDbEntity
  8
Top Solder
100
AcDbCircle
 10
1.759311
 20
0.4331384
 30
0.0
 40
0.0099055
  0
CIRCLE
  5
CC
330
1F
100
AcDbEntity
  8
Top Solder
100
AcDbCircle
 10
1.6667323
 20
0.3950788
 30
0.0
 40
0.0099055
  0
CIRCLE
  5
CD
330
1F
100
AcDbEntity
  8
Top Solder
100
AcDbCircle
 10
1.6404055
 20
0.388189
 30
0.0
 40
0.0099055
  0
CIRCLE
  5
CE
330
1F
100
AcDbEntity
  8
Top Solder
100
AcDbCircle
 10
1.4870079
 20
0.4035433
 30
0.0
 40
0.0099055
  0
CIRCLE
  5
CF
330
1F
100
AcDbEntity
  8
Top Solder
100
AcDbCircle
 10
1.3062992
 20
0.407874
 30
0.0
 40
0.0099055
  0
CIRCLE
  5
D0
330
1F
100
AcDbEntity
  8
Top Solder
100
AcDbCircle
 10
1.3145669
 20
0.3846457
 30
0.0
 40
0.0099055
  0
CIRCLE
  5
D1
330
1F
100
AcDbEntity
  8
Top Solder
100
AcDbCircle
 10
0.8346457
 20
0.4968504
 30
0.0
 40
0.0099055
  0
CIRCLE
  5
D2
330
1F
100
AcDbEntity
  8
Top Solder
100
AcDbCircle
 10
0.8338583
 20
0.4334646
 30
0.0
 40
0.0099055
  0
CIRCLE
  5
D3
330
1F
100
AcDbEntity
  8
Top Solder
100
AcDbCircle
 10
0.8326772
 20
0.4645669
 30
0.0
 40
0.0099055
  0
CIRCLE
  5
D4
330
1F
100
AcDbEntity
  8
Top Solder
100
AcDbCircle
 10
0.6204724
 20
0.5169291
 30
0.0
 40
0.0099055
  0
CIRCLE
  5
D5
330
1F
100
AcDbEntity
  8
Top Solder
100
AcDbCircle
 10
0.6178642
 20
0.4901474
 30
0.0
 40
0.0099055
  0
CIRCLE
  5
D6
330
1F
100
AcDbEntity
  8
Top Solder
100
AcDbCircle
 10
0.6169112
 20
0.4367852
 30
0.0
 40
0.0099055
  0
CIRCLE
  5
D7
330
1F
100
AcDbEntity
  8
Top Solder
100
AcDbCircle
 10
0.5940945
 20
0.4594488
 30
0.0
 40
0.0099055
  0
CIRCLE
  5
D8
330
1F
100
AcDbEntity
  8
Top Solder
100
AcDbCircle
 10
0.7476378
 20
0.6330709
 30
0.0
 40
0.0099055
  0
CIRCLE
  5
D9
330
1F
100
AcDbEntity
  8
Top Solder
100
AcDbCircle
 10
0.7956693
 20
0.6275591
 30
0.0
 40
0.0099055
  0
CIRCLE
  5
DA
330
1F
100
AcDbEntity
  8
Top Solder
100
AcDbCircle
 10
0.7185039
 20
0.8031496
 30
0.0
 40
0.0099055
  0
CIRCLE
  5
DB
330
1F
100
AcDbEntity
  8
Top Solder
100
AcDbCircle
 10
0.7444882
 20
0.7799213
 30
0.0
 40
0.0099055
  0
CIRCLE
  5
DC
330
1F
100
AcDbEntity
  8
Top Solder
100
AcDbCircle
 10
0.7649606
 20
0.8070866
 30
0.0
 40
0.0099055
  0
CIRCLE
  5
DD
330
1F
100
AcDbEntity
  8
Top Solder
100
AcDbCircle
 10
0.7413386
 20
0.8527559
 30
0.0
 40
0.0099055
  0
CIRCLE
  5
DE
330
1F
100
AcDbEntity
  8
Top Solder
100
AcDbCircle
 10
0.646063
 20
1.0224409
 30
0.0
 40
0.0099055
  0
CIRCLE
  5
DF
330
1F
100
AcDbEntity
  8
Top Solder
100
AcDbCircle
 10
0.6255906
 20
1.0909449
 30
0.0
 40
0.0099055
  0
CIRCLE
  5
E0
330
1F
100
AcDbEntity
  8
Top Solder
100
AcDbCircle
 10
0.6468504
 20
1.1051181
 30
0.0
 40
0.0099055
  0
CIRCLE
  5
E1
330
1F
100
AcDbEntity
  8
Top Solder
100
AcDbCircle
 10
0.6251969
 20
1.0314961
 30
0.0
 40
0.0099055
  0
CIRCLE
  5
E2
330
1F
100
AcDbEntity
  8
Top Solder
100
AcDbCircle
 10
0.5149606
 20
1.3318898
 30
0.0
 40
0.0099055
  0
CIRCLE
  5
E3
330
1F
100
AcDbEntity
  8
Top Solder
100
AcDbCircle
 10
0.592126
 20
1.2858268
 30
0.0
 40
0.0099055
  0
CIRCLE
  5
E4
330
1F
100
AcDbEntity
  8
Top Solder
100
AcDbCircle
 10
0.5251969
 20
1.0129921
 30
0.0
 40
0.0099055
  0
CIRCLE
  5
E5
330
1F
100
AcDbEntity
  8
Top Solder
100
AcDbCircle
 10
0.5251969
 20
1.2133858
 30
0.0
 40
0.0099055
  0
CIRCLE
  5
E6
330
1F
100
AcDbEntity
  8
Top Solder
100
AcDbCircle
 10
0.4633858
 20
1.2153543
 30
0.0
 40
0.0099055
  0
CIRCLE
  5
E7
330
1F
100
AcDbEntity
  8
Top Solder
100
AcDbCircle
 10
0.3988189
 20
1.2149606
 30
0.0
 40
0.0099055
  0
CIRCLE
  5
E8
330
1F
100
AcDbEntity
  8
Top Solder
100
AcDbCircle
 10
0.3346457
 20
1.211811
 30
0.0
 40
0.0099055
  0
CIRCLE
  5
E9
330
1F
100
AcDbEntity
  8
Top Solder
100
AcDbCircle
 10
0.3354331
 20
1.0102362
 30
0.0
 40
0.0099055
  0
CIRCLE
  5
EA
330
1F
100
AcDbEntity
  8
Top Solder
100
AcDbCircle
 10
0.3984252
 20
1.0098425
 30
0.0
 40
0.0099055
  0
CIRCLE
  5
EB
330
1F
100
AcDbEntity
  8
Top Solder
100
AcDbCircle
 10
0.4637795
 20
1.0094488
 30
0.0
 40
0.0099055
  0
CIRCLE
  5
EC
330
1F
100
AcDbEntity
  8
Top Solder
100
AcDbCircle
 10
0.5258696
 20
1.0769108
 30
0.0
 40
0.0099055
  0
CIRCLE
  5
ED
330
1F
100
AcDbEntity
  8
Top Solder
100
AcDbCircle
 10
0.4629921
 20
1.0779528
 30
0.0
 40
0.0099055
  0
CIRCLE
  5
EE
330
1F
100
AcDbEntity
  8
Top Solder
100
AcDbCircle
 10
0.3988189
 20
1.0771654
 30
0.0
 40
0.0099055
  0
CIRCLE
  5
EF
330
1F
100
AcDbEntity
  8
Top Solder
100
AcDbCircle
 10
0.3389764
 20
1.0783465
 30
0.0
 40
0.0099055
  0
CIRCLE
  5
F0
330
1F
100
AcDbEntity
  8
Top Solder
100
AcDbCircle
 10
0.5212598
 20
1.1464567
 30
0.0
 40
0.0099055
  0
CIRCLE
  5
F1
330
1F
100
AcDbEntity
  8
Top Solder
100
AcDbCircle
 10
0.461811
 20
1.1472441
 30
0.0
 40
0.0099055
  0
CIRCLE
  5
F2
330
1F
100
AcDbEntity
  8
Top Solder
100
AcDbCircle
 10
0.4
 20
1.1464567
 30
0.0
 40
0.0099055
  0
CIRCLE
  5
F3
330
1F
100
AcDbEntity
  8
Top Solder
100
AcDbCircle
 10
0.3417323
 20
1.1472441
 30
0.0
 40
0.0099055
  0
CIRCLE
  5
F4
330
1F
100
AcDbEntity
  8
Top Solder
100
AcDbCircle
 10
0.4783465
 20
1.5169291
 30
0.0
 40
0.0099055
  0
CIRCLE
  5
F5
330
1F
100
AcDbEntity
  8
Top Solder
100
AcDbCircle
 10
0.5291339
 20
1.6629921
 30
0.0
 40
0.0099055
  0
CIRCLE
  5
F6
330
1F
100
AcDbEntity
  8
Top Solder
100
AcDbCircle
 10
0.1795276
 20
1.3818898
 30
0.0
 40
0.0099055
  0
CIRCLE
  5
F7
330
1F
100
AcDbEntity
  8
Top Solder
100
AcDbCircle
 10
0.6838583
 20
1.5850393
 30
0.0
 40
0.0099055
  0
CIRCLE
  5
F8
330
1F
100
AcDbEntity
  8
Top Solder
100
AcDbCircle
 10
0.7145669
 20
1.5929134
 30
0.0
 40
0.0099055
  0
CIRCLE
  5
F9
330
1F
100
AcDbEntity
  8
Top Solder
100
AcDbCircle
 10
0.646063
 20
1.6047244
 30
0.0
 40
0.0099055
  0
CIRCLE
  5
FA
330
1F
100
AcDbEntity
  8
Top Solder
100
AcDbCircle
 10
0.7468504
 20
1.6232284
 30
0.0
 40
0.0099055
  0
CIRCLE
  5
FB
330
1F
100
AcDbEntity
  8
Top Solder
100
AcDbCircle
 10
0.2169291
 20
1.0408733
 30
0.0
 40
0.0099055
  0
CIRCLE
  5
FC
330
1F
100
AcDbEntity
  8
Top Solder
100
AcDbCircle
 10
0.2169291
 20
0.9750179
 30
0.0
 40
0.0099055
  0
CIRCLE
  5
FD
330
1F
100
AcDbEntity
  8
Top Solder
100
AcDbCircle
 10
0.2169291
 20
0.9420902
 30
0.0
 40
0.0099055
  0
CIRCLE
  5
FE
330
1F
100
AcDbEntity
  8
Top Solder
100
AcDbCircle
 10
0.2169291
 20
0.8433071
 30
0.0
 40
0.0099055
  0
CIRCLE
  5
FF
330
1F
100
AcDbEntity
  8
Top Solder
100
AcDbCircle
 10
0.2169291
 20
1.1725841
 30
0.0
 40
0.0099055
  0
CIRCLE
  5
100
330
1F
100
AcDbEntity
  8
Top Solder
100
AcDbCircle
 10
0.2169291
 20
0.9091625
 30
0.0
 40
0.0099055
  0
CIRCLE
  5
101
330
1F
100
AcDbEntity
  8
Top Solder
100
AcDbCircle
 10
0.2169291
 20
1.073801
 30
0.0
 40
0.0099055
  0
CIRCLE
  5
102
330
1F
100
AcDbEntity
  8
Top Solder
100
AcDbCircle
 10
0.2169291
 20
1.1067287
 30
0.0
 40
0.0099055
  0
CIRCLE
  5
103
330
1F
100
AcDbEntity
  8
Top Solder
100
AcDbCircle
 10
0.2169291
 20
1.1396564
 30
0.0
 40
0.0099055
  0
CIRCLE
  5
104
330
1F
100
AcDbEntity
  8
Top Solder
100
AcDbCircle
 10
0.2169291
 20
1.0079456
 30
0.0
 40
0.0099055
  0
CIRCLE
  5
105
330
1F
100
AcDbEntity
  8
Top Solder
100
AcDbCircle
 10
0.2169291
 20
0.8762348
 30
0.0
 40
0.0099055
  0
CIRCLE
  5
106
330
1F
100
AcDbEntity
  8
Top Solder
100
AcDbCircle
 10
0.2169291
 20
1.2055118
 30
0.0
 40
0.0099055
  0
CIRCLE
  5
107
330
1F
100
AcDbEntity
  8
Top Solder
100
AcDbCircle
 10
0.6590551
 20
1.4271654
 30
0.0
 40
0.0099055
  0
CIRCLE
  5
108
330
1F
100
AcDbEntity
  8
Top Solder
100
AcDbCircle
 10
0.6456693
 20
1.8437008
 30
0.0
 40
0.0099055
  0
CIRCLE
  5
109
330
1F
100
AcDbEntity
  8
Top Solder
100
AcDbCircle
 10
0.2204724
 20
1.4574803
 30
0.0
 40
0.0099055
  0
CIRCLE
  5
10A
330
1F
100
AcDbEntity
  8
Top Solder
100
AcDbCircle
 10
0.2377953
 20
1.3110236
 30
0.0
 40
0.0099055
  0
CIRCLE
  5
10B
330
1F
100
AcDbEntity
  8
Top Solder
100
AcDbCircle
 10
0.3507874
 20
1.3874016
 30
0.0
 40
0.0099055
  0
CIRCLE
  5
10C
330
1F
100
AcDbEntity
  8
Top Solder
100
AcDbCircle
 10
0.5173228
 20
1.8877953
 30
0.0
 40
0.0099055
  0
CIRCLE
  5
10D
330
1F
100
AcDbEntity
  8
Top Solder
100
AcDbCircle
 10
0.4642772
 20
1.9248465
 30
0.0
 40
0.0099055
  0
CIRCLE
  5
10E
330
1F
100
AcDbEntity
  8
Top Solder
100
AcDbCircle
 10
0.5268228
 20
1.9556929
 30
0.0
 40
0.0099055
  0
CIRCLE
  5
10F
330
1F
100
AcDbEntity
  8
Top Solder
100
AcDbCircle
 10
0.2555118
 20
1.9299212
 30
0.0
 40
0.0099055
  0
CIRCLE
  5
110
330
1F
100
AcDbEntity
  8
Top Solder
100
AcDbCircle
 10
0.2862205
 20
1.9301203
 30
0.0
 40
0.0099055
  0
CIRCLE
  5
111
330
1F
100
AcDbEntity
  8
Top Solder
100
AcDbCircle
 10
0.9811024
 20
1.85
 30
0.0
 40
0.0099055
  0
CIRCLE
  5
112
330
1F
100
AcDbEntity
  8
Top Solder
100
AcDbCircle
 10
1.0822835
 20
1.9153543
 30
0.0
 40
0.0099055
  0
CIRCLE
  5
113
330
1F
100
AcDbEntity
  8
Top Solder
100
AcDbCircle
 10
0.4814961
 20
2.1846457
 30
0.0
 40
0.0099055
  0
CIRCLE
  5
114
330
1F
100
AcDbEntity
  8
Top Solder
100
AcDbCircle
 10
0.4248031
 20
2.1826772
 30
0.0
 40
0.0099055
  0
CIRCLE
  5
115
330
1F
100
AcDbEntity
  8
Top Solder
100
AcDbCircle
 10
2.3850394
 20
1.1413386
 30
0.0
 40
0.0099055
  0
CIRCLE
  5
116
330
1F
100
AcDbEntity
  8
Top Solder
100
AcDbCircle
 10
2.3027559
 20
1.1429134
 30
0.0
 40
0.0099055
  0
CIRCLE
  5
117
330
1F
100
AcDbEntity
  8
Top Solder
100
AcDbCircle
 10
2.0673228
 20
0.4826772
 30
0.0
 40
0.0099055
  0
CIRCLE
  5
118
330
1F
100
AcDbEntity
  8
Top Solder
100
AcDbCircle
 10
2.3716535
 20
1.0629921
 30
0.0
 40
0.0099055
  0
CIRCLE
  5
119
330
1F
100
AcDbEntity
  8
Top Solder
100
AcDbCircle
 10
2.284252
 20
1.1070866
 30
0.0
 40
0.0099055
  0
CIRCLE
  5
11A
330
1F
100
AcDbEntity
  8
Top Solder
100
AcDbCircle
 10
2.1712598
 20
0.8669291
 30
0.0
 40
0.0099055
  0
CIRCLE
  5
11B
330
1F
100
AcDbEntity
  8
Top Solder
100
AcDbCircle
 10
2.2224409
 20
0.8669291
 30
0.0
 40
0.0099055
  0
CIRCLE
  5
11C
330
1F
100
AcDbEntity
  8
Top Solder
100
AcDbCircle
 10
2.4606299
 20
0.6775591
 30
0.0
 40
0.0099055
  0
CIRCLE
  5
11D
330
1F
100
AcDbEntity
  8
Top Solder
100
AcDbCircle
 10
2.4783465
 20
0.6783465
 30
0.0
 40
0.0099055
  0
CIRCLE
  5
11E
330
1F
100
AcDbEntity
  8
Top Solder
100
AcDbCircle
 10
2.4976378
 20
0.6779528
 30
0.0
 40
0.0099055
  0
CIRCLE
  5
11F
330
1F
100
AcDbEntity
  8
Top Solder
100
AcDbCircle
 10
0.8259843
 20
0.3661417
 30
0.0
 40
0.0099055
  0
CIRCLE
  5
120
330
1F
100
AcDbEntity
  8
Top Solder
100
AcDbCircle
 10
1.4637795
 20
0.3862205
 30
0.0
 40
0.0099055
  0
CIRCLE
  5
121
330
1F
100
AcDbEntity
  8
Top Solder
100
AcDbCircle
 10
1.3665354
 20
0.3170866
 30
0.0
 40
0.0099055
  0
CIRCLE
  5
122
330
1F
100
AcDbEntity
  8
Top Solder
100
AcDbCircle
 10
2.0677165
 20
0.4566929
 30
0.0
 40
0.0099055
  0
CIRCLE
  5
123
330
1F
100
AcDbEntity
  8
Top Solder
100
AcDbCircle
 10
2.3633858
 20
0.4275591
 30
0.0
 40
0.0099055
  0
CIRCLE
  5
124
330
1F
100
AcDbEntity
  8
Top Solder
100
AcDbCircle
 10
0.8704724
 20
0.938189
 30
0.0
 40
0.0099055
  0
CIRCLE
  5
125
330
1F
100
AcDbEntity
  8
Top Solder
100
AcDbCircle
 10
0.8704724
 20
0.9610236
 30
0.0
 40
0.0099055
  0
CIRCLE
  5
126
330
1F
100
AcDbEntity
  8
Top Solder
100
AcDbCircle
 10
0.7950104
 20
2.449286
 30
0.0
 40
0.0099055
  0
CIRCLE
  5
127
330
1F
100
AcDbEntity
  8
Top Solder
100
AcDbCircle
 10
0.7702756
 20
2.4496063
 30
0.0
 40
0.0099055
  0
CIRCLE
  5
128
330
1F
100
AcDbEntity
  8
Top Solder
100
AcDbCircle
 10
0.2976378
 20
2.1637795
 30
0.0
 40
0.0099055
  0
CIRCLE
  5
129
330
1F
100
AcDbEntity
  8
Top Solder
100
AcDbCircle
 10
0.1188976
 20
2.1637795
 30
0.0
 40
0.0099055
  0
CIRCLE
  5
12A
330
1F
100
AcDbEntity
  8
Top Solder
100
AcDbCircle
 10
0.8082677
 20
2.0098425
 30
0.0
 40
0.0099055
  0
CIRCLE
  5
12B
330
1F
100
AcDbEntity
  8
Top Solder
100
AcDbCircle
 10
0.8641732
 20
2.0102362
 30
0.0
 40
0.0099055
  0
CIRCLE
  5
12C
330
1F
100
AcDbEntity
  8
Top Solder
100
AcDbCircle
 10
0.8436957
 20
2.0102362
 30
0.0
 40
0.0099055
  0
CIRCLE
  5
12D
330
1F
100
AcDbEntity
  8
Top Solder
100
AcDbCircle
 10
0.8278847
 20
2.0102362
 30
0.0
 40
0.0099055
  0
CIRCLE
  5
12E
330
1F
100
AcDbEntity
  8
Top Solder
100
AcDbCircle
 10
0.7334646
 20
1.7622047
 30
0.0
 40
0.0099055
  0
CIRCLE
  5
12F
330
1F
100
AcDbEntity
  8
Top Solder
100
AcDbCircle
 10
0.7334646
 20
1.7110236
 30
0.0
 40
0.0099055
  0
CIRCLE
  5
130
330
1F
100
AcDbEntity
  8
Top Solder
100
AcDbCircle
 10
0.1374016
 20
1.5385827
 30
0.0
 40
0.0099055
  0
CIRCLE
  5
131
330
1F
100
AcDbEntity
  8
Top Solder
100
AcDbCircle
 10
0.1366299
 20
1.5724409
 30
0.0
 40
0.0099055
  0
CIRCLE
  5
132
330
1F
100
AcDbEntity
  8
Top Solder
100
AcDbCircle
 10
0.8889764
 20
1.1614173
 30
0.0
 40
0.0099055
  0
CIRCLE
  5
133
330
1F
100
AcDbEntity
  8
Top Solder
100
AcDbCircle
 10
0.8661417
 20
1.161811
 30
0.0
 40
0.0099055
  0
CIRCLE
  5
134
330
1F
100
AcDbEntity
  8
Top Solder
100
AcDbCircle
 10
0.3858268
 20
0.5003937
 30
0.0
 40
0.0099055
  0
CIRCLE
  5
135
330
1F
100
AcDbEntity
  8
Top Solder
100
AcDbCircle
 10
0.3641732
 20
0.4692913
 30
0.0
 40
0.0099055
  0
CIRCLE
  5
136
330
1F
100
AcDbEntity
  8
Top Solder
100
AcDbCircle
 10
0.6267717
 20
0.680315
 30
0.0
 40
0.0099055
  0
CIRCLE
  5
137
330
1F
100
AcDbEntity
  8
Top Solder
100
AcDbCircle
 10
0.6255906
 20
0.7141732
 30
0.0
 40
0.0099055
  0
CIRCLE
  5
138
330
1F
100
AcDbEntity
  8
Top Solder
100
AcDbCircle
 10
0.6043307
 20
0.7015748
 30
0.0
 40
0.0099055
  0
CIRCLE
  5
139
330
1F
100
AcDbEntity
  8
Top Solder
100
AcDbCircle
 10
0.6027559
 20
0.7370079
 30
0.0
 40
0.0099055
  0
CIRCLE
  5
13A
330
1F
100
AcDbEntity
  8
Top Solder
100
AcDbCircle
 10
0.5822835
 20
0.7582677
 30
0.0
 40
0.0099055
  0
CIRCLE
  5
13B
330
1F
100
AcDbEntity
  8
Top Solder
100
AcDbCircle
 10
0.5571946
 20
0.7695432
 30
0.0
 40
0.0099055
  0
CIRCLE
  5
13C
330
1F
100
AcDbEntity
  8
Top Solder
100
AcDbCircle
 10
0.5275591
 20
0.7681102
 30
0.0
 40
0.0099055
  0
CIRCLE
  5
13D
330
1F
100
AcDbEntity
  8
Top Solder
100
AcDbCircle
 10
0.4992126
 20
0.7665354
 30
0.0
 40
0.0099055
  0
CIRCLE
  5
13E
330
1F
100
AcDbEntity
  8
Top Solder
100
AcDbCircle
 10
0.4988189
 20
0.7314961
 30
0.0
 40
0.0099055
  0
CIRCLE
  5
13F
330
1F
100
AcDbEntity
  8
Top Solder
100
AcDbCircle
 10
0.5814961
 20
0.7311024
 30
0.0
 40
0.0099055
  0
CIRCLE
  5
140
330
1F
100
AcDbEntity
  8
Top Solder
100
AcDbCircle
 10
0.5543307
 20
0.7322835
 30
0.0
 40
0.0099055
  0
CIRCLE
  5
141
330
1F
100
AcDbEntity
  8
Top Solder
100
AcDbCircle
 10
0.5251969
 20
0.7322835
 30
0.0
 40
0.0099055
  0
CIRCLE
  5
142
330
1F
100
AcDbEntity
  8
Top Solder
100
AcDbCircle
 10
0.411811
 20
0.7677165
 30
0.0
 40
0.0099055
  0
CIRCLE
  5
143
330
1F
100
AcDbEntity
  8
Top Solder
100
AcDbCircle
 10
0.4259843
 20
0.75
 30
0.0
 40
0.0099055
  0
CIRCLE
  5
144
330
1F
100
AcDbEntity
  8
Top Solder
100
AcDbCircle
 10
0.4082677
 20
0.75
 30
0.0
 40
0.0099055
  0
CIRCLE
  5
145
330
1F
100
AcDbEntity
  8
Top Solder
100
AcDbCircle
 10
0.4259843
 20
0.7295276
 30
0.0
 40
0.0099055
  0
CIRCLE
  5
146
330
1F
100
AcDbEntity
  8
Top Solder
100
AcDbCircle
 10
0.4070866
 20
0.7295276
 30
0.0
 40
0.0099055
  0
CIRCLE
  5
147
330
1F
100
AcDbEntity
  8
Top Solder
100
AcDbCircle
 10
0.8397638
 20
1.3102362
 30
0.0
 40
0.0099055
  0
CIRCLE
  5
148
330
1F
100
AcDbEntity
  8
Top Solder
100
AcDbCircle
 10
0.788189
 20
0.5503937
 30
0.0
 40
0.0099055
  0
CIRCLE
  5
149
330
1F
100
AcDbEntity
  8
Top Solder
100
AcDbCircle
 10
0.6740157
 20
0.9669291
 30
0.0
 40
0.0099055
  0
CIRCLE
  5
14A
330
1F
100
AcDbEntity
  8
Top Solder
100
AcDbCircle
 10
0.7354331
 20
0.9669291
 30
0.0
 40
0.0099055
  0
CIRCLE
  5
14B
330
1F
100
AcDbEntity
  8
Top Solder
100
AcDbCircle
 10
0.7033782
 20
0.966929
 30
0.0
 40
0.0099055
  0
CIRCLE
  5
14C
330
1F
100
AcDbEntity
  8
Top Solder
100
AcDbCircle
 10
0.7354331
 20
0.9267717
 30
0.0
 40
0.0099055
  0
CIRCLE
  5
14D
330
1F
100
AcDbEntity
  8
Top Solder
100
AcDbCircle
 10
0.7047244
 20
0.9267717
 30
0.0
 40
0.0099055
  0
CIRCLE
  5
14E
330
1F
100
AcDbEntity
  8
Top Solder
100
AcDbCircle
 10
0.6740157
 20
0.9267717
 30
0.0
 40
0.0099055
  0
CIRCLE
  5
14F
330
1F
100
AcDbEntity
  8
Top Solder
100
AcDbCircle
 10
0.7354331
 20
0.9468504
 30
0.0
 40
0.0099055
  0
CIRCLE
  5
150
330
1F
100
AcDbEntity
  8
Top Solder
100
AcDbCircle
 10
0.6740157
 20
0.9468504
 30
0.0
 40
0.0099055
  0
CIRCLE
  5
151
330
1F
100
AcDbEntity
  8
Top Solder
100
AcDbCircle
 10
0.7047244
 20
0.9468504
 30
0.0
 40
0.0099055
  0
CIRCLE
  5
152
330
1F
100
AcDbEntity
  8
Top Solder
100
AcDbCircle
 10
0.6027558
 20
0.3937007
 30
0.0
 40
0.0099055
  0
CIRCLE
  5
153
330
1F
100
AcDbEntity
  8
Top Solder
100
AcDbCircle
 10
0.6027558
 20
0.3649606
 30
0.0
 40
0.0099055
  0
CIRCLE
  5
154
330
1F
100
AcDbEntity
  8
Top Solder
100
AcDbCircle
 10
0.6027558
 20
0.3362205
 30
0.0
 40
0.0099055
  0
CIRCLE
  5
155
330
1F
100
AcDbEntity
  8
Top Solder
100
AcDbCircle
 10
0.5476378
 20
0.3362205
 30
0.0
 40
0.0099055
  0
CIRCLE
  5
156
330
1F
100
AcDbEntity
  8
Top Solder
100
AcDbCircle
 10
0.5476378
 20
0.3649606
 30
0.0
 40
0.0099055
  0
CIRCLE
  5
157
330
1F
100
AcDbEntity
  8
Top Solder
100
AcDbCircle
 10
0.5476378
 20
0.3937007
 30
0.0
 40
0.0099055
  0
CIRCLE
  5
158
330
1F
100
AcDbEntity
  8
Top Solder
100
AcDbCircle
 10
0.5751968
 20
0.3362205
 30
0.0
 40
0.0099055
  0
CIRCLE
  5
159
330
1F
100
AcDbEntity
  8
Top Solder
100
AcDbCircle
 10
0.5751968
 20
0.3937007
 30
0.0
 40
0.0099055
  0
CIRCLE
  5
15A
330
1F
100
AcDbEntity
  8
Top Solder
100
AcDbCircle
 10
0.5751968
 20
0.3649606
 30
0.0
 40
0.0099055
  0
CIRCLE
  5
15B
330
1F
100
AcDbEntity
  8
Top Solder
100
AcDbCircle
 10
0.7937008
 20
0.884252
 30
0.0
 40
0.0099055
  0
CIRCLE
  5
15C
330
1F
100
AcDbEntity
  8
Top Solder
100
AcDbCircle
 10
0.8051181
 20
1.3
 30
0.0
 40
0.0099055
  0
CIRCLE
  5
15D
330
1F
100
AcDbEntity
  8
Top Solder
100
AcDbCircle
 10
0.9330709
 20
0.3007874
 30
0.0
 40
0.0099055
  0
CIRCLE
  5
15E
330
1F
100
AcDbEntity
  8
Top Solder
100
AcDbCircle
 10
0.9003937
 20
0.2862205
 30
0.0
 40
0.0099055
  0
CIRCLE
  5
15F
330
1F
100
AcDbEntity
  8
Top Solder
100
AcDbCircle
 10
1.5665354
 20
0.2433701
 30
0.0
 40
0.0099055
  0
CIRCLE
  5
160
330
1F
100
AcDbEntity
  8
Top Solder
100
AcDbCircle
 10
1.2665354
 20
0.3289921
 30
0.0
 40
0.0099055
  0
CIRCLE
  5
161
330
1F
100
AcDbEntity
  8
Top Solder
100
AcDbCircle
 10
1.5181102
 20
0.3170866
 30
0.0
 40
0.0099055
  0
CIRCLE
  5
162
330
1F
100
AcDbEntity
  8
Top Solder
100
AcDbCircle
 10
1.0188976
 20
0.3170866
 30
0.0
 40
0.0099055
  0
CIRCLE
  5
163
330
1F
100
AcDbEntity
  8
Top Solder
100
AcDbCircle
 10
1.4700787
 20
0.2566929
 30
0.0
 40
0.0099055
  0
CIRCLE
  5
164
330
1F
100
AcDbEntity
  8
Top Solder
100
AcDbCircle
 10
1.2216535
 20
0.2585162
 30
0.0
 40
0.0099055
  0
CIRCLE
  5
165
330
1F
100
AcDbEntity
  8
Top Solder
100
AcDbCircle
 10
1.1240157
 20
1.2208661
 30
0.0
 40
0.0099055
  0
CIRCLE
  5
166
330
1F
100
AcDbEntity
  8
Top Solder
100
AcDbCircle
 10
0.746063
 20
2.2952756
 30
0.0
 40
0.0099055
  0
CIRCLE
  5
167
330
1F
100
AcDbEntity
  8
Top Solder
100
AcDbCircle
 10
2.0933071
 20
0.4153543
 30
0.0
 40
0.0099055
  0
CIRCLE
  5
168
330
1F
100
AcDbEntity
  8
Top Solder
100
AcDbCircle
 10
2.1456693
 20
0.3110236
 30
0.0
 40
0.0099055
  0
CIRCLE
  5
169
330
1F
100
AcDbEntity
  8
Top Solder
100
AcDbCircle
 10
1.9996063
 20
0.3047244
 30
0.0
 40
0.0099055
  0
CIRCLE
  5
16A
330
1F
100
AcDbEntity
  8
Top Solder
100
AcDbCircle
 10
1.9507874
 20
0.3043307
 30
0.0
 40
0.0099055
  0
CIRCLE
  5
16B
330
1F
100
AcDbEntity
  8
Top Solder
100
AcDbCircle
 10
1.9877953
 20
0.3480315
 30
0.0
 40
0.0099055
  0
CIRCLE
  5
16C
330
1F
100
AcDbEntity
  8
Top Solder
100
AcDbCircle
 10
2.3555118
 20
0.9535433
 30
0.0
 40
0.0099055
  0
CIRCLE
  5
16D
330
1F
100
AcDbEntity
  8
Top Solder
100
AcDbCircle
 10
1.946063
 20
0.9326772
 30
0.0
 40
0.0099055
  0
CIRCLE
  5
16E
330
1F
100
AcDbEntity
  8
Top Solder
100
AcDbCircle
 10
0.2787402
 20
1.3106299
 30
0.0
 40
0.0099055
  0
CIRCLE
  5
16F
330
1F
100
AcDbEntity
  8
Top Solder
100
AcDbCircle
 10
0.6043307
 20
1.1748031
 30
0.0
 40
0.0099055
  0
CIRCLE
  5
170
330
1F
100
AcDbEntity
  8
Top Solder
100
AcDbCircle
 10
0.6035433
 20
1.2027559
 30
0.0
 40
0.0099055
  0
CIRCLE
  5
171
330
1F
100
AcDbEntity
  8
Top Solder
100
AcDbCircle
 10
0.330315
 20
1.6074803
 30
0.0
 40
0.0099055
  0
CIRCLE
  5
172
330
1F
100
AcDbEntity
  8
Top Solder
100
AcDbCircle
 10
0.3314961
 20
1.5086614
 30
0.0
 40
0.0099055
  0
CIRCLE
  5
173
330
1F
100
AcDbEntity
  8
Top Solder
100
AcDbCircle
 10
0.3307087
 20
1.557874
 30
0.0
 40
0.0099055
  0
CIRCLE
  5
174
330
1F
100
AcDbEntity
  8
Top Solder
100
AcDbCircle
 10
0.876378
 20
1.2208661
 30
0.0
 40
0.0099055
  0
CIRCLE
  5
175
330
1F
100
AcDbEntity
  8
Top Solder
100
AcDbCircle
 10
0.807874
 20
1.330315
 30
0.0
 40
0.0099055
  0
CIRCLE
  5
176
330
1F
100
AcDbEntity
  8
Top Solder
100
AcDbCircle
 10
0.6370079
 20
1.896063
 30
0.0
 40
0.0099055
  0
CIRCLE
  5
177
330
1F
100
AcDbEntity
  8
Top Solder
100
AcDbCircle
 10
0.9346457
 20
1.7066929
 30
0.0
 40
0.0099055
  0
CIRCLE
  5
178
330
1F
100
AcDbEntity
  8
Top Solder
100
AcDbCircle
 10
1.7606249
 20
1.6212598
 30
0.0
 40
0.0099055
  0
CIRCLE
  5
179
330
1F
100
AcDbEntity
  8
Top Solder
100
AcDbCircle
 10
1.7448139
 20
1.6212598
 30
0.0
 40
0.0099055
  0
CIRCLE
  5
17A
330
1F
100
AcDbEntity
  8
Top Solder
100
AcDbCircle
 10
0.8456693
 20
0.2492126
 30
0.0
 40
0.0099055
  0
CIRCLE
  5
17B
330
1F
100
AcDbEntity
  8
Top Solder
100
AcDbCircle
 10
0.923622
 20
0.2581732
 30
0.0
 40
0.0099055
  0
CIRCLE
  5
17C
330
1F
100
AcDbEntity
  8
Top Solder
100
AcDbCircle
 10
0.6570866
 20
1.4700788
 30
0.0
 40
0.0099055
  0
CIRCLE
  5
17D
330
1F
100
AcDbEntity
  8
Top Solder
100
AcDbCircle
 10
0.7468504
 20
1.6515748
 30
0.0
 40
0.0099055
  0
CIRCLE
  5
17E
330
1F
100
AcDbEntity
  8
Top Solder
100
AcDbCircle
 10
0.6433071
 20
1.5590551
 30
0.0
 40
0.0099055
  0
CIRCLE
  5
17F
330
1F
100
AcDbEntity
  8
Top Solder
100
AcDbCircle
 10
0.6472441
 20
1.7318898
 30
0.0
 40
0.0099055
  0
CIRCLE
  5
180
330
1F
100
AcDbEntity
  8
Top Solder
100
AcDbCircle
 10
1.0346457
 20
0.5169291
 30
0.0
 40
0.0099055
  0
CIRCLE
  5
181
330
1F
100
AcDbEntity
  8
Top Solder
100
AcDbCircle
 10
0.9531496
 20
0.5645669
 30
0.0
 40
0.0099055
  0
CIRCLE
  5
182
330
1F
100
AcDbEntity
  8
Top Solder
100
AcDbCircle
 10
0.8661417
 20
0.5153543
 30
0.0
 40
0.0099055
  0
CIRCLE
  5
183
330
1F
100
AcDbEntity
  8
Top Solder
100
AcDbCircle
 10
0.9082677
 20
0.5149606
 30
0.0
 40
0.0099055
  0
CIRCLE
  5
184
330
1F
100
AcDbEntity
  8
Top Solder
100
AcDbCircle
 10
0.9496063
 20
0.5149606
 30
0.0
 40
0.0099055
  0
CIRCLE
  5
185
330
1F
100
AcDbEntity
  8
Top Solder
100
AcDbCircle
 10
0.9917323
 20
0.5161417
 30
0.0
 40
0.0099055
  0
CIRCLE
  5
186
330
1F
100
AcDbEntity
  8
Top Solder
100
AcDbCircle
 10
0.9212598
 20
0.3988189
 30
0.0
 40
0.0099055
  0
CIRCLE
  5
187
330
1F
100
AcDbEntity
  8
Top Solder
100
AcDbCircle
 10
0.8799213
 20
0.4133858
 30
0.0
 40
0.0099055
  0
CIRCLE
  5
188
330
1F
100
AcDbEntity
  8
Top Solder
100
AcDbCircle
 10
1.0015748
 20
0.4031496
 30
0.0
 40
0.0099055
  0
CIRCLE
  5
189
330
1F
100
AcDbEntity
  8
Top Solder
100
AcDbCircle
 10
1.0338583
 20
0.4106299
 30
0.0
 40
0.0099055
  0
CIRCLE
  5
18A
330
1F
100
AcDbEntity
  8
Top Solder
100
AcDbCircle
 10
1.0566929
 20
0.4102362
 30
0.0
 40
0.0099055
  0
CIRCLE
  5
18B
330
1F
100
AcDbEntity
  8
Top Solder
100
AcDbCircle
 10
1.0984252
 20
0.4110236
 30
0.0
 40
0.0099055
  0
CIRCLE
  5
18C
330
1F
100
AcDbEntity
  8
Top Solder
100
AcDbCircle
 10
0.7362205
 20
0.3397638
 30
0.0
 40
0.0099055
  0
CIRCLE
  5
18D
330
1F
100
AcDbEntity
  8
Top Solder
100
AcDbCircle
 10
0.7291339
 20
0.3866142
 30
0.0
 40
0.0099055
  0
CIRCLE
  5
18E
330
1F
100
AcDbEntity
  8
Top Solder
100
AcDbCircle
 10
0.7649606
 20
0.3874016
 30
0.0
 40
0.0099055
  0
CIRCLE
  5
18F
330
1F
100
AcDbEntity
  8
Top Solder
100
AcDbCircle
 10
0.746063
 20
0.4070866
 30
0.0
 40
0.0099055
  0
CIRCLE
  5
190
330
1F
100
AcDbEntity
  8
Top Solder
100
AcDbCircle
 10
0.6338583
 20
0.8173228
 30
0.0
 40
0.0099055
  0
CIRCLE
  5
191
330
1F
100
AcDbEntity
  8
Top Solder
100
AcDbCircle
 10
0.6464567
 20
0.8
 30
0.0
 40
0.0099055
  0
CIRCLE
  5
192
330
1F
100
AcDbEntity
  8
Top Solder
100
AcDbCircle
 10
0.6484252
 20
0.8204724
 30
0.0
 40
0.0099055
  0
CIRCLE
  5
193
330
1F
100
AcDbEntity
  8
Top Solder
100
AcDbCircle
 10
0.6444882
 20
0.7818898
 30
0.0
 40
0.0099055
  0
CIRCLE
  5
194
330
1F
100
AcDbEntity
  8
Top Solder
100
AcDbCircle
 10
0.6267717
 20
0.7826772
 30
0.0
 40
0.0099055
  0
CIRCLE
  5
195
330
1F
100
AcDbEntity
  8
Top Solder
100
AcDbCircle
 10
0.6255906
 20
0.8007874
 30
0.0
 40
0.0099055
  0
CIRCLE
  5
196
330
1F
100
AcDbEntity
  8
Top Solder
100
AcDbCircle
 10
0.7637795
 20
0.4070866
 30
0.0
 40
0.0099055
  0
CIRCLE
  5
197
330
1F
100
AcDbEntity
  8
Top Solder
100
AcDbCircle
 10
0.7468504
 20
0.3874016
 30
0.0
 40
0.0099055
  0
CIRCLE
  5
198
330
1F
100
AcDbEntity
  8
Top Solder
100
AcDbCircle
 10
0.7287402
 20
0.4070866
 30
0.0
 40
0.0099055
  0
CIRCLE
  5
199
330
1F
100
AcDbEntity
  8
Top Solder
100
AcDbCircle
 10
0.3751969
 20
0.2362205
 30
0.0
 40
0.0099055
  0
CIRCLE
  5
19A
330
1F
100
AcDbEntity
  8
Top Solder
100
AcDbCircle
 10
0.4188976
 20
0.3405512
 30
0.0
 40
0.0099055
  0
CIRCLE
  5
19B
330
1F
100
AcDbEntity
  8
Top Solder
100
AcDbCircle
 10
0.2759843
 20
0.3425197
 30
0.0
 40
0.0138425
  0
TEXT
  5
19D
330
1F
100
AcDbEntity
  8
Top Overlay
100
AcDbText
 10
2.2984252
 20
2.2559055
 30
0.0
 40
0.0472441
  1
ETH
 50
270.0
  7
Arial_Bold
100
AcDbText
  0
TEXT
  5
19E
330
1F
100
AcDbEntity
  8
Top Overlay
100
AcDbText
 10
2.326378
 20
0.4874015
 30
0.0
 40
0.0472441
  1
H
 50
360.0
  7
Arial_Bold
100
AcDbText
  0
TEXT
  5
19F
330
1F
100
AcDbEntity
  8
Top Overlay
100
AcDbText
 10
2.2098425
 20
0.4874015
 30
0.0
 40
0.0472441
  1
L
 50
360.0
  7
Arial_Bold
100
AcDbText
  0
TEXT
  5
1A0
330
1F
100
AcDbEntity
  8
Top Overlay
100
AcDbText
 10
0.6187202
 20
2.2327623
 30
0.0
 40
0.0472441
  1
LED_USER
 50
360.0
  7
Arial_Bold
100
AcDbText
  0
TEXT
  5
1A1
330
1F
100
AcDbEntity
  8
Top Overlay
100
AcDbText
 10
1.9102362
 20
0.4748839
 30
0.0
 40
0.0472441
  1
LED_3V3
 50
360.0
  7
Arial_Bold
100
AcDbText
  0
TEXT
  5
1A2
330
1F
100
AcDbEntity
  8
Top Overlay
100
AcDbText
 10
1.8051181
 20
0.2316039
 30
0.0
 40
0.0472441
  1
DEBUG
 50
360.0
  7
Arial_Bold
100
AcDbText
  0
TEXT
  5
1A3
330
1F
100
AcDbEntity
  8
Top Overlay
100
AcDbText
 10
0.7791338
 20
0.2358513
 30
0.0
 40
0.0393701
  1
IO7
 50
360.0
  7
Arial_Bold
100
AcDbText
  0
TEXT
  5
1A4
330
1F
100
AcDbEntity
  8
Top Overlay
100
AcDbText
 10
0.771188
 20
0.2933071
 30
0.0
 40
0.0393701
  1
TXD
 50
360.0
  7
Arial_Bold
100
AcDbText
  0
TEXT
  5
1A5
330
1F
100
AcDbEntity
  8
Top Overlay
100
AcDbText
 10
0.9838823
 20
0.2937253
 30
0.0
 40
0.0393701
  1
IO1
 50
360.0
  7
Arial_Bold
100
AcDbText
  0
TEXT
  5
1A6
330
1F
100
AcDbEntity
  8
Top Overlay
100
AcDbText
 10
0.8748518
 20
0.2933071
 30
0.0
 40
0.0393701
  1
RXD
 50
360.0
  7
Arial_Bold
100
AcDbText
  0
TEXT
  5
1A7
330
1F
100
AcDbEntity
  8
Top Overlay
100
AcDbText
 10
1.2868224
 20
0.2937253
 30
0.0
 40
0.0393701
  1
IO5
 50
360.0
  7
Arial_Bold
100
AcDbText
  0
TEXT
  5
1A8
330
1F
100
AcDbEntity
  8
Top Overlay
100
AcDbText
 10
1.0779065
 20
0.2937253
 30
0.0
 40
0.0393701
  1
GND
 50
360.0
  7
Arial_Bold
100
AcDbText
  0
TEXT
  5
1A9
330
1F
100
AcDbEntity
  8
Top Overlay
100
AcDbText
 10
1.6720824
 20
0.2937253
 30
0.0
 40
0.0393701
  1
CE1
 50
360.0
  7
Arial_Bold
100
AcDbText
  0
TEXT
  5
1AA
330
1F
100
AcDbEntity
  8
Top Overlay
100
AcDbText
 10
1.3741622
 20
0.2937253
 30
0.0
 40
0.0393701
  1
GND
 50
360.0
  7
Arial_Bold
100
AcDbText
  0
TEXT
  5
1AB
330
1F
100
AcDbEntity
  8
Top Overlay
100
AcDbText
 10
1.5752305
 20
0.2937253
 30
0.0
 40
0.0393701
  1
CE0
 50
360.0
  7
Arial_Bold
100
AcDbText
  0
TEXT
  5
1AC
330
1F
100
AcDbEntity
  8
Top Overlay
100
AcDbText
 10
1.1866634
 20
0.2937253
 30
0.0
 40
0.0393701
  1
IO4
 50
360.0
  7
Arial_Bold
100
AcDbText
  0
TEXT
  5
1AD
330
1F
100
AcDbEntity
  8
Top Overlay
100
AcDbText
 10
1.4839155
 20
0.2937253
 30
0.0
 40
0.0393701
  1
IO6
 50
360.0
  7
Arial_Bold
100
AcDbText
  0
TEXT
  5
1AE
330
1F
100
AcDbEntity
  8
Top Overlay
100
AcDbText
 10
0.4862205
 20
0.2937253
 30
0.0
 40
0.0393701
  1
5V
 50
360.0
  7
Arial_Bold
100
AcDbText
  0
TEXT
  5
1AF
330
1F
100
AcDbEntity
  8
Top Overlay
100
AcDbText
 10
0.5795276
 20
0.2937253
 30
0.0
 40
0.0393701
  1
5V
 50
360.0
  7
Arial_Bold
100
AcDbText
  0
TEXT
  5
1B0
330
1F
100
AcDbEntity
  8
Top Overlay
100
AcDbText
 10
0.6622047
 20
0.275615
 30
0.0
 40
0.0393701
  1
GND
 50
360.0
  7
Arial_Bold
100
AcDbText
  0
TEXT
  5
1B1
330
1F
100
AcDbEntity
  8
Top Overlay
100
AcDbText
 10
0.9814961
 20
0.2358513
 30
0.0
 40
0.0393701
  1
IO0
 50
360.0
  7
Arial_Bold
100
AcDbText
  0
TEXT
  5
1B2
330
1F
100
AcDbEntity
  8
Top Overlay
100
AcDbText
 10
0.872441
 20
0.2358513
 30
0.0
 40
0.0393701
  1
GND
 50
360.0
  7
Arial_Bold
100
AcDbText
  0
TEXT
  5
1B3
330
1F
100
AcDbEntity
  8
Top Overlay
100
AcDbText
 10
1.1866142
 20
0.2358513
 30
0.0
 40
0.0393701
  1
IO3
 50
360.0
  7
Arial_Bold
100
AcDbText
  0
TEXT
  5
1B4
330
1F
100
AcDbEntity
  8
Top Overlay
100
AcDbText
 10
1.4669292
 20
0.2359005
 30
0.0
 40
0.0393701
  1
MISO
 50
360.0
  7
Arial_Bold
100
AcDbText
  0
TEXT
  5
1B5
330
1F
100
AcDbEntity
  8
Top Overlay
100
AcDbText
 10
1.3692914
 20
0.2359005
 30
0.0
 40
0.0393701
  1
MOSI
 50
360.0
  7
Arial_Bold
100
AcDbText
  0
TEXT
  5
1B6
330
1F
100
AcDbEntity
  8
Top Overlay
100
AcDbText
 10
1.2830709
 20
0.2358513
 30
0.0
 40
0.0393701
  1
3V3
 50
360.0
  7
Arial_Bold
100
AcDbText
  0
TEXT
  5
1B7
330
1F
100
AcDbEntity
  8
Top Overlay
100
AcDbText
 10
1.5625984
 20
0.2359005
 30
0.0
 40
0.0393701
  1
SCLK
 50
360.0
  7
Arial_Bold
100
AcDbText
  0
TEXT
  5
1B8
330
1F
100
AcDbEntity
  8
Top Overlay
100
AcDbText
 10
1.0893701
 20
0.2358513
 30
0.0
 40
0.0393701
  1
IO2
 50
360.0
  7
Arial_Bold
100
AcDbText
  0
TEXT
  5
1B9
330
1F
100
AcDbEntity
  8
Top Overlay
100
AcDbText
 10
1.6649607
 20
0.2358513
 30
0.0
 40
0.0393701
  1
GND
 50
360.0
  7
Arial_Bold
100
AcDbText
  0
TEXT
  5
1BA
330
1F
100
AcDbEntity
  8
Top Overlay
100
AcDbText
 10
0.4771062
 20
0.2358513
 30
0.0
 40
0.0393701
  1
3V3
 50
360.0
  7
Arial_Bold
100
AcDbText
  0
TEXT
  5
1BB
330
1F
100
AcDbEntity
  8
Top Overlay
100
AcDbText
 10
0.5647676
 20
0.2359005
 30
0.0
 40
0.0393701
  1
SDA
 50
360.0
  7
Arial_Bold
100
AcDbText
  0
TEXT
  5
1BC
330
1F
100
AcDbEntity
  8
Top Overlay
100
AcDbText
 10
0.6677166
 20
0.2359005
 30
0.0
 40
0.0393701
  1
SCL
 50
360.0
  7
Arial_Bold
100
AcDbText
  0
TEXT
  5
1BD
330
1F
100
AcDbEntity
  8
Top Overlay
100
AcDbText
 10
1.0818997
 20
2.4029528
 30
0.0
 40
0.0472441
  1
USB_Device
 50
270.0
  7
Arial_Bold
100
AcDbText
  0
TEXT
  5
1BE
330
1F
100
AcDbEntity
  8
Top Overlay
100
AcDbText
 10
1.5174037
 20
2.3757098
 30
0.0
 40
0.0472441
  1
USB_HOST
 50
270.0
  7
Arial_Bold
100
AcDbText
  0
TEXT
  5
1BF
330
1F
100
AcDbEntity
  8
Top Overlay
100
AcDbText
 10
0.2897638
 20
0.3816039
 30
0.0
 40
0.0472441
  1
GND
 50
360.0
  7
Arial_Bold
100
AcDbText
  0
TEXT
  5
1C0
330
1F
100
AcDbEntity
  8
Top Overlay
100
AcDbText
 10
0.2889764
 20
0.4879031
 30
0.0
 40
0.0472441
  1
CANL
 50
360.0
  7
Arial_Bold
100
AcDbText
  0
TEXT
  5
1C1
330
1F
100
AcDbEntity
  8
Top Overlay
100
AcDbText
 10
2.1923329
 20
0.9435709
 30
0.0
 40
0.0472441
  1
DCI
 50
270.0
  7
Arial_Bold
100
AcDbText
  0
TEXT
  5
1C2
330
1F
100
AcDbEntity
  8
Top Overlay
100
AcDbText
 10
0.2870079
 20
0.6402653
 30
0.0
 40
0.0472441
  1
CANH
 50
360.0
  7
Arial_Bold
100
AcDbText
  0
TEXT
  5
1C3
330
1F
100
AcDbEntity
  8
Top Overlay
100
AcDbText
 10
2.4489989
 20
0.945933
 30
0.0
 40
0.0472441
  1
MIPI_LCD
 50
270.0
  7
Arial_Bold
100
AcDbText
  0
LINE
  5
1C4
330
1F
100
AcDbEntity
  8
Multi-Layer
100
AcDbLine
 10
2.4212599
 20
2.3582678
 30
0.0
 11
2.4212599
 21
2.3582678
 31
0.0
  0
LINE
  5
1C5
330
1F
100
AcDbEntity
  8
Multi-Layer
100
AcDbLine
 10
2.4212599
 20
2.3582678
 30
0.0
 11
2.4150557
 21
2.3582678
 31
0.0
  0
LINE
  5
1C6
330
1F
100
AcDbEntity
  8
Multi-Layer
100
AcDbLine
 10
2.4150557
 20
2.3582678
 30
0.0
 11
2.4028857
 21
2.3606885
 31
0.0
  0
LINE
  5
1C7
330
1F
100
AcDbEntity
  8
Multi-Layer
100
AcDbLine
 10
2.4028857
 20
2.3606885
 30
0.0
 11
2.3914219
 21
2.365437
 31
0.0
  0
LINE
  5
1C8
330
1F
100
AcDbEntity
  8
Multi-Layer
100
AcDbLine
 10
2.3914219
 20
2.365437
 30
0.0
 11
2.3811047
 21
2.3723307
 31
0.0
  0
LINE
  5
1C9
330
1F
100
AcDbEntity
  8
Multi-Layer
100
AcDbLine
 10
2.3811047
 20
2.3723307
 30
0.0
 11
2.3723307
 21
2.3811047
 31
0.0
  0
LINE
  5
1CA
330
1F
100
AcDbEntity
  8
Multi-Layer
100
AcDbLine
 10
2.3723307
 20
2.3811047
 30
0.0
 11
2.365437
 21
2.3914219
 31
0.0
  0
LINE
  5
1CB
330
1F
100
AcDbEntity
  8
Multi-Layer
100
AcDbLine
 10
2.365437
 20
2.3914219
 30
0.0
 11
2.3606885
 21
2.4028857
 31
0.0
  0
LINE
  5
1CC
330
1F
100
AcDbEntity
  8
Multi-Layer
100
AcDbLine
 10
2.3606885
 20
2.4028857
 30
0.0
 11
2.3582678
 21
2.4150557
 31
0.0
  0
LINE
  5
1CD
330
1F
100
AcDbEntity
  8
Multi-Layer
100
AcDbLine
 10
2.3582678
 20
2.4150557
 30
0.0
 11
2.3582678
 21
2.4212599
 31
0.0
  0
LINE
  5
1CE
330
1F
100
AcDbEntity
  8
Multi-Layer
100
AcDbLine
 10
2.3582678
 20
2.4212599
 30
0.0
 11
2.3582678
 21
2.427464
 31
0.0
  0
LINE
  5
1CF
330
1F
100
AcDbEntity
  8
Multi-Layer
100
AcDbLine
 10
2.3582678
 20
2.427464
 30
0.0
 11
2.3606885
 21
2.439634
 31
0.0
  0
LINE
  5
1D0
330
1F
100
AcDbEntity
  8
Multi-Layer
100
AcDbLine
 10
2.3606885
 20
2.439634
 30
0.0
 11
2.365437
 21
2.4510978
 31
0.0
  0
LINE
  5
1D1
330
1F
100
AcDbEntity
  8
Multi-Layer
100
AcDbLine
 10
2.365437
 20
2.4510978
 30
0.0
 11
2.3723307
 21
2.461415
 31
0.0
  0
LINE
  5
1D2
330
1F
100
AcDbEntity
  8
Multi-Layer
100
AcDbLine
 10
2.3723307
 20
2.461415
 30
0.0
 11
2.3811047
 21
2.470189
 31
0.0
  0
LINE
  5
1D3
330
1F
100
AcDbEntity
  8
Multi-Layer
100
AcDbLine
 10
2.3811047
 20
2.470189
 30
0.0
 11
2.3914219
 21
2.4770827
 31
0.0
  0
LINE
  5
1D4
330
1F
100
AcDbEntity
  8
Multi-Layer
100
AcDbLine
 10
2.3914219
 20
2.4770827
 30
0.0
 11
2.4028857
 21
2.4818312
 31
0.0
  0
LINE
  5
1D5
330
1F
100
AcDbEntity
  8
Multi-Layer
100
AcDbLine
 10
2.4028857
 20
2.4818312
 30
0.0
 11
2.4150557
 21
2.484252
 31
0.0
  0
LINE
  5
1D6
330
1F
100
AcDbEntity
  8
Multi-Layer
100
AcDbLine
 10
2.4150557
 20
2.484252
 30
0.0
 11
2.4212599
 21
2.484252
 31
0.0
  0
LINE
  5
1D7
330
1F
100
AcDbEntity
  8
Multi-Layer
100
AcDbLine
 10
2.4212599
 20
2.484252
 30
0.0
 11
2.427464
 21
2.484252
 31
0.0
  0
LINE
  5
1D8
330
1F
100
AcDbEntity
  8
Multi-Layer
100
AcDbLine
 10
2.427464
 20
2.484252
 30
0.0
 11
2.439634
 21
2.4818312
 31
0.0
  0
LINE
  5
1D9
330
1F
100
AcDbEntity
  8
Multi-Layer
100
AcDbLine
 10
2.439634
 20
2.4818312
 30
0.0
 11
2.4510978
 21
2.4770827
 31
0.0
  0
LINE
  5
1DA
330
1F
100
AcDbEntity
  8
Multi-Layer
100
AcDbLine
 10
2.4510978
 20
2.4770827
 30
0.0
 11
2.461415
 21
2.470189
 31
0.0
  0
LINE
  5
1DB
330
1F
100
AcDbEntity
  8
Multi-Layer
100
AcDbLine
 10
2.461415
 20
2.470189
 30
0.0
 11
2.470189
 21
2.461415
 31
0.0
  0
LINE
  5
1DC
330
1F
100
AcDbEntity
  8
Multi-Layer
100
AcDbLine
 10
2.470189
 20
2.461415
 30
0.0
 11
2.4770827
 21
2.4510978
 31
0.0
  0
LINE
  5
1DD
330
1F
100
AcDbEntity
  8
Multi-Layer
100
AcDbLine
 10
2.4770827
 20
2.4510978
 30
0.0
 11
2.4818312
 21
2.439634
 31
0.0
  0
LINE
  5
1DE
330
1F
100
AcDbEntity
  8
Multi-Layer
100
AcDbLine
 10
2.4818312
 20
2.439634
 30
0.0
 11
2.484252
 21
2.427464
 31
0.0
  0
LINE
  5
1DF
330
1F
100
AcDbEntity
  8
Multi-Layer
100
AcDbLine
 10
2.484252
 20
2.427464
 30
0.0
 11
2.484252
 21
2.4212599
 31
0.0
  0
LINE
  5
1E0
330
1F
100
AcDbEntity
  8
Multi-Layer
100
AcDbLine
 10
2.484252
 20
2.4212599
 30
0.0
 11
2.484252
 21
2.4150557
 31
0.0
  0
LINE
  5
1E1
330
1F
100
AcDbEntity
  8
Multi-Layer
100
AcDbLine
 10
2.484252
 20
2.4150557
 30
0.0
 11
2.4818312
 21
2.4028857
 31
0.0
  0
LINE
  5
1E2
330
1F
100
AcDbEntity
  8
Multi-Layer
100
AcDbLine
 10
2.4818312
 20
2.4028857
 30
0.0
 11
2.4770827
 21
2.3914219
 31
0.0
  0
LINE
  5
1E3
330
1F
100
AcDbEntity
  8
Multi-Layer
100
AcDbLine
 10
2.4770827
 20
2.3914219
 30
0.0
 11
2.470189
 21
2.3811047
 31
0.0
  0
LINE
  5
1E4
330
1F
100
AcDbEntity
  8
Multi-Layer
100
AcDbLine
 10
2.470189
 20
2.3811047
 30
0.0
 11
2.461415
 21
2.3723307
 31
0.0
  0
LINE
  5
1E5
330
1F
100
AcDbEntity
  8
Multi-Layer
100
AcDbLine
 10
2.461415
 20
2.3723307
 30
0.0
 11
2.4510978
 21
2.365437
 31
0.0
  0
LINE
  5
1E6
330
1F
100
AcDbEntity
  8
Multi-Layer
100
AcDbLine
 10
2.4510978
 20
2.365437
 30
0.0
 11
2.439634
 21
2.3606885
 31
0.0
  0
LINE
  5
1E7
330
1F
100
AcDbEntity
  8
Multi-Layer
100
AcDbLine
 10
2.439634
 20
2.3606885
 30
0.0
 11
2.427464
 21
2.3582678
 31
0.0
  0
LINE
  5
1E8
330
1F
100
AcDbEntity
  8
Multi-Layer
100
AcDbLine
 10
2.427464
 20
2.3582678
 30
0.0
 11
2.4212599
 21
2.3582678
 31
0.0
  0
LINE
  5
1E9
330
1F
100
AcDbEntity
  8
Multi-Layer
100
AcDbLine
 10
2.3582678
 20
0.1377953
 30
0.0
 11
2.3582678
 21
0.1377953
 31
0.0
  0
LINE
  5
1EA
330
1F
100
AcDbEntity
  8
Multi-Layer
100
AcDbLine
 10
2.3582678
 20
0.1377953
 30
0.0
 11
2.3582678
 21
0.1315911
 31
0.0
  0
LINE
  5
1EB
330
1F
100
AcDbEntity
  8
Multi-Layer
100
AcDbLine
 10
2.3582678
 20
0.1315911
 30
0.0
 11
2.3606885
 21
0.1194211
 31
0.0
  0
LINE
  5
1EC
330
1F
100
AcDbEntity
  8
Multi-Layer
100
AcDbLine
 10
2.3606885
 20
0.1194211
 30
0.0
 11
2.365437
 21
0.1079573
 31
0.0
  0
LINE
  5
1ED
330
1F
100
AcDbEntity
  8
Multi-Layer
100
AcDbLine
 10
2.365437
 20
0.1079573
 30
0.0
 11
2.3723307
 21
0.0976401
 31
0.0
  0
LINE
  5
1EE
330
1F
100
AcDbEntity
  8
Multi-Layer
100
AcDbLine
 10
2.3723307
 20
0.0976401
 30
0.0
 11
2.3811047
 21
0.0888661
 31
0.0
  0
LINE
  5
1EF
330
1F
100
AcDbEntity
  8
Multi-Layer
100
AcDbLine
 10
2.3811047
 20
0.0888661
 30
0.0
 11
2.3914219
 21
0.0819724
 31
0.0
  0
LINE
  5
1F0
330
1F
100
AcDbEntity
  8
Multi-Layer
100
AcDbLine
 10
2.3914219
 20
0.0819724
 30
0.0
 11
2.4028857
 21
0.0772239
 31
0.0
  0
LINE
  5
1F1
330
1F
100
AcDbEntity
  8
Multi-Layer
100
AcDbLine
 10
2.4028857
 20
0.0772239
 30
0.0
 11
2.4150557
 21
0.0748032
 31
0.0
  0
LINE
  5
1F2
330
1F
100
AcDbEntity
  8
Multi-Layer
100
AcDbLine
 10
2.4150557
 20
0.0748032
 30
0.0
 11
2.4212599
 21
0.0748032
 31
0.0
  0
LINE
  5
1F3
330
1F
100
AcDbEntity
  8
Multi-Layer
100
AcDbLine
 10
2.4212599
 20
0.0748032
 30
0.0
 11
2.427464
 21
0.0748032
 31
0.0
  0
LINE
  5
1F4
330
1F
100
AcDbEntity
  8
Multi-Layer
100
AcDbLine
 10
2.427464
 20
0.0748032
 30
0.0
 11
2.439634
 21
0.0772239
 31
0.0
  0
LINE
  5
1F5
330
1F
100
AcDbEntity
  8
Multi-Layer
100
AcDbLine
 10
2.439634
 20
0.0772239
 30
0.0
 11
2.4510978
 21
0.0819724
 31
0.0
  0
LINE
  5
1F6
330
1F
100
AcDbEntity
  8
Multi-Layer
100
AcDbLine
 10
2.4510978
 20
0.0819724
 30
0.0
 11
2.461415
 21
0.0888661
 31
0.0
  0
LINE
  5
1F7
330
1F
100
AcDbEntity
  8
Multi-Layer
100
AcDbLine
 10
2.461415
 20
0.0888661
 30
0.0
 11
2.470189
 21
0.0976401
 31
0.0
  0
LINE
  5
1F8
330
1F
100
AcDbEntity
  8
Multi-Layer
100
AcDbLine
 10
2.470189
 20
0.0976401
 30
0.0
 11
2.4770827
 21
0.1079573
 31
0.0
  0
LINE
  5
1F9
330
1F
100
AcDbEntity
  8
Multi-Layer
100
AcDbLine
 10
2.4770827
 20
0.1079573
 30
0.0
 11
2.4818312
 21
0.1194211
 31
0.0
  0
LINE
  5
1FA
330
1F
100
AcDbEntity
  8
Multi-Layer
100
AcDbLine
 10
2.4818312
 20
0.1194211
 30
0.0
 11
2.484252
 21
0.1315911
 31
0.0
  0
LINE
  5
1FB
330
1F
100
AcDbEntity
  8
Multi-Layer
100
AcDbLine
 10
2.484252
 20
0.1315911
 30
0.0
 11
2.484252
 21
0.1377953
 31
0.0
  0
LINE
  5
1FC
330
1F
100
AcDbEntity
  8
Multi-Layer
100
AcDbLine
 10
2.484252
 20
0.1377953
 30
0.0
 11
2.484252
 21
0.1439994
 31
0.0
  0
LINE
  5
1FD
330
1F
100
AcDbEntity
  8
Multi-Layer
100
AcDbLine
 10
2.484252
 20
0.1439994
 30
0.0
 11
2.4818312
 21
0.1561694
 31
0.0
  0
LINE
  5
1FE
330
1F
100
AcDbEntity
  8
Multi-Layer
100
AcDbLine
 10
2.4818312
 20
0.1561694
 30
0.0
 11
2.4770827
 21
0.1676332
 31
0.0
  0
LINE
  5
1FF
330
1F
100
AcDbEntity
  8
Multi-Layer
100
AcDbLine
 10
2.4770827
 20
0.1676332
 30
0.0
 11
2.470189
 21
0.1779504
 31
0.0
  0
LINE
  5
200
330
1F
100
AcDbEntity
  8
Multi-Layer
100
AcDbLine
 10
2.470189
 20
0.1779504
 30
0.0
 11
2.461415
 21
0.1867244
 31
0.0
  0
LINE
  5
201
330
1F
100
AcDbEntity
  8
Multi-Layer
100
AcDbLine
 10
2.461415
 20
0.1867244
 30
0.0
 11
2.4510978
 21
0.1936181
 31
0.0
  0
LINE
  5
202
330
1F
100
AcDbEntity
  8
Multi-Layer
100
AcDbLine
 10
2.4510978
 20
0.1936181
 30
0.0
 11
2.439634
 21
0.1983666
 31
0.0
  0
LINE
  5
203
330
1F
100
AcDbEntity
  8
Multi-Layer
100
AcDbLine
 10
2.439634
 20
0.1983666
 30
0.0
 11
2.427464
 21
0.2007874
 31
0.0
  0
LINE
  5
204
330
1F
100
AcDbEntity
  8
Multi-Layer
100
AcDbLine
 10
2.427464
 20
0.2007874
 30
0.0
 11
2.4212599
 21
0.2007874
 31
0.0
  0
LINE
  5
205
330
1F
100
AcDbEntity
  8
Multi-Layer
100
AcDbLine
 10
2.4212599
 20
0.2007874
 30
0.0
 11
2.4150557
 21
0.2007874
 31
0.0
  0
LINE
  5
206
330
1F
100
AcDbEntity
  8
Multi-Layer
100
AcDbLine
 10
2.4150557
 20
0.2007874
 30
0.0
 11
2.4028857
 21
0.1983666
 31
0.0
  0
LINE
  5
207
330
1F
100
AcDbEntity
  8
Multi-Layer
100
AcDbLine
 10
2.4028857
 20
0.1983666
 30
0.0
 11
2.3914219
 21
0.1936181
 31
0.0
  0
LINE
  5
208
330
1F
100
AcDbEntity
  8
Multi-Layer
100
AcDbLine
 10
2.3914219
 20
0.1936181
 30
0.0
 11
2.3811047
 21
0.1867244
 31
0.0
  0
LINE
  5
209
330
1F
100
AcDbEntity
  8
Multi-Layer
100
AcDbLine
 10
2.3811047
 20
0.1867244
 30
0.0
 11
2.3723307
 21
0.1779504
 31
0.0
  0
LINE
  5
20A
330
1F
100
AcDbEntity
  8
Multi-Layer
100
AcDbLine
 10
2.3723307
 20
0.1779504
 30
0.0
 11
2.365437
 21
0.1676332
 31
0.0
  0
LINE
  5
20B
330
1F
100
AcDbEntity
  8
Multi-Layer
100
AcDbLine
 10
2.365437
 20
0.1676332
 30
0.0
 11
2.3606885
 21
0.1561694
 31
0.0
  0
LINE
  5
20C
330
1F
100
AcDbEntity
  8
Multi-Layer
100
AcDbLine
 10
2.3606885
 20
0.1561694
 30
0.0
 11
2.3582678
 21
0.1439994
 31
0.0
  0
LINE
  5
20D
330
1F
100
AcDbEntity
  8
Multi-Layer
100
AcDbLine
 10
2.3582678
 20
0.1439994
 30
0.0
 11
2.3582678
 21
0.1377953
 31
0.0
  0
LINE
  5
20E
330
1F
100
AcDbEntity
  8
Multi-Layer
100
AcDbLine
 10
0.1377953
 20
0.0748032
 30
0.0
 11
0.1377953
 21
0.0748032
 31
0.0
  0
LINE
  5
20F
330
1F
100
AcDbEntity
  8
Multi-Layer
100
AcDbLine
 10
0.1377953
 20
0.0748032
 30
0.0
 11
0.1315911
 21
0.0748032
 31
0.0
  0
LINE
  5
210
330
1F
100
AcDbEntity
  8
Multi-Layer
100
AcDbLine
 10
0.1315911
 20
0.0748032
 30
0.0
 11
0.1194211
 21
0.0772239
 31
0.0
  0
LINE
  5
211
330
1F
100
AcDbEntity
  8
Multi-Layer
100
AcDbLine
 10
0.1194211
 20
0.0772239
 30
0.0
 11
0.1079573
 21
0.0819724
 31
0.0
  0
LINE
  5
212
330
1F
100
AcDbEntity
  8
Multi-Layer
100
AcDbLine
 10
0.1079573
 20
0.0819724
 30
0.0
 11
0.0976401
 21
0.0888661
 31
0.0
  0
LINE
  5
213
330
1F
100
AcDbEntity
  8
Multi-Layer
100
AcDbLine
 10
0.0976401
 20
0.0888661
 30
0.0
 11
0.0888661
 21
0.0976401
 31
0.0
  0
LINE
  5
214
330
1F
100
AcDbEntity
  8
Multi-Layer
100
AcDbLine
 10
0.0888661
 20
0.0976401
 30
0.0
 11
0.0819724
 21
0.1079573
 31
0.0
  0
LINE
  5
215
330
1F
100
AcDbEntity
  8
Multi-Layer
100
AcDbLine
 10
0.0819724
 20
0.1079573
 30
0.0
 11
0.0772239
 21
0.1194211
 31
0.0
  0
LINE
  5
216
330
1F
100
AcDbEntity
  8
Multi-Layer
100
AcDbLine
 10
0.0772239
 20
0.1194211
 30
0.0
 11
0.0748032
 21
0.1315911
 31
0.0
  0
LINE
  5
217
330
1F
100
AcDbEntity
  8
Multi-Layer
100
AcDbLine
 10
0.0748032
 20
0.1315911
 30
0.0
 11
0.0748032
 21
0.1377953
 31
0.0
  0
LINE
  5
218
330
1F
100
AcDbEntity
  8
Multi-Layer
100
AcDbLine
 10
0.0748032
 20
0.1377953
 30
0.0
 11
0.0748032
 21
0.1439994
 31
0.0
  0
LINE
  5
219
330
1F
100
AcDbEntity
  8
Multi-Layer
100
AcDbLine
 10
0.0748032
 20
0.1439994
 30
0.0
 11
0.0772239
 21
0.1561694
 31
0.0
  0
LINE
  5
21A
330
1F
100
AcDbEntity
  8
Multi-Layer
100
AcDbLine
 10
0.0772239
 20
0.1561694
 30
0.0
 11
0.0819724
 21
0.1676332
 31
0.0
  0
LINE
  5
21B
330
1F
100
AcDbEntity
  8
Multi-Layer
100
AcDbLine
 10
0.0819724
 20
0.1676332
 30
0.0
 11
0.0888661
 21
0.1779504
 31
0.0
  0
LINE
  5
21C
330
1F
100
AcDbEntity
  8
Multi-Layer
100
AcDbLine
 10
0.0888661
 20
0.1779504
 30
0.0
 11
0.0976401
 21
0.1867244
 31
0.0
  0
LINE
  5
21D
330
1F
100
AcDbEntity
  8
Multi-Layer
100
AcDbLine
 10
0.0976401
 20
0.1867244
 30
0.0
 11
0.1079573
 21
0.1936181
 31
0.0
  0
LINE
  5
21E
330
1F
100
AcDbEntity
  8
Multi-Layer
100
AcDbLine
 10
0.1079573
 20
0.1936181
 30
0.0
 11
0.1194211
 21
0.1983666
 31
0.0
  0
LINE
  5
21F
330
1F
100
AcDbEntity
  8
Multi-Layer
100
AcDbLine
 10
0.1194211
 20
0.1983666
 30
0.0
 11
0.1315911
 21
0.2007874
 31
0.0
  0
LINE
  5
220
330
1F
100
AcDbEntity
  8
Multi-Layer
100
AcDbLine
 10
0.1315911
 20
0.2007874
 30
0.0
 11
0.1377953
 21
0.2007874
 31
0.0
  0
LINE
  5
221
330
1F
100
AcDbEntity
  8
Multi-Layer
100
AcDbLine
 10
0.1377953
 20
0.2007874
 30
0.0
 11
0.1439994
 21
0.2007874
 31
0.0
  0
LINE
  5
222
330
1F
100
AcDbEntity
  8
Multi-Layer
100
AcDbLine
 10
0.1439994
 20
0.2007874
 30
0.0
 11
0.1561694
 21
0.1983666
 31
0.0
  0
LINE
  5
223
330
1F
100
AcDbEntity
  8
Multi-Layer
100
AcDbLine
 10
0.1561694
 20
0.1983666
 30
0.0
 11
0.1676332
 21
0.1936181
 31
0.0
  0
LINE
  5
224
330
1F
100
AcDbEntity
  8
Multi-Layer
100
AcDbLine
 10
0.1676332
 20
0.1936181
 30
0.0
 11
0.1779504
 21
0.1867244
 31
0.0
  0
LINE
  5
225
330
1F
100
AcDbEntity
  8
Multi-Layer
100
AcDbLine
 10
0.1779504
 20
0.1867244
 30
0.0
 11
0.1867244
 21
0.1779504
 31
0.0
  0
LINE
  5
226
330
1F
100
AcDbEntity
  8
Multi-Layer
100
AcDbLine
 10
0.1867244
 20
0.1779504
 30
0.0
 11
0.1936181
 21
0.1676332
 31
0.0
  0
LINE
  5
227
330
1F
100
AcDbEntity
  8
Multi-Layer
100
AcDbLine
 10
0.1936181
 20
0.1676332
 30
0.0
 11
0.1983666
 21
0.1561694
 31
0.0
  0
LINE
  5
228
330
1F
100
AcDbEntity
  8
Multi-Layer
100
AcDbLine
 10
0.1983666
 20
0.1561694
 30
0.0
 11
0.2007874
 21
0.1439994
 31
0.0
  0
LINE
  5
229
330
1F
100
AcDbEntity
  8
Multi-Layer
100
AcDbLine
 10
0.2007874
 20
0.1439994
 30
0.0
 11
0.2007874
 21
0.1377953
 31
0.0
  0
LINE
  5
22A
330
1F
100
AcDbEntity
  8
Multi-Layer
100
AcDbLine
 10
0.2007874
 20
0.1377953
 30
0.0
 11
0.2007874
 21
0.1315911
 31
0.0
  0
LINE
  5
22B
330
1F
100
AcDbEntity
  8
Multi-Layer
100
AcDbLine
 10
0.2007874
 20
0.1315911
 30
0.0
 11
0.1983666
 21
0.1194211
 31
0.0
  0
LINE
  5
22C
330
1F
100
AcDbEntity
  8
Multi-Layer
100
AcDbLine
 10
0.1983666
 20
0.1194211
 30
0.0
 11
0.1936181
 21
0.1079573
 31
0.0
  0
LINE
  5
22D
330
1F
100
AcDbEntity
  8
Multi-Layer
100
AcDbLine
 10
0.1936181
 20
0.1079573
 30
0.0
 11
0.1867244
 21
0.0976401
 31
0.0
  0
LINE
  5
22E
330
1F
100
AcDbEntity
  8
Multi-Layer
100
AcDbLine
 10
0.1867244
 20
0.0976401
 30
0.0
 11
0.1779504
 21
0.0888661
 31
0.0
  0
LINE
  5
22F
330
1F
100
AcDbEntity
  8
Multi-Layer
100
AcDbLine
 10
0.1779504
 20
0.0888661
 30
0.0
 11
0.1676332
 21
0.0819724
 31
0.0
  0
LINE
  5
230
330
1F
100
AcDbEntity
  8
Multi-Layer
100
AcDbLine
 10
0.1676332
 20
0.0819724
 30
0.0
 11
0.1561694
 21
0.0772239
 31
0.0
  0
LINE
  5
231
330
1F
100
AcDbEntity
  8
Multi-Layer
100
AcDbLine
 10
0.1561694
 20
0.0772239
 30
0.0
 11
0.1439994
 21
0.0748032
 31
0.0
  0
LINE
  5
232
330
1F
100
AcDbEntity
  8
Multi-Layer
100
AcDbLine
 10
0.1439994
 20
0.0748032
 30
0.0
 11
0.1377953
 21
0.0748032
 31
0.0
  0
LINE
  5
233
330
1F
100
AcDbEntity
  8
Multi-Layer
100
AcDbLine
 10
0.1377953
 20
2.3582678
 30
0.0
 11
0.1377953
 21
2.3582678
 31
0.0
  0
LINE
  5
234
330
1F
100
AcDbEntity
  8
Multi-Layer
100
AcDbLine
 10
0.1377953
 20
2.3582678
 30
0.0
 11
0.1315911
 21
2.3582678
 31
0.0
  0
LINE
  5
235
330
1F
100
AcDbEntity
  8
Multi-Layer
100
AcDbLine
 10
0.1315911
 20
2.3582678
 30
0.0
 11
0.1194211
 21
2.3606885
 31
0.0
  0
LINE
  5
236
330
1F
100
AcDbEntity
  8
Multi-Layer
100
AcDbLine
 10
0.1194211
 20
2.3606885
 30
0.0
 11
0.1079573
 21
2.365437
 31
0.0
  0
LINE
  5
237
330
1F
100
AcDbEntity
  8
Multi-Layer
100
AcDbLine
 10
0.1079573
 20
2.365437
 30
0.0
 11
0.0976401
 21
2.3723307
 31
0.0
  0
LINE
  5
238
330
1F
100
AcDbEntity
  8
Multi-Layer
100
AcDbLine
 10
0.0976401
 20
2.3723307
 30
0.0
 11
0.0888661
 21
2.3811047
 31
0.0
  0
LINE
  5
239
330
1F
100
AcDbEntity
  8
Multi-Layer
100
AcDbLine
 10
0.0888661
 20
2.3811047
 30
0.0
 11
0.0819724
 21
2.3914219
 31
0.0
  0
LINE
  5
23A
330
1F
100
AcDbEntity
  8
Multi-Layer
100
AcDbLine
 10
0.0819724
 20
2.3914219
 30
0.0
 11
0.0772239
 21
2.4028857
 31
0.0
  0
LINE
  5
23B
330
1F
100
AcDbEntity
  8
Multi-Layer
100
AcDbLine
 10
0.0772239
 20
2.4028857
 30
0.0
 11
0.0748032
 21
2.4150557
 31
0.0
  0
LINE
  5
23C
330
1F
100
AcDbEntity
  8
Multi-Layer
100
AcDbLine
 10
0.0748032
 20
2.4150557
 30
0.0
 11
0.0748032
 21
2.4212599
 31
0.0
  0
LINE
  5
23D
330
1F
100
AcDbEntity
  8
Multi-Layer
100
AcDbLine
 10
0.0748032
 20
2.4212599
 30
0.0
 11
0.0748032
 21
2.427464
 31
0.0
  0
LINE
  5
23E
330
1F
100
AcDbEntity
  8
Multi-Layer
100
AcDbLine
 10
0.0748032
 20
2.427464
 30
0.0
 11
0.0772239
 21
2.439634
 31
0.0
  0
LINE
  5
23F
330
1F
100
AcDbEntity
  8
Multi-Layer
100
AcDbLine
 10
0.0772239
 20
2.439634
 30
0.0
 11
0.0819724
 21
2.4510978
 31
0.0
  0
LINE
  5
240
330
1F
100
AcDbEntity
  8
Multi-Layer
100
AcDbLine
 10
0.0819724
 20
2.4510978
 30
0.0
 11
0.0888661
 21
2.461415
 31
0.0
  0
LINE
  5
241
330
1F
100
AcDbEntity
  8
Multi-Layer
100
AcDbLine
 10
0.0888661
 20
2.461415
 30
0.0
 11
0.0976401
 21
2.470189
 31
0.0
  0
LINE
  5
242
330
1F
100
AcDbEntity
  8
Multi-Layer
100
AcDbLine
 10
0.0976401
 20
2.470189
 30
0.0
 11
0.1079573
 21
2.4770827
 31
0.0
  0
LINE
  5
243
330
1F
100
AcDbEntity
  8
Multi-Layer
100
AcDbLine
 10
0.1079573
 20
2.4770827
 30
0.0
 11
0.1194211
 21
2.4818312
 31
0.0
  0
LINE
  5
244
330
1F
100
AcDbEntity
  8
Multi-Layer
100
AcDbLine
 10
0.1194211
 20
2.4818312
 30
0.0
 11
0.1315911
 21
2.484252
 31
0.0
  0
LINE
  5
245
330
1F
100
AcDbEntity
  8
Multi-Layer
100
AcDbLine
 10
0.1315911
 20
2.484252
 30
0.0
 11
0.1377953
 21
2.484252
 31
0.0
  0
LINE
  5
246
330
1F
100
AcDbEntity
  8
Multi-Layer
100
AcDbLine
 10
0.1377953
 20
2.484252
 30
0.0
 11
0.1439994
 21
2.484252
 31
0.0
  0
LINE
  5
247
330
1F
100
AcDbEntity
  8
Multi-Layer
100
AcDbLine
 10
0.1439994
 20
2.484252
 30
0.0
 11
0.1561694
 21
2.4818312
 31
0.0
  0
LINE
  5
248
330
1F
100
AcDbEntity
  8
Multi-Layer
100
AcDbLine
 10
0.1561694
 20
2.4818312
 30
0.0
 11
0.1676332
 21
2.4770827
 31
0.0
  0
LINE
  5
249
330
1F
100
AcDbEntity
  8
Multi-Layer
100
AcDbLine
 10
0.1676332
 20
2.4770827
 30
0.0
 11
0.1779504
 21
2.470189
 31
0.0
  0
LINE
  5
24A
330
1F
100
AcDbEntity
  8
Multi-Layer
100
AcDbLine
 10
0.1779504
 20
2.470189
 30
0.0
 11
0.1867244
 21
2.461415
 31
0.0
  0
LINE
  5
24B
330
1F
100
AcDbEntity
  8
Multi-Layer
100
AcDbLine
 10
0.1867244
 20
2.461415
 30
0.0
 11
0.1936181
 21
2.4510978
 31
0.0
  0
LINE
  5
24C
330
1F
100
AcDbEntity
  8
Multi-Layer
100
AcDbLine
 10
0.1936181
 20
2.4510978
 30
0.0
 11
0.1983666
 21
2.439634
 31
0.0
  0
LINE
  5
24D
330
1F
100
AcDbEntity
  8
Multi-Layer
100
AcDbLine
 10
0.1983666
 20
2.439634
 30
0.0
 11
0.2007874
 21
2.427464
 31
0.0
  0
LINE
  5
24E
330
1F
100
AcDbEntity
  8
Multi-Layer
100
AcDbLine
 10
0.2007874
 20
2.427464
 30
0.0
 11
0.2007874
 21
2.4212599
 31
0.0
  0
LINE
  5
24F
330
1F
100
AcDbEntity
  8
Multi-Layer
100
AcDbLine
 10
0.2007874
 20
2.4212599
 30
0.0
 11
0.2007874
 21
2.4150557
 31
0.0
  0
LINE
  5
250
330
1F
100
AcDbEntity
  8
Multi-Layer
100
AcDbLine
 10
0.2007874
 20
2.4150557
 30
0.0
 11
0.1983666
 21
2.4028857
 31
0.0
  0
LINE
  5
251
330
1F
100
AcDbEntity
  8
Multi-Layer
100
AcDbLine
 10
0.1983666
 20
2.4028857
 30
0.0
 11
0.1936181
 21
2.3914219
 31
0.0
  0
LINE
  5
252
330
1F
100
AcDbEntity
  8
Multi-Layer
100
AcDbLine
 10
0.1936181
 20
2.3914219
 30
0.0
 11
0.1867244
 21
2.3811047
 31
0.0
  0
LINE
  5
253
330
1F
100
AcDbEntity
  8
Multi-Layer
100
AcDbLine
 10
0.1867244
 20
2.3811047
 30
0.0
 11
0.1779504
 21
2.3723307
 31
0.0
  0
LINE
  5
254
330
1F
100
AcDbEntity
  8
Multi-Layer
100
AcDbLine
 10
0.1779504
 20
2.3723307
 30
0.0
 11
0.1676332
 21
2.365437
 31
0.0
  0
LINE
  5
255
330
1F
100
AcDbEntity
  8
Multi-Layer
100
AcDbLine
 10
0.1676332
 20
2.365437
 30
0.0
 11
0.1561694
 21
2.3606885
 31
0.0
  0
LINE
  5
256
330
1F
100
AcDbEntity
  8
Multi-Layer
100
AcDbLine
 10
0.1561694
 20
2.3606885
 30
0.0
 11
0.1439994
 21
2.3582678
 31
0.0
  0
LINE
  5
257
330
1F
100
AcDbEntity
  8
Multi-Layer
100
AcDbLine
 10
0.1439994
 20
2.3582678
 30
0.0
 11
0.1377953
 21
2.3582678
 31
0.0
  0
LINE
  5
258
330
1F
100
AcDbEntity
  8
Keep-Out Layer
100
AcDbLine
 10
2.4212599
 20
2.3228347
 30
0.0
 11
2.4212599
 21
2.3228347
 31
0.0
  0
LINE
  5
259
330
1F
100
AcDbEntity
  8
Keep-Out Layer
100
AcDbLine
 10
2.4212599
 20
2.3228347
 30
0.0
 11
2.4115658
 21
2.3228347
 31
0.0
  0
LINE
  5
25A
330
1F
100
AcDbEntity
  8
Keep-Out Layer
100
AcDbLine
 10
2.4115658
 20
2.3228347
 30
0.0
 11
2.3925503
 21
2.3266171
 31
0.0
  0
LINE
  5
25B
330
1F
100
AcDbEntity
  8
Keep-Out Layer
100
AcDbLine
 10
2.3925503
 20
2.3266171
 30
0.0
 11
2.374638
 21
2.3340366
 31
0.0
  0
LINE
  5
25C
330
1F
100
AcDbEntity
  8
Keep-Out Layer
100
AcDbLine
 10
2.374638
 20
2.3340366
 30
0.0
 11
2.3585174
 21
2.344808
 31
0.0
  0
LINE
  5
25D
330
1F
100
AcDbEntity
  8
Keep-Out Layer
100
AcDbLine
 10
2.3585174
 20
2.344808
 30
0.0
 11
2.344808
 21
2.3585174
 31
0.0
  0
LINE
  5
25E
330
1F
100
AcDbEntity
  8
Keep-Out Layer
100
AcDbLine
 10
2.344808
 20
2.3585174
 30
0.0
 11
2.3340366
 21
2.374638
 31
0.0
  0
LINE
  5
25F
330
1F
100
AcDbEntity
  8
Keep-Out Layer
100
AcDbLine
 10
2.3340366
 20
2.374638
 30
0.0
 11
2.3266171
 21
2.3925503
 31
0.0
  0
LINE
  5
260
330
1F
100
AcDbEntity
  8
Keep-Out Layer
100
AcDbLine
 10
2.3266171
 20
2.3925503
 30
0.0
 11
2.3228347
 21
2.4115658
 31
0.0
  0
LINE
  5
261
330
1F
100
AcDbEntity
  8
Keep-Out Layer
100
AcDbLine
 10
2.3228347
 20
2.4115658
 30
0.0
 11
2.3228347
 21
2.4212599
 31
0.0
  0
LINE
  5
262
330
1F
100
AcDbEntity
  8
Keep-Out Layer
100
AcDbLine
 10
2.3228347
 20
2.4212599
 30
0.0
 11
2.3228347
 21
2.4309539
 31
0.0
  0
LINE
  5
263
330
1F
100
AcDbEntity
  8
Keep-Out Layer
100
AcDbLine
 10
2.3228347
 20
2.4309539
 30
0.0
 11
2.3266171
 21
2.4499694
 31
0.0
  0
LINE
  5
264
330
1F
100
AcDbEntity
  8
Keep-Out Layer
100
AcDbLine
 10
2.3266171
 20
2.4499694
 30
0.0
 11
2.3340366
 21
2.4678817
 31
0.0
  0
LINE
  5
265
330
1F
100
AcDbEntity
  8
Keep-Out Layer
100
AcDbLine
 10
2.3340366
 20
2.4678817
 30
0.0
 11
2.344808
 21
2.4840023
 31
0.0
  0
LINE
  5
266
330
1F
100
AcDbEntity
  8
Keep-Out Layer
100
AcDbLine
 10
2.344808
 20
2.4840023
 30
0.0
 11
2.3585174
 21
2.4977117
 31
0.0
  0
LINE
  5
267
330
1F
100
AcDbEntity
  8
Keep-Out Layer
100
AcDbLine
 10
2.3585174
 20
2.4977117
 30
0.0
 11
2.374638
 21
2.5084831
 31
0.0
  0
LINE
  5
268
330
1F
100
AcDbEntity
  8
Keep-Out Layer
100
AcDbLine
 10
2.374638
 20
2.5084831
 30
0.0
 11
2.3925503
 21
2.5159026
 31
0.0
  0
LINE
  5
269
330
1F
100
AcDbEntity
  8
Keep-Out Layer
100
AcDbLine
 10
2.3925503
 20
2.5159026
 30
0.0
 11
2.4115658
 21
2.5196851
 31
0.0
  0
LINE
  5
26A
330
1F
100
AcDbEntity
  8
Keep-Out Layer
100
AcDbLine
 10
2.4115658
 20
2.5196851
 30
0.0
 11
2.4212599
 21
2.5196851
 31
0.0
  0
LINE
  5
26B
330
1F
100
AcDbEntity
  8
Keep-Out Layer
100
AcDbLine
 10
2.4212599
 20
2.5196851
 30
0.0
 11
2.4309539
 21
2.5196851
 31
0.0
  0
LINE
  5
26C
330
1F
100
AcDbEntity
  8
Keep-Out Layer
100
AcDbLine
 10
2.4309539
 20
2.5196851
 30
0.0
 11
2.4499694
 21
2.5159026
 31
0.0
  0
LINE
  5
26D
330
1F
100
AcDbEntity
  8
Keep-Out Layer
100
AcDbLine
 10
2.4499694
 20
2.5159026
 30
0.0
 11
2.4678817
 21
2.5084831
 31
0.0
  0
LINE
  5
26E
330
1F
100
AcDbEntity
  8
Keep-Out Layer
100
AcDbLine
 10
2.4678817
 20
2.5084831
 30
0.0
 11
2.4840023
 21
2.4977117
 31
0.0
  0
LINE
  5
26F
330
1F
100
AcDbEntity
  8
Keep-Out Layer
100
AcDbLine
 10
2.4840023
 20
2.4977117
 30
0.0
 11
2.4977117
 21
2.4840023
 31
0.0
  0
LINE
  5
270
330
1F
100
AcDbEntity
  8
Keep-Out Layer
100
AcDbLine
 10
2.4977117
 20
2.4840023
 30
0.0
 11
2.5084831
 21
2.4678817
 31
0.0
  0
LINE
  5
271
330
1F
100
AcDbEntity
  8
Keep-Out Layer
100
AcDbLine
 10
2.5084831
 20
2.4678817
 30
0.0
 11
2.5159026
 21
2.4499694
 31
0.0
  0
LINE
  5
272
330
1F
100
AcDbEntity
  8
Keep-Out Layer
100
AcDbLine
 10
2.5159026
 20
2.4499694
 30
0.0
 11
2.5196851
 21
2.4309539
 31
0.0
  0
LINE
  5
273
330
1F
100
AcDbEntity
  8
Keep-Out Layer
100
AcDbLine
 10
2.5196851
 20
2.4309539
 30
0.0
 11
2.5196851
 21
2.4212599
 31
0.0
  0
LINE
  5
274
330
1F
100
AcDbEntity
  8
Keep-Out Layer
100
AcDbLine
 10
2.5196851
 20
2.4212599
 30
0.0
 11
2.5196851
 21
2.4115658
 31
0.0
  0
LINE
  5
275
330
1F
100
AcDbEntity
  8
Keep-Out Layer
100
AcDbLine
 10
2.5196851
 20
2.4115658
 30
0.0
 11
2.5159026
 21
2.3925503
 31
0.0
  0
LINE
  5
276
330
1F
100
AcDbEntity
  8
Keep-Out Layer
100
AcDbLine
 10
2.5159026
 20
2.3925503
 30
0.0
 11
2.5084831
 21
2.374638
 31
0.0
  0
LINE
  5
277
330
1F
100
AcDbEntity
  8
Keep-Out Layer
100
AcDbLine
 10
2.5084831
 20
2.374638
 30
0.0
 11
2.4977117
 21
2.3585174
 31
0.0
  0
LINE
  5
278
330
1F
100
AcDbEntity
  8
Keep-Out Layer
100
AcDbLine
 10
2.4977117
 20
2.3585174
 30
0.0
 11
2.4840023
 21
2.344808
 31
0.0
  0
LINE
  5
279
330
1F
100
AcDbEntity
  8
Keep-Out Layer
100
AcDbLine
 10
2.4840023
 20
2.344808
 30
0.0
 11
2.4678817
 21
2.3340366
 31
0.0
  0
LINE
  5
27A
330
1F
100
AcDbEntity
  8
Keep-Out Layer
100
AcDbLine
 10
2.4678817
 20
2.3340366
 30
0.0
 11
2.4499694
 21
2.3266171
 31
0.0
  0
LINE
  5
27B
330
1F
100
AcDbEntity
  8
Keep-Out Layer
100
AcDbLine
 10
2.4499694
 20
2.3266171
 30
0.0
 11
2.4309539
 21
2.3228347
 31
0.0
  0
LINE
  5
27C
330
1F
100
AcDbEntity
  8
Keep-Out Layer
100
AcDbLine
 10
2.4309539
 20
2.3228347
 30
0.0
 11
2.4212599
 21
2.3228347
 31
0.0
  0
LINE
  5
27D
330
1F
100
AcDbEntity
  8
Keep-Out Layer
100
AcDbLine
 10
2.3228347
 20
0.1377953
 30
0.0
 11
2.3228347
 21
0.1377953
 31
0.0
  0
LINE
  5
27E
330
1F
100
AcDbEntity
  8
Keep-Out Layer
100
AcDbLine
 10
2.3228347
 20
0.1377953
 30
0.0
 11
2.3228347
 21
0.1281012
 31
0.0
  0
LINE
  5
27F
330
1F
100
AcDbEntity
  8
Keep-Out Layer
100
AcDbLine
 10
2.3228347
 20
0.1281012
 30
0.0
 11
2.3266171
 21
0.1090857
 31
0.0
  0
LINE
  5
280
330
1F
100
AcDbEntity
  8
Keep-Out Layer
100
AcDbLine
 10
2.3266171
 20
0.1090857
 30
0.0
 11
2.3340366
 21
0.0911734
 31
0.0
  0
LINE
  5
281
330
1F
100
AcDbEntity
  8
Keep-Out Layer
100
AcDbLine
 10
2.3340366
 20
0.0911734
 30
0.0
 11
2.344808
 21
0.0750528
 31
0.0
  0
LINE
  5
282
330
1F
100
AcDbEntity
  8
Keep-Out Layer
100
AcDbLine
 10
2.344808
 20
0.0750528
 30
0.0
 11
2.3585174
 21
0.0613434
 31
0.0
  0
LINE
  5
283
330
1F
100
AcDbEntity
  8
Keep-Out Layer
100
AcDbLine
 10
2.3585174
 20
0.0613434
 30
0.0
 11
2.374638
 21
0.050572
 31
0.0
  0
LINE
  5
284
330
1F
100
AcDbEntity
  8
Keep-Out Layer
100
AcDbLine
 10
2.374638
 20
0.050572
 30
0.0
 11
2.3925503
 21
0.0431525
 31
0.0
  0
LINE
  5
285
330
1F
100
AcDbEntity
  8
Keep-Out Layer
100
AcDbLine
 10
2.3925503
 20
0.0431525
 30
0.0
 11
2.4115658
 21
0.0393701
 31
0.0
  0
LINE
  5
286
330
1F
100
AcDbEntity
  8
Keep-Out Layer
100
AcDbLine
 10
2.4115658
 20
0.0393701
 30
0.0
 11
2.4212599
 21
0.0393701
 31
0.0
  0
LINE
  5
287
330
1F
100
AcDbEntity
  8
Keep-Out Layer
100
AcDbLine
 10
2.4212599
 20
0.0393701
 30
0.0
 11
2.4309539
 21
0.0393701
 31
0.0
  0
LINE
  5
288
330
1F
100
AcDbEntity
  8
Keep-Out Layer
100
AcDbLine
 10
2.4309539
 20
0.0393701
 30
0.0
 11
2.4499694
 21
0.0431525
 31
0.0
  0
LINE
  5
289
330
1F
100
AcDbEntity
  8
Keep-Out Layer
100
AcDbLine
 10
2.4499694
 20
0.0431525
 30
0.0
 11
2.4678817
 21
0.050572
 31
0.0
  0
LINE
  5
28A
330
1F
100
AcDbEntity
  8
Keep-Out Layer
100
AcDbLine
 10
2.4678817
 20
0.050572
 30
0.0
 11
2.4840023
 21
0.0613434
 31
0.0
  0
LINE
  5
28B
330
1F
100
AcDbEntity
  8
Keep-Out Layer
100
AcDbLine
 10
2.4840023
 20
0.0613434
 30
0.0
 11
2.4977117
 21
0.0750528
 31
0.0
  0
LINE
  5
28C
330
1F
100
AcDbEntity
  8
Keep-Out Layer
100
AcDbLine
 10
2.4977117
 20
0.0750528
 30
0.0
 11
2.5084831
 21
0.0911734
 31
0.0
  0
LINE
  5
28D
330
1F
100
AcDbEntity
  8
Keep-Out Layer
100
AcDbLine
 10
2.5084831
 20
0.0911734
 30
0.0
 11
2.5159026
 21
0.1090857
 31
0.0
  0
LINE
  5
28E
330
1F
100
AcDbEntity
  8
Keep-Out Layer
100
AcDbLine
 10
2.5159026
 20
0.1090857
 30
0.0
 11
2.5196851
 21
0.1281012
 31
0.0
  0
LINE
  5
28F
330
1F
100
AcDbEntity
  8
Keep-Out Layer
100
AcDbLine
 10
2.5196851
 20
0.1281012
 30
0.0
 11
2.5196851
 21
0.1377953
 31
0.0
  0
LINE
  5
290
330
1F
100
AcDbEntity
  8
Keep-Out Layer
100
AcDbLine
 10
2.5196851
 20
0.1377953
 30
0.0
 11
2.5196851
 21
0.1474893
 31
0.0
  0
LINE
  5
291
330
1F
100
AcDbEntity
  8
Keep-Out Layer
100
AcDbLine
 10
2.5196851
 20
0.1474893
 30
0.0
 11
2.5159026
 21
0.1665048
 31
0.0
  0
LINE
  5
292
330
1F
100
AcDbEntity
  8
Keep-Out Layer
100
AcDbLine
 10
2.5159026
 20
0.1665048
 30
0.0
 11
2.5084831
 21
0.1844171
 31
0.0
  0
LINE
  5
293
330
1F
100
AcDbEntity
  8
Keep-Out Layer
100
AcDbLine
 10
2.5084831
 20
0.1844171
 30
0.0
 11
2.4977117
 21
0.2005377
 31
0.0
  0
LINE
  5
294
330
1F
100
AcDbEntity
  8
Keep-Out Layer
100
AcDbLine
 10
2.4977117
 20
0.2005377
 30
0.0
 11
2.4840023
 21
0.2142471
 31
0.0
  0
LINE
  5
295
330
1F
100
AcDbEntity
  8
Keep-Out Layer
100
AcDbLine
 10
2.4840023
 20
0.2142471
 30
0.0
 11
2.4678817
 21
0.2250185
 31
0.0
  0
LINE
  5
296
330
1F
100
AcDbEntity
  8
Keep-Out Layer
100
AcDbLine
 10
2.4678817
 20
0.2250185
 30
0.0
 11
2.4499694
 21
0.232438
 31
0.0
  0
LINE
  5
297
330
1F
100
AcDbEntity
  8
Keep-Out Layer
100
AcDbLine
 10
2.4499694
 20
0.232438
 30
0.0
 11
2.4309539
 21
0.2362205
 31
0.0
  0
LINE
  5
298
330
1F
100
AcDbEntity
  8
Keep-Out Layer
100
AcDbLine
 10
2.4309539
 20
0.2362205
 30
0.0
 11
2.4212599
 21
0.2362205
 31
0.0
  0
LINE
  5
299
330
1F
100
AcDbEntity
  8
Keep-Out Layer
100
AcDbLine
 10
2.4212599
 20
0.2362205
 30
0.0
 11
2.4115658
 21
0.2362205
 31
0.0
  0
LINE
  5
29A
330
1F
100
AcDbEntity
  8
Keep-Out Layer
100
AcDbLine
 10
2.4115658
 20
0.2362205
 30
0.0
 11
2.3925503
 21
0.232438
 31
0.0
  0
LINE
  5
29B
330
1F
100
AcDbEntity
  8
Keep-Out Layer
100
AcDbLine
 10
2.3925503
 20
0.232438
 30
0.0
 11
2.374638
 21
0.2250185
 31
0.0
  0
LINE
  5
29C
330
1F
100
AcDbEntity
  8
Keep-Out Layer
100
AcDbLine
 10
2.374638
 20
0.2250185
 30
0.0
 11
2.3585174
 21
0.2142471
 31
0.0
  0
LINE
  5
29D
330
1F
100
AcDbEntity
  8
Keep-Out Layer
100
AcDbLine
 10
2.3585174
 20
0.2142471
 30
0.0
 11
2.344808
 21
0.2005377
 31
0.0
  0
LINE
  5
29E
330
1F
100
AcDbEntity
  8
Keep-Out Layer
100
AcDbLine
 10
2.344808
 20
0.2005377
 30
0.0
 11
2.3340366
 21
0.1844171
 31
0.0
  0
LINE
  5
29F
330
1F
100
AcDbEntity
  8
Keep-Out Layer
100
AcDbLine
 10
2.3340366
 20
0.1844171
 30
0.0
 11
2.3266171
 21
0.1665048
 31
0.0
  0
LINE
  5
2A0
330
1F
100
AcDbEntity
  8
Keep-Out Layer
100
AcDbLine
 10
2.3266171
 20
0.1665048
 30
0.0
 11
2.3228347
 21
0.1474893
 31
0.0
  0
LINE
  5
2A1
330
1F
100
AcDbEntity
  8
Keep-Out Layer
100
AcDbLine
 10
2.3228347
 20
0.1474893
 30
0.0
 11
2.3228347
 21
0.1377953
 31
0.0
  0
LINE
  5
2A2
330
1F
100
AcDbEntity
  8
Keep-Out Layer
100
AcDbLine
 10
0.1377953
 20
2.3228347
 30
0.0
 11
0.1377953
 21
2.3228347
 31
0.0
  0
LINE
  5
2A3
330
1F
100
AcDbEntity
  8
Keep-Out Layer
100
AcDbLine
 10
0.1377953
 20
2.3228347
 30
0.0
 11
0.1281012
 21
2.3228347
 31
0.0
  0
LINE
  5
2A4
330
1F
100
AcDbEntity
  8
Keep-Out Layer
100
AcDbLine
 10
0.1281012
 20
2.3228347
 30
0.0
 11
0.1090857
 21
2.3266171
 31
0.0
  0
LINE
  5
2A5
330
1F
100
AcDbEntity
  8
Keep-Out Layer
100
AcDbLine
 10
0.1090857
 20
2.3266171
 30
0.0
 11
0.0911734
 21
2.3340366
 31
0.0
  0
LINE
  5
2A6
330
1F
100
AcDbEntity
  8
Keep-Out Layer
100
AcDbLine
 10
0.0911734
 20
2.3340366
 30
0.0
 11
0.0750528
 21
2.344808
 31
0.0
  0
LINE
  5
2A7
330
1F
100
AcDbEntity
  8
Keep-Out Layer
100
AcDbLine
 10
0.0750528
 20
2.344808
 30
0.0
 11
0.0613434
 21
2.3585174
 31
0.0
  0
LINE
  5
2A8
330
1F
100
AcDbEntity
  8
Keep-Out Layer
100
AcDbLine
 10
0.0613434
 20
2.3585174
 30
0.0
 11
0.050572
 21
2.374638
 31
0.0
  0
LINE
  5
2A9
330
1F
100
AcDbEntity
  8
Keep-Out Layer
100
AcDbLine
 10
0.050572
 20
2.374638
 30
0.0
 11
0.0431525
 21
2.3925503
 31
0.0
  0
LINE
  5
2AA
330
1F
100
AcDbEntity
  8
Keep-Out Layer
100
AcDbLine
 10
0.0431525
 20
2.3925503
 30
0.0
 11
0.0393701
 21
2.4115658
 31
0.0
  0
LINE
  5
2AB
330
1F
100
AcDbEntity
  8
Keep-Out Layer
100
AcDbLine
 10
0.0393701
 20
2.4115658
 30
0.0
 11
0.0393701
 21
2.4212599
 31
0.0
  0
LINE
  5
2AC
330
1F
100
AcDbEntity
  8
Keep-Out Layer
100
AcDbLine
 10
0.0393701
 20
2.4212599
 30
0.0
 11
0.0393701
 21
2.4309539
 31
0.0
  0
LINE
  5
2AD
330
1F
100
AcDbEntity
  8
Keep-Out Layer
100
AcDbLine
 10
0.0393701
 20
2.4309539
 30
0.0
 11
0.0431525
 21
2.4499694
 31
0.0
  0
LINE
  5
2AE
330
1F
100
AcDbEntity
  8
Keep-Out Layer
100
AcDbLine
 10
0.0431525
 20
2.4499694
 30
0.0
 11
0.050572
 21
2.4678817
 31
0.0
  0
LINE
  5
2AF
330
1F
100
AcDbEntity
  8
Keep-Out Layer
100
AcDbLine
 10
0.050572
 20
2.4678817
 30
0.0
 11
0.0613434
 21
2.4840023
 31
0.0
  0
LINE
  5
2B0
330
1F
100
AcDbEntity
  8
Keep-Out Layer
100
AcDbLine
 10
0.0613434
 20
2.4840023
 30
0.0
 11
0.0750528
 21
2.4977117
 31
0.0
  0
LINE
  5
2B1
330
1F
100
AcDbEntity
  8
Keep-Out Layer
100
AcDbLine
 10
0.0750528
 20
2.4977117
 30
0.0
 11
0.0911734
 21
2.5084831
 31
0.0
  0
LINE
  5
2B2
330
1F
100
AcDbEntity
  8
Keep-Out Layer
100
AcDbLine
 10
0.0911734
 20
2.5084831
 30
0.0
 11
0.1090857
 21
2.5159026
 31
0.0
  0
LINE
  5
2B3
330
1F
100
AcDbEntity
  8
Keep-Out Layer
100
AcDbLine
 10
0.1090857
 20
2.5159026
 30
0.0
 11
0.1281012
 21
2.5196851
 31
0.0
  0
LINE
  5
2B4
330
1F
100
AcDbEntity
  8
Keep-Out Layer
100
AcDbLine
 10
0.1281012
 20
2.5196851
 30
0.0
 11
0.1377953
 21
2.5196851
 31
0.0
  0
LINE
  5
2B5
330
1F
100
AcDbEntity
  8
Keep-Out Layer
100
AcDbLine
 10
0.1377953
 20
2.5196851
 30
0.0
 11
0.1474893
 21
2.5196851
 31
0.0
  0
LINE
  5
2B6
330
1F
100
AcDbEntity
  8
Keep-Out Layer
100
AcDbLine
 10
0.1474893
 20
2.5196851
 30
0.0
 11
0.1665048
 21
2.5159026
 31
0.0
  0
LINE
  5
2B7
330
1F
100
AcDbEntity
  8
Keep-Out Layer
100
AcDbLine
 10
0.1665048
 20
2.5159026
 30
0.0
 11
0.1844171
 21
2.5084831
 31
0.0
  0
LINE
  5
2B8
330
1F
100
AcDbEntity
  8
Keep-Out Layer
100
AcDbLine
 10
0.1844171
 20
2.5084831
 30
0.0
 11
0.2005377
 21
2.4977117
 31
0.0
  0
LINE
  5
2B9
330
1F
100
AcDbEntity
  8
Keep-Out Layer
100
AcDbLine
 10
0.2005377
 20
2.4977117
 30
0.0
 11
0.2142471
 21
2.4840023
 31
0.0
  0
LINE
  5
2BA
330
1F
100
AcDbEntity
  8
Keep-Out Layer
100
AcDbLine
 10
0.2142471
 20
2.4840023
 30
0.0
 11
0.2250185
 21
2.4678817
 31
0.0
  0
LINE
  5
2BB
330
1F
100
AcDbEntity
  8
Keep-Out Layer
100
AcDbLine
 10
0.2250185
 20
2.4678817
 30
0.0
 11
0.232438
 21
2.4499694
 31
0.0
  0
LINE
  5
2BC
330
1F
100
AcDbEntity
  8
Keep-Out Layer
100
AcDbLine
 10
0.232438
 20
2.4499694
 30
0.0
 11
0.2362205
 21
2.4309539
 31
0.0
  0
LINE
  5
2BD
330
1F
100
AcDbEntity
  8
Keep-Out Layer
100
AcDbLine
 10
0.2362205
 20
2.4309539
 30
0.0
 11
0.2362205
 21
2.4212599
 31
0.0
  0
LINE
  5
2BE
330
1F
100
AcDbEntity
  8
Keep-Out Layer
100
AcDbLine
 10
0.2362205
 20
2.4212599
 30
0.0
 11
0.2362205
 21
2.4115658
 31
0.0
  0
LINE
  5
2BF
330
1F
100
AcDbEntity
  8
Keep-Out Layer
100
AcDbLine
 10
0.2362205
 20
2.4115658
 30
0.0
 11
0.232438
 21
2.3925503
 31
0.0
  0
LINE
  5
2C0
330
1F
100
AcDbEntity
  8
Keep-Out Layer
100
AcDbLine
 10
0.232438
 20
2.3925503
 30
0.0
 11
0.2250185
 21
2.374638
 31
0.0
  0
LINE
  5
2C1
330
1F
100
AcDbEntity
  8
Keep-Out Layer
100
AcDbLine
 10
0.2250185
 20
2.374638
 30
0.0
 11
0.2142471
 21
2.3585174
 31
0.0
  0
LINE
  5
2C2
330
1F
100
AcDbEntity
  8
Keep-Out Layer
100
AcDbLine
 10
0.2142471
 20
2.3585174
 30
0.0
 11
0.2005377
 21
2.344808
 31
0.0
  0
LINE
  5
2C3
330
1F
100
AcDbEntity
  8
Keep-Out Layer
100
AcDbLine
 10
0.2005377
 20
2.344808
 30
0.0
 11
0.1844171
 21
2.3340366
 31
0.0
  0
LINE
  5
2C4
330
1F
100
AcDbEntity
  8
Keep-Out Layer
100
AcDbLine
 10
0.1844171
 20
2.3340366
 30
0.0
 11
0.1665048
 21
2.3266171
 31
0.0
  0
LINE
  5
2C5
330
1F
100
AcDbEntity
  8
Keep-Out Layer
100
AcDbLine
 10
0.1665048
 20
2.3266171
 30
0.0
 11
0.1474893
 21
2.3228347
 31
0.0
  0
LINE
  5
2C6
330
1F
100
AcDbEntity
  8
Keep-Out Layer
100
AcDbLine
 10
0.1474893
 20
2.3228347
 30
0.0
 11
0.1377953
 21
2.3228347
 31
0.0
  0
LINE
  5
2C7
330
1F
100
AcDbEntity
  8
Keep-Out Layer
100
AcDbLine
 10
0.1377953
 20
0.0393701
 30
0.0
 11
0.1377953
 21
0.0393701
 31
0.0
  0
LINE
  5
2C8
330
1F
100
AcDbEntity
  8
Keep-Out Layer
100
AcDbLine
 10
0.1377953
 20
0.0393701
 30
0.0
 11
0.1281012
 21
0.0393701
 31
0.0
  0
LINE
  5
2C9
330
1F
100
AcDbEntity
  8
Keep-Out Layer
100
AcDbLine
 10
0.1281012
 20
0.0393701
 30
0.0
 11
0.1090857
 21
0.0431525
 31
0.0
  0
LINE
  5
2CA
330
1F
100
AcDbEntity
  8
Keep-Out Layer
100
AcDbLine
 10
0.1090857
 20
0.0431525
 30
0.0
 11
0.0911734
 21
0.050572
 31
0.0
  0
LINE
  5
2CB
330
1F
100
AcDbEntity
  8
Keep-Out Layer
100
AcDbLine
 10
0.0911734
 20
0.050572
 30
0.0
 11
0.0750528
 21
0.0613434
 31
0.0
  0
LINE
  5
2CC
330
1F
100
AcDbEntity
  8
Keep-Out Layer
100
AcDbLine
 10
0.0750528
 20
0.0613434
 30
0.0
 11
0.0613434
 21
0.0750528
 31
0.0
  0
LINE
  5
2CD
330
1F
100
AcDbEntity
  8
Keep-Out Layer
100
AcDbLine
 10
0.0613434
 20
0.0750528
 30
0.0
 11
0.050572
 21
0.0911734
 31
0.0
  0
LINE
  5
2CE
330
1F
100
AcDbEntity
  8
Keep-Out Layer
100
AcDbLine
 10
0.050572
 20
0.0911734
 30
0.0
 11
0.0431525
 21
0.1090857
 31
0.0
  0
LINE
  5
2CF
330
1F
100
AcDbEntity
  8
Keep-Out Layer
100
AcDbLine
 10
0.0431525
 20
0.1090857
 30
0.0
 11
0.0393701
 21
0.1281012
 31
0.0
  0
LINE
  5
2D0
330
1F
100
AcDbEntity
  8
Keep-Out Layer
100
AcDbLine
 10
0.0393701
 20
0.1281012
 30
0.0
 11
0.0393701
 21
0.1377953
 31
0.0
  0
LINE
  5
2D1
330
1F
100
AcDbEntity
  8
Keep-Out Layer
100
AcDbLine
 10
0.0393701
 20
0.1377953
 30
0.0
 11
0.0393701
 21
0.1474893
 31
0.0
  0
LINE
  5
2D2
330
1F
100
AcDbEntity
  8
Keep-Out Layer
100
AcDbLine
 10
0.0393701
 20
0.1474893
 30
0.0
 11
0.0431525
 21
0.1665048
 31
0.0
  0
LINE
  5
2D3
330
1F
100
AcDbEntity
  8
Keep-Out Layer
100
AcDbLine
 10
0.0431525
 20
0.1665048
 30
0.0
 11
0.050572
 21
0.1844171
 31
0.0
  0
LINE
  5
2D4
330
1F
100
AcDbEntity
  8
Keep-Out Layer
100
AcDbLine
 10
0.050572
 20
0.1844171
 30
0.0
 11
0.0613434
 21
0.2005377
 31
0.0
  0
LINE
  5
2D5
330
1F
100
AcDbEntity
  8
Keep-Out Layer
100
AcDbLine
 10
0.0613434
 20
0.2005377
 30
0.0
 11
0.0750528
 21
0.2142471
 31
0.0
  0
LINE
  5
2D6
330
1F
100
AcDbEntity
  8
Keep-Out Layer
100
AcDbLine
 10
0.0750528
 20
0.2142471
 30
0.0
 11
0.0911734
 21
0.2250185
 31
0.0
  0
LINE
  5
2D7
330
1F
100
AcDbEntity
  8
Keep-Out Layer
100
AcDbLine
 10
0.0911734
 20
0.2250185
 30
0.0
 11
0.1090857
 21
0.232438
 31
0.0
  0
LINE
  5
2D8
330
1F
100
AcDbEntity
  8
Keep-Out Layer
100
AcDbLine
 10
0.1090857
 20
0.232438
 30
0.0
 11
0.1281012
 21
0.2362205
 31
0.0
  0
LINE
  5
2D9
330
1F
100
AcDbEntity
  8
Keep-Out Layer
100
AcDbLine
 10
0.1281012
 20
0.2362205
 30
0.0
 11
0.1377953
 21
0.2362205
 31
0.0
  0
LINE
  5
2DA
330
1F
100
AcDbEntity
  8
Keep-Out Layer
100
AcDbLine
 10
0.1377953
 20
0.2362205
 30
0.0
 11
0.1474893
 21
0.2362205
 31
0.0
  0
LINE
  5
2DB
330
1F
100
AcDbEntity
  8
Keep-Out Layer
100
AcDbLine
 10
0.1474893
 20
0.2362205
 30
0.0
 11
0.1665048
 21
0.232438
 31
0.0
  0
LINE
  5
2DC
330
1F
100
AcDbEntity
  8
Keep-Out Layer
100
AcDbLine
 10
0.1665048
 20
0.232438
 30
0.0
 11
0.1844171
 21
0.2250185
 31
0.0
  0
LINE
  5
2DD
330
1F
100
AcDbEntity
  8
Keep-Out Layer
100
AcDbLine
 10
0.1844171
 20
0.2250185
 30
0.0
 11
0.2005377
 21
0.2142471
 31
0.0
  0
LINE
  5
2DE
330
1F
100
AcDbEntity
  8
Keep-Out Layer
100
AcDbLine
 10
0.2005377
 20
0.2142471
 30
0.0
 11
0.2142471
 21
0.2005377
 31
0.0
  0
LINE
  5
2DF
330
1F
100
AcDbEntity
  8
Keep-Out Layer
100
AcDbLine
 10
0.2142471
 20
0.2005377
 30
0.0
 11
0.2250185
 21
0.1844171
 31
0.0
  0
LINE
  5
2E0
330
1F
100
AcDbEntity
  8
Keep-Out Layer
100
AcDbLine
 10
0.2250185
 20
0.1844171
 30
0.0
 11
0.232438
 21
0.1665048
 31
0.0
  0
LINE
  5
2E1
330
1F
100
AcDbEntity
  8
Keep-Out Layer
100
AcDbLine
 10
0.232438
 20
0.1665048
 30
0.0
 11
0.2362205
 21
0.1474893
 31
0.0
  0
LINE
  5
2E2
330
1F
100
AcDbEntity
  8
Keep-Out Layer
100
AcDbLine
 10
0.2362205
 20
0.1474893
 30
0.0
 11
0.2362205
 21
0.1377953
 31
0.0
  0
LINE
  5
2E3
330
1F
100
AcDbEntity
  8
Keep-Out Layer
100
AcDbLine
 10
0.2362205
 20
0.1377953
 30
0.0
 11
0.2362205
 21
0.1281012
 31
0.0
  0
LINE
  5
2E4
330
1F
100
AcDbEntity
  8
Keep-Out Layer
100
AcDbLine
 10
0.2362205
 20
0.1281012
 30
0.0
 11
0.232438
 21
0.1090857
 31
0.0
  0
LINE
  5
2E5
330
1F
100
AcDbEntity
  8
Keep-Out Layer
100
AcDbLine
 10
0.232438
 20
0.1090857
 30
0.0
 11
0.2250185
 21
0.0911734
 31
0.0
  0
LINE
  5
2E6
330
1F
100
AcDbEntity
  8
Keep-Out Layer
100
AcDbLine
 10
0.2250185
 20
0.0911734
 30
0.0
 11
0.2142471
 21
0.0750528
 31
0.0
  0
LINE
  5
2E7
330
1F
100
AcDbEntity
  8
Keep-Out Layer
100
AcDbLine
 10
0.2142471
 20
0.0750528
 30
0.0
 11
0.2005377
 21
0.0613434
 31
0.0
  0
LINE
  5
2E8
330
1F
100
AcDbEntity
  8
Keep-Out Layer
100
AcDbLine
 10
0.2005377
 20
0.0613434
 30
0.0
 11
0.1844171
 21
0.050572
 31
0.0
  0
LINE
  5
2E9
330
1F
100
AcDbEntity
  8
Keep-Out Layer
100
AcDbLine
 10
0.1844171
 20
0.050572
 30
0.0
 11
0.1665048
 21
0.0431525
 31
0.0
  0
LINE
  5
2EA
330
1F
100
AcDbEntity
  8
Keep-Out Layer
100
AcDbLine
 10
0.1665048
 20
0.0431525
 30
0.0
 11
0.1474893
 21
0.0393701
 31
0.0
  0
LINE
  5
2EB
330
1F
100
AcDbEntity
  8
Keep-Out Layer
100
AcDbLine
 10
0.1474893
 20
0.0393701
 30
0.0
 11
0.1377953
 21
0.0393701
 31
0.0
  0
LINE
  5
2EC
330
1F
100
AcDbEntity
  8
Keep-Out Layer
100
AcDbLine
 10
0.2015748
 20
0.8153393
 30
0.0
 11
-0.0011961
 21
0.8181102
 31
0.0
  0
LINE
  5
2ED
330
1F
100
AcDbEntity
  8
Keep-Out Layer
100
AcDbLine
 10
-0.0011961
 20
0.8181102
 30
0.0
 11
-0.0011961
 21
1.3082677
 31
0.0
  0
LINE
  5
2EE
330
1F
100
AcDbEntity
  8
Keep-Out Layer
100
AcDbLine
 10
-0.0011961
 20
1.3082677
 30
0.0
 11
0.0007874
 21
1.3102512
 31
0.0
  0
LINE
  5
2EF
330
1F
100
AcDbEntity
  8
Keep-Out Layer
100
AcDbLine
 10
0.0007874
 20
1.3102512
 30
0.0
 11
0.2031496
 21
1.3102512
 31
0.0
  0
LINE
  5
2F0
330
1F
100
AcDbEntity
  8
Keep-Out Layer
100
AcDbLine
 10
0.2031496
 20
1.3102512
 30
0.0
 11
0.2051331
 21
1.3066929
 31
0.0
  0
LINE
  5
2F1
330
1F
100
AcDbEntity
  8
Keep-Out Layer
100
AcDbLine
 10
0.2051331
 20
1.3066929
 30
0.0
 11
0.2051331
 21
0.8188976
 31
0.0
  0
LINE
  5
2F2
330
1F
100
AcDbEntity
  8
Keep-Out Layer
100
AcDbLine
 10
0.2051331
 20
0.8188976
 30
0.0
 11
0.2015748
 21
0.8153393
 31
0.0
  0
LINE
  5
2F3
330
1F
100
AcDbEntity
  8
Top Overlay
100
AcDbLine
 10
1.3651476
 20
1.6663924
 30
0.0
 11
1.364592
 21
1.6663924
 31
0.0
  0
LINE
  5
2F4
330
1F
100
AcDbEntity
  8
Top Overlay
100
AcDbLine
 10
1.364592
 20
1.6663924
 30
0.0
 11
1.3623693
 21
1.6663924
 31
0.0
  0
LINE
  5
2F5
330
1F
100
AcDbEntity
  8
Top Overlay
100
AcDbLine
 10
1.3623693
 20
1.6663924
 30
0.0
 11
1.3623693
 21
1.6669481
 31
0.0
  0
LINE
  5
2F6
330
1F
100
AcDbEntity
  8
Top Overlay
100
AcDbLine
 10
1.3623693
 20
1.6669481
 30
0.0
 11
1.3618137
 21
1.6669481
 31
0.0
  0
LINE
  5
2F7
330
1F
100
AcDbEntity
  8
Top Overlay
100
AcDbLine
 10
1.3618137
 20
1.6669481
 30
0.0
 11
1.3618137
 21
1.6747272
 31
0.0
  0
LINE
  5
2F8
330
1F
100
AcDbEntity
  8
Top Overlay
100
AcDbLine
 10
1.3618137
 20
1.6747272
 30
0.0
 11
1.3823729
 21
1.6747272
 31
0.0
  0
LINE
  5
2F9
330
1F
100
AcDbEntity
  8
Top Overlay
100
AcDbLine
 10
1.3823729
 20
1.6747272
 30
0.0
 11
1.3823729
 21
1.6669481
 31
0.0
  0
LINE
  5
2FA
330
1F
100
AcDbEntity
  8
Top Overlay
100
AcDbLine
 10
1.3823729
 20
1.6669481
 30
0.0
 11
1.3818172
 21
1.6669481
 31
0.0
  0
LINE
  5
2FB
330
1F
100
AcDbEntity
  8
Top Overlay
100
AcDbLine
 10
1.3818172
 20
1.6669481
 30
0.0
 11
1.3818172
 21
1.6663924
 31
0.0
  0
LINE
  5
2FC
330
1F
100
AcDbEntity
  8
Top Overlay
100
AcDbLine
 10
1.3818172
 20
1.6663924
 30
0.0
 11
1.3651476
 21
1.6663924
 31
0.0
  0
LINE
  5
2FD
330
1F
100
AcDbEntity
  8
Top Overlay
100
AcDbLine
 10
1.2895787
 20
1.7375161
 30
0.0
 11
1.2895787
 21
1.7380718
 31
0.0
  0
LINE
  5
2FE
330
1F
100
AcDbEntity
  8
Top Overlay
100
AcDbLine
 10
1.2895787
 20
1.7380718
 30
0.0
 11
1.29069
 21
1.7380718
 31
0.0
  0
LINE
  5
2FF
330
1F
100
AcDbEntity
  8
Top Overlay
100
AcDbLine
 10
1.29069
 20
1.7380718
 30
0.0
 11
1.29069
 21
1.7386274
 31
0.0
  0
LINE
  5
300
330
1F
100
AcDbEntity
  8
Top Overlay
100
AcDbLine
 10
1.29069
 20
1.7386274
 30
0.0
 11
1.292357
 21
1.7386274
 31
0.0
  0
LINE
  5
301
330
1F
100
AcDbEntity
  8
Top Overlay
100
AcDbLine
 10
1.292357
 20
1.7386274
 30
0.0
 11
1.292357
 21
1.7391831
 31
0.0
  0
LINE
  5
302
330
1F
100
AcDbEntity
  8
Top Overlay
100
AcDbLine
 10
1.292357
 20
1.7391831
 30
0.0
 11
1.2940239
 21
1.7391831
 31
0.0
  0
LINE
  5
303
330
1F
100
AcDbEntity
  8
Top Overlay
100
AcDbLine
 10
1.2940239
 20
1.7391831
 30
0.0
 11
1.2940239
 21
1.7397387
 31
0.0
  0
LINE
  5
304
330
1F
100
AcDbEntity
  8
Top Overlay
100
AcDbLine
 10
1.2940239
 20
1.7397387
 30
0.0
 11
1.2951352
 21
1.7397387
 31
0.0
  0
LINE
  5
305
330
1F
100
AcDbEntity
  8
Top Overlay
100
AcDbLine
 10
1.2951352
 20
1.7397387
 30
0.0
 11
1.2951352
 21
1.7402944
 31
0.0
  0
LINE
  5
306
330
1F
100
AcDbEntity
  8
Top Overlay
100
AcDbLine
 10
1.2951352
 20
1.7402944
 30
0.0
 11
1.2968022
 21
1.7402944
 31
0.0
  0
LINE
  5
307
330
1F
100
AcDbEntity
  8
Top Overlay
100
AcDbLine
 10
1.2968022
 20
1.7402944
 30
0.0
 11
1.2968022
 21
1.7397387
 31
0.0
  0
LINE
  5
308
330
1F
100
AcDbEntity
  8
Top Overlay
100
AcDbLine
 10
1.2968022
 20
1.7397387
 30
0.0
 11
1.2973578
 21
1.7397387
 31
0.0
  0
LINE
  5
309
330
1F
100
AcDbEntity
  8
Top Overlay
100
AcDbLine
 10
1.2973578
 20
1.7397387
 30
0.0
 11
1.2973578
 21
1.7386274
 31
0.0
  0
LINE
  5
30A
330
1F
100
AcDbEntity
  8
Top Overlay
100
AcDbLine
 10
1.2973578
 20
1.7386274
 30
0.0
 11
1.2979135
 21
1.7386274
 31
0.0
  0
LINE
  5
30B
330
1F
100
AcDbEntity
  8
Top Overlay
100
AcDbLine
 10
1.2979135
 20
1.7386274
 30
0.0
 11
1.2979135
 21
1.7375161
 31
0.0
  0
LINE
  5
30C
330
1F
100
AcDbEntity
  8
Top Overlay
100
AcDbLine
 10
1.2979135
 20
1.7375161
 30
0.0
 11
1.2984691
 21
1.7375161
 31
0.0
  0
LINE
  5
30D
330
1F
100
AcDbEntity
  8
Top Overlay
100
AcDbLine
 10
1.2984691
 20
1.7375161
 30
0.0
 11
1.2984691
 21
1.7364048
 31
0.0
  0
LINE
  5
30E
330
1F
100
AcDbEntity
  8
Top Overlay
100
AcDbLine
 10
1.2984691
 20
1.7364048
 30
0.0
 11
1.2990248
 21
1.7364048
 31
0.0
  0
LINE
  5
30F
330
1F
100
AcDbEntity
  8
Top Overlay
100
AcDbLine
 10
1.2990248
 20
1.7364048
 30
0.0
 11
1.2990248
 21
1.7352935
 31
0.0
  0
LINE
  5
310
330
1F
100
AcDbEntity
  8
Top Overlay
100
AcDbLine
 10
1.2990248
 20
1.7352935
 30
0.0
 11
1.2995805
 21
1.7352935
 31
0.0
  0
LINE
  5
311
330
1F
100
AcDbEntity
  8
Top Overlay
100
AcDbLine
 10
1.2995805
 20
1.7352935
 30
0.0
 11
1.2995805
 21
1.7341822
 31
0.0
  0
LINE
  5
312
330
1F
100
AcDbEntity
  8
Top Overlay
100
AcDbLine
 10
1.2995805
 20
1.7341822
 30
0.0
 11
1.3001361
 21
1.7341822
 31
0.0
  0
LINE
  5
313
330
1F
100
AcDbEntity
  8
Top Overlay
100
AcDbLine
 10
1.3001361
 20
1.7341822
 30
0.0
 11
1.3001361
 21
1.7336265
 31
0.0
  0
LINE
  5
314
330
1F
100
AcDbEntity
  8
Top Overlay
100
AcDbLine
 10
1.3001361
 20
1.7336265
 30
0.0
 11
1.3006918
 21
1.7336265
 31
0.0
  0
LINE
  5
315
330
1F
100
AcDbEntity
  8
Top Overlay
100
AcDbLine
 10
1.3006918
 20
1.7336265
 30
0.0
 11
1.3006918
 21
1.7319596
 31
0.0
  0
LINE
  5
316
330
1F
100
AcDbEntity
  8
Top Overlay
100
AcDbLine
 10
1.3006918
 20
1.7319596
 30
0.0
 11
1.2995805
 21
1.7319596
 31
0.0
  0
LINE
  5
317
330
1F
100
AcDbEntity
  8
Top Overlay
100
AcDbLine
 10
1.2995805
 20
1.7319596
 30
0.0
 11
1.2995805
 21
1.7314039
 31
0.0
  0
LINE
  5
318
330
1F
100
AcDbEntity
  8
Top Overlay
100
AcDbLine
 10
1.2995805
 20
1.7314039
 30
0.0
 11
1.2984691
 21
1.7314039
 31
0.0
  0
LINE
  5
319
330
1F
100
AcDbEntity
  8
Top Overlay
100
AcDbLine
 10
1.2984691
 20
1.7314039
 30
0.0
 11
1.2984691
 21
1.7308483
 31
0.0
  0
LINE
  5
31A
330
1F
100
AcDbEntity
  8
Top Overlay
100
AcDbLine
 10
1.2984691
 20
1.7308483
 30
0.0
 11
1.2968022
 21
1.7308483
 31
0.0
  0
LINE
  5
31B
330
1F
100
AcDbEntity
  8
Top Overlay
100
AcDbLine
 10
1.2968022
 20
1.7308483
 30
0.0
 11
1.2968022
 21
1.7302926
 31
0.0
  0
LINE
  5
31C
330
1F
100
AcDbEntity
  8
Top Overlay
100
AcDbLine
 10
1.2968022
 20
1.7302926
 30
0.0
 11
1.2951352
 21
1.7302926
 31
0.0
  0
LINE
  5
31D
330
1F
100
AcDbEntity
  8
Top Overlay
100
AcDbLine
 10
1.2951352
 20
1.7302926
 30
0.0
 11
1.2951352
 21
1.7297369
 31
0.0
  0
LINE
  5
31E
330
1F
100
AcDbEntity
  8
Top Overlay
100
AcDbLine
 10
1.2951352
 20
1.7297369
 30
0.0
 11
1.2934683
 21
1.7297369
 31
0.0
  0
LINE
  5
31F
330
1F
100
AcDbEntity
  8
Top Overlay
100
AcDbLine
 10
1.2934683
 20
1.7297369
 30
0.0
 11
1.2934683
 21
1.7302926
 31
0.0
  0
LINE
  5
320
330
1F
100
AcDbEntity
  8
Top Overlay
100
AcDbLine
 10
1.2934683
 20
1.7302926
 30
0.0
 11
1.2929126
 21
1.7302926
 31
0.0
  0
LINE
  5
321
330
1F
100
AcDbEntity
  8
Top Overlay
100
AcDbLine
 10
1.2929126
 20
1.7302926
 30
0.0
 11
1.2929126
 21
1.7314039
 31
0.0
  0
LINE
  5
322
330
1F
100
AcDbEntity
  8
Top Overlay
100
AcDbLine
 10
1.2929126
 20
1.7314039
 30
0.0
 11
1.292357
 21
1.7314039
 31
0.0
  0
LINE
  5
323
330
1F
100
AcDbEntity
  8
Top Overlay
100
AcDbLine
 10
1.292357
 20
1.7314039
 30
0.0
 11
1.292357
 21
1.7319596
 31
0.0
  0
LINE
  5
324
330
1F
100
AcDbEntity
  8
Top Overlay
100
AcDbLine
 10
1.292357
 20
1.7319596
 30
0.0
 11
1.2918013
 21
1.7319596
 31
0.0
  0
LINE
  5
325
330
1F
100
AcDbEntity
  8
Top Overlay
100
AcDbLine
 10
1.2918013
 20
1.7319596
 30
0.0
 11
1.2918013
 21
1.7330709
 31
0.0
  0
LINE
  5
326
330
1F
100
AcDbEntity
  8
Top Overlay
100
AcDbLine
 10
1.2918013
 20
1.7330709
 30
0.0
 11
1.2912457
 21
1.7330709
 31
0.0
  0
LINE
  5
327
330
1F
100
AcDbEntity
  8
Top Overlay
100
AcDbLine
 10
1.2912457
 20
1.7330709
 30
0.0
 11
1.2912457
 21
1.7347378
 31
0.0
  0
LINE
  5
328
330
1F
100
AcDbEntity
  8
Top Overlay
100
AcDbLine
 10
1.2912457
 20
1.7347378
 30
0.0
 11
1.29069
 21
1.7347378
 31
0.0
  0
LINE
  5
329
330
1F
100
AcDbEntity
  8
Top Overlay
100
AcDbLine
 10
1.29069
 20
1.7347378
 30
0.0
 11
1.29069
 21
1.7352935
 31
0.0
  0
LINE
  5
32A
330
1F
100
AcDbEntity
  8
Top Overlay
100
AcDbLine
 10
1.29069
 20
1.7352935
 30
0.0
 11
1.2901343
 21
1.7352935
 31
0.0
  0
LINE
  5
32B
330
1F
100
AcDbEntity
  8
Top Overlay
100
AcDbLine
 10
1.2901343
 20
1.7352935
 30
0.0
 11
1.2901343
 21
1.7364048
 31
0.0
  0
LINE
  5
32C
330
1F
100
AcDbEntity
  8
Top Overlay
100
AcDbLine
 10
1.2901343
 20
1.7364048
 30
0.0
 11
1.2895787
 21
1.7364048
 31
0.0
  0
LINE
  5
32D
330
1F
100
AcDbEntity
  8
Top Overlay
100
AcDbLine
 10
1.2895787
 20
1.7364048
 30
0.0
 11
1.2895787
 21
1.7375161
 31
0.0
  0
LINE
  5
32E
330
1F
100
AcDbEntity
  8
Top Overlay
100
AcDbLine
 10
1.4451618
 20
1.6836177
 30
0.0
 11
1.4451618
 21
1.6841733
 31
0.0
  0
LINE
  5
32F
330
1F
100
AcDbEntity
  8
Top Overlay
100
AcDbLine
 10
1.4451618
 20
1.6841733
 30
0.0
 11
1.4451618
 21
1.699176
 31
0.0
  0
LINE
  5
330
330
1F
100
AcDbEntity
  8
Top Overlay
100
AcDbLine
 10
1.4451618
 20
1.699176
 30
0.0
 11
1.4557192
 21
1.699176
 31
0.0
  0
LINE
  5
331
330
1F
100
AcDbEntity
  8
Top Overlay
100
AcDbLine
 10
1.4557192
 20
1.699176
 30
0.0
 11
1.4557192
 21
1.683062
 31
0.0
  0
LINE
  5
332
330
1F
100
AcDbEntity
  8
Top Overlay
100
AcDbLine
 10
1.4557192
 20
1.683062
 30
0.0
 11
1.4562748
 21
1.683062
 31
0.0
  0
LINE
  5
333
330
1F
100
AcDbEntity
  8
Top Overlay
100
AcDbLine
 10
1.4562748
 20
1.683062
 30
0.0
 11
1.4562748
 21
1.6825064
 31
0.0
  0
LINE
  5
334
330
1F
100
AcDbEntity
  8
Top Overlay
100
AcDbLine
 10
1.4562748
 20
1.6825064
 30
0.0
 11
1.4568305
 21
1.6825064
 31
0.0
  0
LINE
  5
335
330
1F
100
AcDbEntity
  8
Top Overlay
100
AcDbLine
 10
1.4568305
 20
1.6825064
 30
0.0
 11
1.4568305
 21
1.683062
 31
0.0
  0
LINE
  5
336
330
1F
100
AcDbEntity
  8
Top Overlay
100
AcDbLine
 10
1.4568305
 20
1.683062
 30
0.0
 11
1.4718331
 21
1.683062
 31
0.0
  0
LINE
  5
337
330
1F
100
AcDbEntity
  8
Top Overlay
100
AcDbLine
 10
1.4718331
 20
1.683062
 30
0.0
 11
1.4718331
 21
1.6825064
 31
0.0
  0
LINE
  5
338
330
1F
100
AcDbEntity
  8
Top Overlay
100
AcDbLine
 10
1.4718331
 20
1.6825064
 30
0.0
 11
1.4757227
 21
1.6825064
 31
0.0
  0
LINE
  5
339
330
1F
100
AcDbEntity
  8
Top Overlay
100
AcDbLine
 10
1.4757227
 20
1.6825064
 30
0.0
 11
1.4757227
 21
1.6819507
 31
0.0
  0
LINE
  5
33A
330
1F
100
AcDbEntity
  8
Top Overlay
100
AcDbLine
 10
1.4757227
 20
1.6819507
 30
0.0
 11
1.4773897
 21
1.6819507
 31
0.0
  0
LINE
  5
33B
330
1F
100
AcDbEntity
  8
Top Overlay
100
AcDbLine
 10
1.4773897
 20
1.6819507
 30
0.0
 11
1.4773897
 21
1.6813951
 31
0.0
  0
LINE
  5
33C
330
1F
100
AcDbEntity
  8
Top Overlay
100
AcDbLine
 10
1.4773897
 20
1.6813951
 30
0.0
 11
1.4790566
 21
1.6813951
 31
0.0
  0
LINE
  5
33D
330
1F
100
AcDbEntity
  8
Top Overlay
100
AcDbLine
 10
1.4790566
 20
1.6813951
 30
0.0
 11
1.4790566
 21
1.6808394
 31
0.0
  0
LINE
  5
33E
330
1F
100
AcDbEntity
  8
Top Overlay
100
AcDbLine
 10
1.4790566
 20
1.6808394
 30
0.0
 11
1.4796123
 21
1.6808394
 31
0.0
  0
LINE
  5
33F
330
1F
100
AcDbEntity
  8
Top Overlay
100
AcDbLine
 10
1.4796123
 20
1.6808394
 30
0.0
 11
1.4796123
 21
1.6802838
 31
0.0
  0
LINE
  5
340
330
1F
100
AcDbEntity
  8
Top Overlay
100
AcDbLine
 10
1.4796123
 20
1.6802838
 30
0.0
 11
1.4801679
 21
1.6802838
 31
0.0
  0
LINE
  5
341
330
1F
100
AcDbEntity
  8
Top Overlay
100
AcDbLine
 10
1.4801679
 20
1.6802838
 30
0.0
 11
1.4801679
 21
1.6797281
 31
0.0
  0
LINE
  5
342
330
1F
100
AcDbEntity
  8
Top Overlay
100
AcDbLine
 10
1.4801679
 20
1.6797281
 30
0.0
 11
1.4807236
 21
1.6797281
 31
0.0
  0
LINE
  5
343
330
1F
100
AcDbEntity
  8
Top Overlay
100
AcDbLine
 10
1.4807236
 20
1.6797281
 30
0.0
 11
1.4807236
 21
1.6791725
 31
0.0
  0
LINE
  5
344
330
1F
100
AcDbEntity
  8
Top Overlay
100
AcDbLine
 10
1.4807236
 20
1.6791725
 30
0.0
 11
1.4812793
 21
1.6791725
 31
0.0
  0
LINE
  5
345
330
1F
100
AcDbEntity
  8
Top Overlay
100
AcDbLine
 10
1.4812793
 20
1.6791725
 30
0.0
 11
1.4812793
 21
1.6786168
 31
0.0
  0
LINE
  5
346
330
1F
100
AcDbEntity
  8
Top Overlay
100
AcDbLine
 10
1.4812793
 20
1.6786168
 30
0.0
 11
1.4818349
 21
1.6786168
 31
0.0
  0
LINE
  5
347
330
1F
100
AcDbEntity
  8
Top Overlay
100
AcDbLine
 10
1.4818349
 20
1.6786168
 30
0.0
 11
1.4818349
 21
1.6780611
 31
0.0
  0
LINE
  5
348
330
1F
100
AcDbEntity
  8
Top Overlay
100
AcDbLine
 10
1.4818349
 20
1.6780611
 30
0.0
 11
1.4823906
 21
1.6780611
 31
0.0
  0
LINE
  5
349
330
1F
100
AcDbEntity
  8
Top Overlay
100
AcDbLine
 10
1.4823906
 20
1.6780611
 30
0.0
 11
1.4823906
 21
1.6775055
 31
0.0
  0
LINE
  5
34A
330
1F
100
AcDbEntity
  8
Top Overlay
100
AcDbLine
 10
1.4823906
 20
1.6775055
 30
0.0
 11
1.4829462
 21
1.6775055
 31
0.0
  0
LINE
  5
34B
330
1F
100
AcDbEntity
  8
Top Overlay
100
AcDbLine
 10
1.4829462
 20
1.6775055
 30
0.0
 11
1.4829462
 21
1.6769498
 31
0.0
  0
LINE
  5
34C
330
1F
100
AcDbEntity
  8
Top Overlay
100
AcDbLine
 10
1.4829462
 20
1.6769498
 30
0.0
 11
1.4835019
 21
1.6769498
 31
0.0
  0
LINE
  5
34D
330
1F
100
AcDbEntity
  8
Top Overlay
100
AcDbLine
 10
1.4835019
 20
1.6769498
 30
0.0
 11
1.4835019
 21
1.6758385
 31
0.0
  0
LINE
  5
34E
330
1F
100
AcDbEntity
  8
Top Overlay
100
AcDbLine
 10
1.4835019
 20
1.6758385
 30
0.0
 11
1.4840575
 21
1.6758385
 31
0.0
  0
LINE
  5
34F
330
1F
100
AcDbEntity
  8
Top Overlay
100
AcDbLine
 10
1.4840575
 20
1.6758385
 30
0.0
 11
1.4840575
 21
1.6741716
 31
0.0
  0
LINE
  5
350
330
1F
100
AcDbEntity
  8
Top Overlay
100
AcDbLine
 10
1.4840575
 20
1.6741716
 30
0.0
 11
1.4846132
 21
1.6741716
 31
0.0
  0
LINE
  5
351
330
1F
100
AcDbEntity
  8
Top Overlay
100
AcDbLine
 10
1.4846132
 20
1.6741716
 30
0.0
 11
1.4846132
 21
1.6691707
 31
0.0
  0
LINE
  5
352
330
1F
100
AcDbEntity
  8
Top Overlay
100
AcDbLine
 10
1.4846132
 20
1.6691707
 30
0.0
 11
1.4851688
 21
1.6691707
 31
0.0
  0
LINE
  5
353
330
1F
100
AcDbEntity
  8
Top Overlay
100
AcDbLine
 10
1.4851688
 20
1.6691707
 30
0.0
 11
1.4851688
 21
1.643055
 31
0.0
  0
LINE
  5
354
330
1F
100
AcDbEntity
  8
Top Overlay
100
AcDbLine
 10
1.4851688
 20
1.643055
 30
0.0
 11
1.4846132
 21
1.643055
 31
0.0
  0
LINE
  5
355
330
1F
100
AcDbEntity
  8
Top Overlay
100
AcDbLine
 10
1.4846132
 20
1.643055
 30
0.0
 11
1.4846132
 21
1.6424993
 31
0.0
  0
LINE
  5
356
330
1F
100
AcDbEntity
  8
Top Overlay
100
AcDbLine
 10
1.4846132
 20
1.6424993
 30
0.0
 11
1.4757227
 21
1.6424993
 31
0.0
  0
LINE
  5
357
330
1F
100
AcDbEntity
  8
Top Overlay
100
AcDbLine
 10
1.4757227
 20
1.6424993
 30
0.0
 11
1.4757227
 21
1.6419436
 31
0.0
  0
LINE
  5
358
330
1F
100
AcDbEntity
  8
Top Overlay
100
AcDbLine
 10
1.4757227
 20
1.6419436
 30
0.0
 11
1.4751671
 21
1.6419436
 31
0.0
  0
LINE
  5
359
330
1F
100
AcDbEntity
  8
Top Overlay
100
AcDbLine
 10
1.4751671
 20
1.6419436
 30
0.0
 11
1.4751671
 21
1.6424993
 31
0.0
  0
LINE
  5
35A
330
1F
100
AcDbEntity
  8
Top Overlay
100
AcDbLine
 10
1.4751671
 20
1.6424993
 30
0.0
 11
1.4746114
 21
1.6424993
 31
0.0
  0
LINE
  5
35B
330
1F
100
AcDbEntity
  8
Top Overlay
100
AcDbLine
 10
1.4746114
 20
1.6424993
 30
0.0
 11
1.4746114
 21
1.6697263
 31
0.0
  0
LINE
  5
35C
330
1F
100
AcDbEntity
  8
Top Overlay
100
AcDbLine
 10
1.4746114
 20
1.6697263
 30
0.0
 11
1.4740558
 21
1.6697263
 31
0.0
  0
LINE
  5
35D
330
1F
100
AcDbEntity
  8
Top Overlay
100
AcDbLine
 10
1.4740558
 20
1.6697263
 30
0.0
 11
1.4740558
 21
1.6713933
 31
0.0
  0
LINE
  5
35E
330
1F
100
AcDbEntity
  8
Top Overlay
100
AcDbLine
 10
1.4740558
 20
1.6713933
 30
0.0
 11
1.4735001
 21
1.6713933
 31
0.0
  0
LINE
  5
35F
330
1F
100
AcDbEntity
  8
Top Overlay
100
AcDbLine
 10
1.4735001
 20
1.6713933
 30
0.0
 11
1.4735001
 21
1.671949
 31
0.0
  0
LINE
  5
360
330
1F
100
AcDbEntity
  8
Top Overlay
100
AcDbLine
 10
1.4735001
 20
1.671949
 30
0.0
 11
1.4729444
 21
1.671949
 31
0.0
  0
LINE
  5
361
330
1F
100
AcDbEntity
  8
Top Overlay
100
AcDbLine
 10
1.4729444
 20
1.671949
 30
0.0
 11
1.4729444
 21
1.6730603
 31
0.0
  0
LINE
  5
362
330
1F
100
AcDbEntity
  8
Top Overlay
100
AcDbLine
 10
1.4729444
 20
1.6730603
 30
0.0
 11
1.4723888
 21
1.6730603
 31
0.0
  0
LINE
  5
363
330
1F
100
AcDbEntity
  8
Top Overlay
100
AcDbLine
 10
1.4723888
 20
1.6730603
 30
0.0
 11
1.4723888
 21
1.6736159
 31
0.0
  0
LINE
  5
364
330
1F
100
AcDbEntity
  8
Top Overlay
100
AcDbLine
 10
1.4723888
 20
1.6736159
 30
0.0
 11
1.4712775
 21
1.6736159
 31
0.0
  0
LINE
  5
365
330
1F
100
AcDbEntity
  8
Top Overlay
100
AcDbLine
 10
1.4712775
 20
1.6736159
 30
0.0
 11
1.4712775
 21
1.6741716
 31
0.0
  0
LINE
  5
366
330
1F
100
AcDbEntity
  8
Top Overlay
100
AcDbLine
 10
1.4712775
 20
1.6741716
 30
0.0
 11
1.4684992
 21
1.6741716
 31
0.0
  0
LINE
  5
367
330
1F
100
AcDbEntity
  8
Top Overlay
100
AcDbLine
 10
1.4684992
 20
1.6741716
 30
0.0
 11
1.4684992
 21
1.6747272
 31
0.0
  0
LINE
  5
368
330
1F
100
AcDbEntity
  8
Top Overlay
100
AcDbLine
 10
1.4684992
 20
1.6747272
 30
0.0
 11
1.4590531
 21
1.6747272
 31
0.0
  0
LINE
  5
369
330
1F
100
AcDbEntity
  8
Top Overlay
100
AcDbLine
 10
1.4590531
 20
1.6747272
 30
0.0
 11
1.4590531
 21
1.6741716
 31
0.0
  0
LINE
  5
36A
330
1F
100
AcDbEntity
  8
Top Overlay
100
AcDbLine
 10
1.4590531
 20
1.6741716
 30
0.0
 11
1.4557192
 21
1.6741716
 31
0.0
  0
LINE
  5
36B
330
1F
100
AcDbEntity
  8
Top Overlay
100
AcDbLine
 10
1.4557192
 20
1.6741716
 30
0.0
 11
1.4557192
 21
1.6424993
 31
0.0
  0
LINE
  5
36C
330
1F
100
AcDbEntity
  8
Top Overlay
100
AcDbLine
 10
1.4557192
 20
1.6424993
 30
0.0
 11
1.4451618
 21
1.6424993
 31
0.0
  0
LINE
  5
36D
330
1F
100
AcDbEntity
  8
Top Overlay
100
AcDbLine
 10
1.4451618
 20
1.6424993
 30
0.0
 11
1.4451618
 21
1.6836177
 31
0.0
  0
LINE
  5
36E
330
1F
100
AcDbEntity
  8
Top Overlay
100
AcDbLine
 10
1.2895787
 20
1.7208465
 30
0.0
 11
1.289023
 21
1.7208465
 31
0.0
  0
LINE
  5
36F
330
1F
100
AcDbEntity
  8
Top Overlay
100
AcDbLine
 10
1.289023
 20
1.7208465
 30
0.0
 11
1.289023
 21
1.7202908
 31
0.0
  0
LINE
  5
370
330
1F
100
AcDbEntity
  8
Top Overlay
100
AcDbLine
 10
1.289023
 20
1.7202908
 30
0.0
 11
1.2884674
 21
1.7202908
 31
0.0
  0
LINE
  5
371
330
1F
100
AcDbEntity
  8
Top Overlay
100
AcDbLine
 10
1.2884674
 20
1.7202908
 30
0.0
 11
1.2884674
 21
1.7197352
 31
0.0
  0
LINE
  5
372
330
1F
100
AcDbEntity
  8
Top Overlay
100
AcDbLine
 10
1.2884674
 20
1.7197352
 30
0.0
 11
1.2868004
 21
1.7197352
 31
0.0
  0
LINE
  5
373
330
1F
100
AcDbEntity
  8
Top Overlay
100
AcDbLine
 10
1.2868004
 20
1.7197352
 30
0.0
 11
1.2868004
 21
1.7208465
 31
0.0
  0
LINE
  5
374
330
1F
100
AcDbEntity
  8
Top Overlay
100
AcDbLine
 10
1.2868004
 20
1.7208465
 30
0.0
 11
1.2862448
 21
1.7208465
 31
0.0
  0
LINE
  5
375
330
1F
100
AcDbEntity
  8
Top Overlay
100
AcDbLine
 10
1.2862448
 20
1.7208465
 30
0.0
 11
1.2862448
 21
1.7219578
 31
0.0
  0
LINE
  5
376
330
1F
100
AcDbEntity
  8
Top Overlay
100
AcDbLine
 10
1.2862448
 20
1.7219578
 30
0.0
 11
1.2856891
 21
1.7219578
 31
0.0
  0
LINE
  5
377
330
1F
100
AcDbEntity
  8
Top Overlay
100
AcDbLine
 10
1.2856891
 20
1.7219578
 30
0.0
 11
1.2856891
 21
1.7230691
 31
0.0
  0
LINE
  5
378
330
1F
100
AcDbEntity
  8
Top Overlay
100
AcDbLine
 10
1.2856891
 20
1.7230691
 30
0.0
 11
1.2851335
 21
1.7230691
 31
0.0
  0
LINE
  5
379
330
1F
100
AcDbEntity
  8
Top Overlay
100
AcDbLine
 10
1.2851335
 20
1.7230691
 30
0.0
 11
1.2851335
 21
1.7241804
 31
0.0
  0
LINE
  5
37A
330
1F
100
AcDbEntity
  8
Top Overlay
100
AcDbLine
 10
1.2851335
 20
1.7241804
 30
0.0
 11
1.2845778
 21
1.7241804
 31
0.0
  0
LINE
  5
37B
330
1F
100
AcDbEntity
  8
Top Overlay
100
AcDbLine
 10
1.2845778
 20
1.7241804
 30
0.0
 11
1.2845778
 21
1.7252917
 31
0.0
  0
LINE
  5
37C
330
1F
100
AcDbEntity
  8
Top Overlay
100
AcDbLine
 10
1.2845778
 20
1.7252917
 30
0.0
 11
1.2840222
 21
1.7252917
 31
0.0
  0
LINE
  5
37D
330
1F
100
AcDbEntity
  8
Top Overlay
100
AcDbLine
 10
1.2840222
 20
1.7252917
 30
0.0
 11
1.2840222
 21
1.726403
 31
0.0
  0
LINE
  5
37E
330
1F
100
AcDbEntity
  8
Top Overlay
100
AcDbLine
 10
1.2840222
 20
1.726403
 30
0.0
 11
1.2834665
 21
1.726403
 31
0.0
  0
LINE
  5
37F
330
1F
100
AcDbEntity
  8
Top Overlay
100
AcDbLine
 10
1.2834665
 20
1.726403
 30
0.0
 11
1.2834665
 21
1.7269587
 31
0.0
  0
LINE
  5
380
330
1F
100
AcDbEntity
  8
Top Overlay
100
AcDbLine
 10
1.2834665
 20
1.7269587
 30
0.0
 11
1.2829108
 21
1.7269587
 31
0.0
  0
LINE
  5
381
330
1F
100
AcDbEntity
  8
Top Overlay
100
AcDbLine
 10
1.2829108
 20
1.7269587
 30
0.0
 11
1.2829108
 21
1.72807
 31
0.0
  0
LINE
  5
382
330
1F
100
AcDbEntity
  8
Top Overlay
100
AcDbLine
 10
1.2829108
 20
1.72807
 30
0.0
 11
1.2840222
 21
1.72807
 31
0.0
  0
LINE
  5
383
330
1F
100
AcDbEntity
  8
Top Overlay
100
AcDbLine
 10
1.2840222
 20
1.72807
 30
0.0
 11
1.2840222
 21
1.7286256
 31
0.0
  0
LINE
  5
384
330
1F
100
AcDbEntity
  8
Top Overlay
100
AcDbLine
 10
1.2840222
 20
1.7286256
 30
0.0
 11
1.2851335
 21
1.7286256
 31
0.0
  0
LINE
  5
385
330
1F
100
AcDbEntity
  8
Top Overlay
100
AcDbLine
 10
1.2851335
 20
1.7286256
 30
0.0
 11
1.2851335
 21
1.7291813
 31
0.0
  0
LINE
  5
386
330
1F
100
AcDbEntity
  8
Top Overlay
100
AcDbLine
 10
1.2851335
 20
1.7291813
 30
0.0
 11
1.2868004
 21
1.7291813
 31
0.0
  0
LINE
  5
387
330
1F
100
AcDbEntity
  8
Top Overlay
100
AcDbLine
 10
1.2868004
 20
1.7291813
 30
0.0
 11
1.2868004
 21
1.7297369
 31
0.0
  0
LINE
  5
388
330
1F
100
AcDbEntity
  8
Top Overlay
100
AcDbLine
 10
1.2868004
 20
1.7297369
 30
0.0
 11
1.2884674
 21
1.7297369
 31
0.0
  0
LINE
  5
389
330
1F
100
AcDbEntity
  8
Top Overlay
100
AcDbLine
 10
1.2884674
 20
1.7297369
 30
0.0
 11
1.2884674
 21
1.7302926
 31
0.0
  0
LINE
  5
38A
330
1F
100
AcDbEntity
  8
Top Overlay
100
AcDbLine
 10
1.2884674
 20
1.7302926
 30
0.0
 11
1.2895787
 21
1.7302926
 31
0.0
  0
LINE
  5
38B
330
1F
100
AcDbEntity
  8
Top Overlay
100
AcDbLine
 10
1.2895787
 20
1.7302926
 30
0.0
 11
1.2895787
 21
1.7308483
 31
0.0
  0
LINE
  5
38C
330
1F
100
AcDbEntity
  8
Top Overlay
100
AcDbLine
 10
1.2895787
 20
1.7308483
 30
0.0
 11
1.2901343
 21
1.7308483
 31
0.0
  0
LINE
  5
38D
330
1F
100
AcDbEntity
  8
Top Overlay
100
AcDbLine
 10
1.2901343
 20
1.7308483
 30
0.0
 11
1.2901343
 21
1.7302926
 31
0.0
  0
LINE
  5
38E
330
1F
100
AcDbEntity
  8
Top Overlay
100
AcDbLine
 10
1.2901343
 20
1.7302926
 30
0.0
 11
1.29069
 21
1.7302926
 31
0.0
  0
LINE
  5
38F
330
1F
100
AcDbEntity
  8
Top Overlay
100
AcDbLine
 10
1.29069
 20
1.7302926
 30
0.0
 11
1.29069
 21
1.7291813
 31
0.0
  0
LINE
  5
390
330
1F
100
AcDbEntity
  8
Top Overlay
100
AcDbLine
 10
1.29069
 20
1.7291813
 30
0.0
 11
1.2912457
 21
1.7291813
 31
0.0
  0
LINE
  5
391
330
1F
100
AcDbEntity
  8
Top Overlay
100
AcDbLine
 10
1.2912457
 20
1.7291813
 30
0.0
 11
1.2912457
 21
1.72807
 31
0.0
  0
LINE
  5
392
330
1F
100
AcDbEntity
  8
Top Overlay
100
AcDbLine
 10
1.2912457
 20
1.72807
 30
0.0
 11
1.2918013
 21
1.72807
 31
0.0
  0
LINE
  5
393
330
1F
100
AcDbEntity
  8
Top Overlay
100
AcDbLine
 10
1.2918013
 20
1.72807
 30
0.0
 11
1.2918013
 21
1.7269587
 31
0.0
  0
LINE
  5
394
330
1F
100
AcDbEntity
  8
Top Overlay
100
AcDbLine
 10
1.2918013
 20
1.7269587
 30
0.0
 11
1.292357
 21
1.7269587
 31
0.0
  0
LINE
  5
395
330
1F
100
AcDbEntity
  8
Top Overlay
100
AcDbLine
 10
1.292357
 20
1.7269587
 30
0.0
 11
1.292357
 21
1.726403
 31
0.0
  0
LINE
  5
396
330
1F
100
AcDbEntity
  8
Top Overlay
100
AcDbLine
 10
1.292357
 20
1.726403
 30
0.0
 11
1.2929126
 21
1.726403
 31
0.0
  0
LINE
  5
397
330
1F
100
AcDbEntity
  8
Top Overlay
100
AcDbLine
 10
1.2929126
 20
1.726403
 30
0.0
 11
1.2929126
 21
1.7252917
 31
0.0
  0
LINE
  5
398
330
1F
100
AcDbEntity
  8
Top Overlay
100
AcDbLine
 10
1.2929126
 20
1.7252917
 30
0.0
 11
1.2934683
 21
1.7252917
 31
0.0
  0
LINE
  5
399
330
1F
100
AcDbEntity
  8
Top Overlay
100
AcDbLine
 10
1.2934683
 20
1.7252917
 30
0.0
 11
1.2934683
 21
1.7241804
 31
0.0
  0
LINE
  5
39A
330
1F
100
AcDbEntity
  8
Top Overlay
100
AcDbLine
 10
1.2934683
 20
1.7241804
 30
0.0
 11
1.2940239
 21
1.7241804
 31
0.0
  0
LINE
  5
39B
330
1F
100
AcDbEntity
  8
Top Overlay
100
AcDbLine
 10
1.2940239
 20
1.7241804
 30
0.0
 11
1.2940239
 21
1.7225134
 31
0.0
  0
LINE
  5
39C
330
1F
100
AcDbEntity
  8
Top Overlay
100
AcDbLine
 10
1.2940239
 20
1.7225134
 30
0.0
 11
1.2934683
 21
1.7225134
 31
0.0
  0
LINE
  5
39D
330
1F
100
AcDbEntity
  8
Top Overlay
100
AcDbLine
 10
1.2934683
 20
1.7225134
 30
0.0
 11
1.2934683
 21
1.7219578
 31
0.0
  0
LINE
  5
39E
330
1F
100
AcDbEntity
  8
Top Overlay
100
AcDbLine
 10
1.2934683
 20
1.7219578
 30
0.0
 11
1.292357
 21
1.7219578
 31
0.0
  0
LINE
  5
39F
330
1F
100
AcDbEntity
  8
Top Overlay
100
AcDbLine
 10
1.292357
 20
1.7219578
 30
0.0
 11
1.292357
 21
1.7214021
 31
0.0
  0
LINE
  5
3A0
330
1F
100
AcDbEntity
  8
Top Overlay
100
AcDbLine
 10
1.292357
 20
1.7214021
 30
0.0
 11
1.2912457
 21
1.7214021
 31
0.0
  0
LINE
  5
3A1
330
1F
100
AcDbEntity
  8
Top Overlay
100
AcDbLine
 10
1.2912457
 20
1.7214021
 30
0.0
 11
1.2912457
 21
1.7208465
 31
0.0
  0
LINE
  5
3A2
330
1F
100
AcDbEntity
  8
Top Overlay
100
AcDbLine
 10
1.2912457
 20
1.7208465
 30
0.0
 11
1.2895787
 21
1.7208465
 31
0.0
  0
LINE
  5
3A3
330
1F
100
AcDbEntity
  8
Top Overlay
100
AcDbLine
 10
1.4068216
 20
1.6736159
 30
0.0
 11
1.4068216
 21
1.6741716
 31
0.0
  0
LINE
  5
3A4
330
1F
100
AcDbEntity
  8
Top Overlay
100
AcDbLine
 10
1.4068216
 20
1.6741716
 30
0.0
 11
1.4068216
 21
1.6891742
 31
0.0
  0
LINE
  5
3A5
330
1F
100
AcDbEntity
  8
Top Overlay
100
AcDbLine
 10
1.4068216
 20
1.6891742
 30
0.0
 11
1.3879294
 21
1.6891742
 31
0.0
  0
LINE
  5
3A6
330
1F
100
AcDbEntity
  8
Top Overlay
100
AcDbLine
 10
1.3879294
 20
1.6891742
 30
0.0
 11
1.3879294
 21
1.6897299
 31
0.0
  0
LINE
  5
3A7
330
1F
100
AcDbEntity
  8
Top Overlay
100
AcDbLine
 10
1.3879294
 20
1.6897299
 30
0.0
 11
1.3873738
 21
1.6897299
 31
0.0
  0
LINE
  5
3A8
330
1F
100
AcDbEntity
  8
Top Overlay
100
AcDbLine
 10
1.3873738
 20
1.6897299
 30
0.0
 11
1.3873738
 21
1.699176
 31
0.0
  0
LINE
  5
3A9
330
1F
100
AcDbEntity
  8
Top Overlay
100
AcDbLine
 10
1.3873738
 20
1.699176
 30
0.0
 11
1.4384939
 21
1.699176
 31
0.0
  0
LINE
  5
3AA
330
1F
100
AcDbEntity
  8
Top Overlay
100
AcDbLine
 10
1.4384939
 20
1.699176
 30
0.0
 11
1.4384939
 21
1.6897299
 31
0.0
  0
LINE
  5
3AB
330
1F
100
AcDbEntity
  8
Top Overlay
100
AcDbLine
 10
1.4384939
 20
1.6897299
 30
0.0
 11
1.4379383
 21
1.6897299
 31
0.0
  0
LINE
  5
3AC
330
1F
100
AcDbEntity
  8
Top Overlay
100
AcDbLine
 10
1.4379383
 20
1.6897299
 30
0.0
 11
1.4379383
 21
1.6891742
 31
0.0
  0
LINE
  5
3AD
330
1F
100
AcDbEntity
  8
Top Overlay
100
AcDbLine
 10
1.4379383
 20
1.6891742
 30
0.0
 11
1.419046
 21
1.6891742
 31
0.0
  0
LINE
  5
3AE
330
1F
100
AcDbEntity
  8
Top Overlay
100
AcDbLine
 10
1.419046
 20
1.6891742
 30
0.0
 11
1.419046
 21
1.643055
 31
0.0
  0
LINE
  5
3AF
330
1F
100
AcDbEntity
  8
Top Overlay
100
AcDbLine
 10
1.419046
 20
1.643055
 30
0.0
 11
1.4184904
 21
1.643055
 31
0.0
  0
LINE
  5
3B0
330
1F
100
AcDbEntity
  8
Top Overlay
100
AcDbLine
 10
1.4184904
 20
1.643055
 30
0.0
 11
1.4184904
 21
1.6419436
 31
0.0
  0
LINE
  5
3B1
330
1F
100
AcDbEntity
  8
Top Overlay
100
AcDbLine
 10
1.4184904
 20
1.6419436
 30
0.0
 11
1.4179347
 21
1.6419436
 31
0.0
  0
LINE
  5
3B2
330
1F
100
AcDbEntity
  8
Top Overlay
100
AcDbLine
 10
1.4179347
 20
1.6419436
 30
0.0
 11
1.4179347
 21
1.6424993
 31
0.0
  0
LINE
  5
3B3
330
1F
100
AcDbEntity
  8
Top Overlay
100
AcDbLine
 10
1.4179347
 20
1.6424993
 30
0.0
 11
1.4068216
 21
1.6424993
 31
0.0
  0
LINE
  5
3B4
330
1F
100
AcDbEntity
  8
Top Overlay
100
AcDbLine
 10
1.4068216
 20
1.6424993
 30
0.0
 11
1.4068216
 21
1.6736159
 31
0.0
  0
LINE
  5
3B5
330
1F
100
AcDbEntity
  8
Top Overlay
100
AcDbLine
 10
1.379039
 20
1.7541857
 30
0.0
 11
1.3795946
 21
1.7541857
 31
0.0
  0
LINE
  5
3B6
330
1F
100
AcDbEntity
  8
Top Overlay
100
AcDbLine
 10
1.3795946
 20
1.7541857
 30
0.0
 11
1.3807059
 21
1.7541857
 31
0.0
  0
LINE
  5
3B7
330
1F
100
AcDbEntity
  8
Top Overlay
100
AcDbLine
 10
1.3807059
 20
1.7541857
 30
0.0
 11
1.3807059
 21
1.7536301
 31
0.0
  0
LINE
  5
3B8
330
1F
100
AcDbEntity
  8
Top Overlay
100
AcDbLine
 10
1.3807059
 20
1.7536301
 30
0.0
 11
1.3840398
 21
1.7536301
 31
0.0
  0
LINE
  5
3B9
330
1F
100
AcDbEntity
  8
Top Overlay
100
AcDbLine
 10
1.3840398
 20
1.7536301
 30
0.0
 11
1.3840398
 21
1.7530744
 31
0.0
  0
LINE
  5
3BA
330
1F
100
AcDbEntity
  8
Top Overlay
100
AcDbLine
 10
1.3840398
 20
1.7530744
 30
0.0
 11
1.3873738
 21
1.7530744
 31
0.0
  0
LINE
  5
3BB
330
1F
100
AcDbEntity
  8
Top Overlay
100
AcDbLine
 10
1.3873738
 20
1.7530744
 30
0.0
 11
1.3873738
 21
1.7525188
 31
0.0
  0
LINE
  5
3BC
330
1F
100
AcDbEntity
  8
Top Overlay
100
AcDbLine
 10
1.3873738
 20
1.7525188
 30
0.0
 11
1.390152
 21
1.7525188
 31
0.0
  0
LINE
  5
3BD
330
1F
100
AcDbEntity
  8
Top Overlay
100
AcDbLine
 10
1.390152
 20
1.7525188
 30
0.0
 11
1.390152
 21
1.7519631
 31
0.0
  0
LINE
  5
3BE
330
1F
100
AcDbEntity
  8
Top Overlay
100
AcDbLine
 10
1.390152
 20
1.7519631
 30
0.0
 11
1.3923746
 21
1.7519631
 31
0.0
  0
LINE
  5
3BF
330
1F
100
AcDbEntity
  8
Top Overlay
100
AcDbLine
 10
1.3923746
 20
1.7519631
 30
0.0
 11
1.3923746
 21
1.7514074
 31
0.0
  0
LINE
  5
3C0
330
1F
100
AcDbEntity
  8
Top Overlay
100
AcDbLine
 10
1.3923746
 20
1.7514074
 30
0.0
 11
1.3951529
 21
1.7514074
 31
0.0
  0
LINE
  5
3C1
330
1F
100
AcDbEntity
  8
Top Overlay
100
AcDbLine
 10
1.3951529
 20
1.7514074
 30
0.0
 11
1.3951529
 21
1.7508518
 31
0.0
  0
LINE
  5
3C2
330
1F
100
AcDbEntity
  8
Top Overlay
100
AcDbLine
 10
1.3951529
 20
1.7508518
 30
0.0
 11
1.3973755
 21
1.7508518
 31
0.0
  0
LINE
  5
3C3
330
1F
100
AcDbEntity
  8
Top Overlay
100
AcDbLine
 10
1.3973755
 20
1.7508518
 30
0.0
 11
1.3973755
 21
1.7502961
 31
0.0
  0
LINE
  5
3C4
330
1F
100
AcDbEntity
  8
Top Overlay
100
AcDbLine
 10
1.3973755
 20
1.7502961
 30
0.0
 11
1.3990425
 21
1.7502961
 31
0.0
  0
LINE
  5
3C5
330
1F
100
AcDbEntity
  8
Top Overlay
100
AcDbLine
 10
1.3990425
 20
1.7502961
 30
0.0
 11
1.3990425
 21
1.7497405
 31
0.0
  0
LINE
  5
3C6
330
1F
100
AcDbEntity
  8
Top Overlay
100
AcDbLine
 10
1.3990425
 20
1.7497405
 30
0.0
 11
1.4018208
 21
1.7497405
 31
0.0
  0
LINE
  5
3C7
330
1F
100
AcDbEntity
  8
Top Overlay
100
AcDbLine
 10
1.4018208
 20
1.7497405
 30
0.0
 11
1.4018208
 21
1.7491848
 31
0.0
  0
LINE
  5
3C8
330
1F
100
AcDbEntity
  8
Top Overlay
100
AcDbLine
 10
1.4018208
 20
1.7491848
 30
0.0
 11
1.4029321
 21
1.7491848
 31
0.0
  0
LINE
  5
3C9
330
1F
100
AcDbEntity
  8
Top Overlay
100
AcDbLine
 10
1.4029321
 20
1.7491848
 30
0.0
 11
1.4029321
 21
1.7486292
 31
0.0
  0
LINE
  5
3CA
330
1F
100
AcDbEntity
  8
Top Overlay
100
AcDbLine
 10
1.4029321
 20
1.7486292
 30
0.0
 11
1.404599
 21
1.7486292
 31
0.0
  0
LINE
  5
3CB
330
1F
100
AcDbEntity
  8
Top Overlay
100
AcDbLine
 10
1.404599
 20
1.7486292
 30
0.0
 11
1.404599
 21
1.7480735
 31
0.0
  0
LINE
  5
3CC
330
1F
100
AcDbEntity
  8
Top Overlay
100
AcDbLine
 10
1.404599
 20
1.7480735
 30
0.0
 11
1.4068216
 21
1.7480735
 31
0.0
  0
LINE
  5
3CD
330
1F
100
AcDbEntity
  8
Top Overlay
100
AcDbLine
 10
1.4068216
 20
1.7480735
 30
0.0
 11
1.4068216
 21
1.7475179
 31
0.0
  0
LINE
  5
3CE
330
1F
100
AcDbEntity
  8
Top Overlay
100
AcDbLine
 10
1.4068216
 20
1.7475179
 30
0.0
 11
1.4084886
 21
1.7475179
 31
0.0
  0
LINE
  5
3CF
330
1F
100
AcDbEntity
  8
Top Overlay
100
AcDbLine
 10
1.4084886
 20
1.7475179
 30
0.0
 11
1.4084886
 21
1.7469622
 31
0.0
  0
LINE
  5
3D0
330
1F
100
AcDbEntity
  8
Top Overlay
100
AcDbLine
 10
1.4084886
 20
1.7469622
 30
0.0
 11
1.4101556
 21
1.7469622
 31
0.0
  0
LINE
  5
3D1
330
1F
100
AcDbEntity
  8
Top Overlay
100
AcDbLine
 10
1.4101556
 20
1.7469622
 30
0.0
 11
1.4101556
 21
1.7464066
 31
0.0
  0
LINE
  5
3D2
330
1F
100
AcDbEntity
  8
Top Overlay
100
AcDbLine
 10
1.4101556
 20
1.7464066
 30
0.0
 11
1.4118225
 21
1.7464066
 31
0.0
  0
LINE
  5
3D3
330
1F
100
AcDbEntity
  8
Top Overlay
100
AcDbLine
 10
1.4118225
 20
1.7464066
 30
0.0
 11
1.4118225
 21
1.7458509
 31
0.0
  0
LINE
  5
3D4
330
1F
100
AcDbEntity
  8
Top Overlay
100
AcDbLine
 10
1.4118225
 20
1.7458509
 30
0.0
 11
1.4129338
 21
1.7458509
 31
0.0
  0
LINE
  5
3D5
330
1F
100
AcDbEntity
  8
Top Overlay
100
AcDbLine
 10
1.4129338
 20
1.7458509
 30
0.0
 11
1.4129338
 21
1.7452953
 31
0.0
  0
LINE
  5
3D6
330
1F
100
AcDbEntity
  8
Top Overlay
100
AcDbLine
 10
1.4129338
 20
1.7452953
 30
0.0
 11
1.4146008
 21
1.7452953
 31
0.0
  0
LINE
  5
3D7
330
1F
100
AcDbEntity
  8
Top Overlay
100
AcDbLine
 10
1.4146008
 20
1.7452953
 30
0.0
 11
1.4146008
 21
1.7447396
 31
0.0
  0
LINE
  5
3D8
330
1F
100
AcDbEntity
  8
Top Overlay
100
AcDbLine
 10
1.4146008
 20
1.7447396
 30
0.0
 11
1.4162678
 21
1.7447396
 31
0.0
  0
LINE
  5
3D9
330
1F
100
AcDbEntity
  8
Top Overlay
100
AcDbLine
 10
1.4162678
 20
1.7447396
 30
0.0
 11
1.4162678
 21
1.7441839
 31
0.0
  0
LINE
  5
3DA
330
1F
100
AcDbEntity
  8
Top Overlay
100
AcDbLine
 10
1.4162678
 20
1.7441839
 30
0.0
 11
1.4173791
 21
1.7441839
 31
0.0
  0
LINE
  5
3DB
330
1F
100
AcDbEntity
  8
Top Overlay
100
AcDbLine
 10
1.4173791
 20
1.7441839
 30
0.0
 11
1.4173791
 21
1.7436283
 31
0.0
  0
LINE
  5
3DC
330
1F
100
AcDbEntity
  8
Top Overlay
100
AcDbLine
 10
1.4173791
 20
1.7436283
 30
0.0
 11
1.4184904
 21
1.7436283
 31
0.0
  0
LINE
  5
3DD
330
1F
100
AcDbEntity
  8
Top Overlay
100
AcDbLine
 10
1.4184904
 20
1.7436283
 30
0.0
 11
1.4184904
 21
1.7430726
 31
0.0
  0
LINE
  5
3DE
330
1F
100
AcDbEntity
  8
Top Overlay
100
AcDbLine
 10
1.4184904
 20
1.7430726
 30
0.0
 11
1.4201573
 21
1.7430726
 31
0.0
  0
LINE
  5
3DF
330
1F
100
AcDbEntity
  8
Top Overlay
100
AcDbLine
 10
1.4201573
 20
1.7430726
 30
0.0
 11
1.4201573
 21
1.742517
 31
0.0
  0
LINE
  5
3E0
330
1F
100
AcDbEntity
  8
Top Overlay
100
AcDbLine
 10
1.4201573
 20
1.742517
 30
0.0
 11
1.4212686
 21
1.742517
 31
0.0
  0
LINE
  5
3E1
330
1F
100
AcDbEntity
  8
Top Overlay
100
AcDbLine
 10
1.4212686
 20
1.742517
 30
0.0
 11
1.4212686
 21
1.7419613
 31
0.0
  0
LINE
  5
3E2
330
1F
100
AcDbEntity
  8
Top Overlay
100
AcDbLine
 10
1.4212686
 20
1.7419613
 30
0.0
 11
1.4223799
 21
1.7419613
 31
0.0
  0
LINE
  5
3E3
330
1F
100
AcDbEntity
  8
Top Overlay
100
AcDbLine
 10
1.4223799
 20
1.7419613
 30
0.0
 11
1.4223799
 21
1.7414057
 31
0.0
  0
LINE
  5
3E4
330
1F
100
AcDbEntity
  8
Top Overlay
100
AcDbLine
 10
1.4223799
 20
1.7414057
 30
0.0
 11
1.4240469
 21
1.7414057
 31
0.0
  0
LINE
  5
3E5
330
1F
100
AcDbEntity
  8
Top Overlay
100
AcDbLine
 10
1.4240469
 20
1.7414057
 30
0.0
 11
1.4240469
 21
1.74085
 31
0.0
  0
LINE
  5
3E6
330
1F
100
AcDbEntity
  8
Top Overlay
100
AcDbLine
 10
1.4240469
 20
1.74085
 30
0.0
 11
1.4251582
 21
1.74085
 31
0.0
  0
LINE
  5
3E7
330
1F
100
AcDbEntity
  8
Top Overlay
100
AcDbLine
 10
1.4251582
 20
1.74085
 30
0.0
 11
1.4251582
 21
1.7402944
 31
0.0
  0
LINE
  5
3E8
330
1F
100
AcDbEntity
  8
Top Overlay
100
AcDbLine
 10
1.4251582
 20
1.7402944
 30
0.0
 11
1.4262695
 21
1.7402944
 31
0.0
  0
LINE
  5
3E9
330
1F
100
AcDbEntity
  8
Top Overlay
100
AcDbLine
 10
1.4262695
 20
1.7402944
 30
0.0
 11
1.4262695
 21
1.7397387
 31
0.0
  0
LINE
  5
3EA
330
1F
100
AcDbEntity
  8
Top Overlay
100
AcDbLine
 10
1.4262695
 20
1.7397387
 30
0.0
 11
1.4273808
 21
1.7397387
 31
0.0
  0
LINE
  5
3EB
330
1F
100
AcDbEntity
  8
Top Overlay
100
AcDbLine
 10
1.4273808
 20
1.7397387
 30
0.0
 11
1.4273808
 21
1.7391831
 31
0.0
  0
LINE
  5
3EC
330
1F
100
AcDbEntity
  8
Top Overlay
100
AcDbLine
 10
1.4273808
 20
1.7391831
 30
0.0
 11
1.4284921
 21
1.7391831
 31
0.0
  0
LINE
  5
3ED
330
1F
100
AcDbEntity
  8
Top Overlay
100
AcDbLine
 10
1.4284921
 20
1.7391831
 30
0.0
 11
1.4284921
 21
1.7386274
 31
0.0
  0
LINE
  5
3EE
330
1F
100
AcDbEntity
  8
Top Overlay
100
AcDbLine
 10
1.4284921
 20
1.7386274
 30
0.0
 11
1.4296034
 21
1.7386274
 31
0.0
  0
LINE
  5
3EF
330
1F
100
AcDbEntity
  8
Top Overlay
100
AcDbLine
 10
1.4296034
 20
1.7386274
 30
0.0
 11
1.4296034
 21
1.7380718
 31
0.0
  0
LINE
  5
3F0
330
1F
100
AcDbEntity
  8
Top Overlay
100
AcDbLine
 10
1.4296034
 20
1.7380718
 30
0.0
 11
1.4307148
 21
1.7380718
 31
0.0
  0
LINE
  5
3F1
330
1F
100
AcDbEntity
  8
Top Overlay
100
AcDbLine
 10
1.4307148
 20
1.7380718
 30
0.0
 11
1.4307148
 21
1.7375161
 31
0.0
  0
LINE
  5
3F2
330
1F
100
AcDbEntity
  8
Top Overlay
100
AcDbLine
 10
1.4307148
 20
1.7375161
 30
0.0
 11
1.4318261
 21
1.7375161
 31
0.0
  0
LINE
  5
3F3
330
1F
100
AcDbEntity
  8
Top Overlay
100
AcDbLine
 10
1.4318261
 20
1.7375161
 30
0.0
 11
1.4318261
 21
1.7369604
 31
0.0
  0
LINE
  5
3F4
330
1F
100
AcDbEntity
  8
Top Overlay
100
AcDbLine
 10
1.4318261
 20
1.7369604
 30
0.0
 11
1.4329374
 21
1.7369604
 31
0.0
  0
LINE
  5
3F5
330
1F
100
AcDbEntity
  8
Top Overlay
100
AcDbLine
 10
1.4329374
 20
1.7369604
 30
0.0
 11
1.4329374
 21
1.7364048
 31
0.0
  0
LINE
  5
3F6
330
1F
100
AcDbEntity
  8
Top Overlay
100
AcDbLine
 10
1.4329374
 20
1.7364048
 30
0.0
 11
1.4340487
 21
1.7364048
 31
0.0
  0
LINE
  5
3F7
330
1F
100
AcDbEntity
  8
Top Overlay
100
AcDbLine
 10
1.4340487
 20
1.7364048
 30
0.0
 11
1.4340487
 21
1.7358491
 31
0.0
  0
LINE
  5
3F8
330
1F
100
AcDbEntity
  8
Top Overlay
100
AcDbLine
 10
1.4340487
 20
1.7358491
 30
0.0
 11
1.43516
 21
1.7358491
 31
0.0
  0
LINE
  5
3F9
330
1F
100
AcDbEntity
  8
Top Overlay
100
AcDbLine
 10
1.43516
 20
1.7358491
 30
0.0
 11
1.43516
 21
1.7352935
 31
0.0
  0
LINE
  5
3FA
330
1F
100
AcDbEntity
  8
Top Overlay
100
AcDbLine
 10
1.43516
 20
1.7352935
 30
0.0
 11
1.4362713
 21
1.7352935
 31
0.0
  0
LINE
  5
3FB
330
1F
100
AcDbEntity
  8
Top Overlay
100
AcDbLine
 10
1.4362713
 20
1.7352935
 30
0.0
 11
1.4362713
 21
1.7347378
 31
0.0
  0
LINE
  5
3FC
330
1F
100
AcDbEntity
  8
Top Overlay
100
AcDbLine
 10
1.4362713
 20
1.7347378
 30
0.0
 11
1.4368269
 21
1.7347378
 31
0.0
  0
LINE
  5
3FD
330
1F
100
AcDbEntity
  8
Top Overlay
100
AcDbLine
 10
1.4368269
 20
1.7347378
 30
0.0
 11
1.4368269
 21
1.7341822
 31
0.0
  0
LINE
  5
3FE
330
1F
100
AcDbEntity
  8
Top Overlay
100
AcDbLine
 10
1.4368269
 20
1.7341822
 30
0.0
 11
1.4379383
 21
1.7341822
 31
0.0
  0
LINE
  5
3FF
330
1F
100
AcDbEntity
  8
Top Overlay
100
AcDbLine
 10
1.4379383
 20
1.7341822
 30
0.0
 11
1.4379383
 21
1.7336265
 31
0.0
  0
LINE
  5
400
330
1F
100
AcDbEntity
  8
Top Overlay
100
AcDbLine
 10
1.4379383
 20
1.7336265
 30
0.0
 11
1.4390496
 21
1.7336265
 31
0.0
  0
LINE
  5
401
330
1F
100
AcDbEntity
  8
Top Overlay
100
AcDbLine
 10
1.4390496
 20
1.7336265
 30
0.0
 11
1.4390496
 21
1.7330709
 31
0.0
  0
LINE
  5
402
330
1F
100
AcDbEntity
  8
Top Overlay
100
AcDbLine
 10
1.4390496
 20
1.7330709
 30
0.0
 11
1.4401609
 21
1.7330709
 31
0.0
  0
LINE
  5
403
330
1F
100
AcDbEntity
  8
Top Overlay
100
AcDbLine
 10
1.4401609
 20
1.7330709
 30
0.0
 11
1.4401609
 21
1.7325152
 31
0.0
  0
LINE
  5
404
330
1F
100
AcDbEntity
  8
Top Overlay
100
AcDbLine
 10
1.4401609
 20
1.7325152
 30
0.0
 11
1.4407165
 21
1.7325152
 31
0.0
  0
LINE
  5
405
330
1F
100
AcDbEntity
  8
Top Overlay
100
AcDbLine
 10
1.4407165
 20
1.7325152
 30
0.0
 11
1.4407165
 21
1.7319596
 31
0.0
  0
LINE
  5
406
330
1F
100
AcDbEntity
  8
Top Overlay
100
AcDbLine
 10
1.4407165
 20
1.7319596
 30
0.0
 11
1.4418278
 21
1.7319596
 31
0.0
  0
LINE
  5
407
330
1F
100
AcDbEntity
  8
Top Overlay
100
AcDbLine
 10
1.4418278
 20
1.7319596
 30
0.0
 11
1.4418278
 21
1.7314039
 31
0.0
  0
LINE
  5
408
330
1F
100
AcDbEntity
  8
Top Overlay
100
AcDbLine
 10
1.4418278
 20
1.7314039
 30
0.0
 11
1.4429391
 21
1.7314039
 31
0.0
  0
LINE
  5
409
330
1F
100
AcDbEntity
  8
Top Overlay
100
AcDbLine
 10
1.4429391
 20
1.7314039
 30
0.0
 11
1.4429391
 21
1.7308483
 31
0.0
  0
LINE
  5
40A
330
1F
100
AcDbEntity
  8
Top Overlay
100
AcDbLine
 10
1.4429391
 20
1.7308483
 30
0.0
 11
1.4434948
 21
1.7308483
 31
0.0
  0
LINE
  5
40B
330
1F
100
AcDbEntity
  8
Top Overlay
100
AcDbLine
 10
1.4434948
 20
1.7308483
 30
0.0
 11
1.4434948
 21
1.7302926
 31
0.0
  0
LINE
  5
40C
330
1F
100
AcDbEntity
  8
Top Overlay
100
AcDbLine
 10
1.4434948
 20
1.7302926
 30
0.0
 11
1.4446061
 21
1.7302926
 31
0.0
  0
LINE
  5
40D
330
1F
100
AcDbEntity
  8
Top Overlay
100
AcDbLine
 10
1.4446061
 20
1.7302926
 30
0.0
 11
1.4446061
 21
1.7297369
 31
0.0
  0
LINE
  5
40E
330
1F
100
AcDbEntity
  8
Top Overlay
100
AcDbLine
 10
1.4446061
 20
1.7297369
 30
0.0
 11
1.4451618
 21
1.7297369
 31
0.0
  0
LINE
  5
40F
330
1F
100
AcDbEntity
  8
Top Overlay
100
AcDbLine
 10
1.4451618
 20
1.7297369
 30
0.0
 11
1.4451618
 21
1.7291813
 31
0.0
  0
LINE
  5
410
330
1F
100
AcDbEntity
  8
Top Overlay
100
AcDbLine
 10
1.4451618
 20
1.7291813
 30
0.0
 11
1.4462731
 21
1.7291813
 31
0.0
  0
LINE
  5
411
330
1F
100
AcDbEntity
  8
Top Overlay
100
AcDbLine
 10
1.4462731
 20
1.7291813
 30
0.0
 11
1.4462731
 21
1.7286256
 31
0.0
  0
LINE
  5
412
330
1F
100
AcDbEntity
  8
Top Overlay
100
AcDbLine
 10
1.4462731
 20
1.7286256
 30
0.0
 11
1.4473844
 21
1.7286256
 31
0.0
  0
LINE
  5
413
330
1F
100
AcDbEntity
  8
Top Overlay
100
AcDbLine
 10
1.4473844
 20
1.7286256
 30
0.0
 11
1.4473844
 21
1.72807
 31
0.0
  0
LINE
  5
414
330
1F
100
AcDbEntity
  8
Top Overlay
100
AcDbLine
 10
1.4473844
 20
1.72807
 30
0.0
 11
1.44794
 21
1.72807
 31
0.0
  0
LINE
  5
415
330
1F
100
AcDbEntity
  8
Top Overlay
100
AcDbLine
 10
1.44794
 20
1.72807
 30
0.0
 11
1.44794
 21
1.7275143
 31
0.0
  0
LINE
  5
416
330
1F
100
AcDbEntity
  8
Top Overlay
100
AcDbLine
 10
1.44794
 20
1.7275143
 30
0.0
 11
1.4484957
 21
1.7275143
 31
0.0
  0
LINE
  5
417
330
1F
100
AcDbEntity
  8
Top Overlay
100
AcDbLine
 10
1.4484957
 20
1.7275143
 30
0.0
 11
1.4484957
 21
1.7269587
 31
0.0
  0
LINE
  5
418
330
1F
100
AcDbEntity
  8
Top Overlay
100
AcDbLine
 10
1.4484957
 20
1.7269587
 30
0.0
 11
1.449607
 21
1.7269587
 31
0.0
  0
LINE
  5
419
330
1F
100
AcDbEntity
  8
Top Overlay
100
AcDbLine
 10
1.449607
 20
1.7269587
 30
0.0
 11
1.449607
 21
1.726403
 31
0.0
  0
LINE
  5
41A
330
1F
100
AcDbEntity
  8
Top Overlay
100
AcDbLine
 10
1.449607
 20
1.726403
 30
0.0
 11
1.4507183
 21
1.726403
 31
0.0
  0
LINE
  5
41B
330
1F
100
AcDbEntity
  8
Top Overlay
100
AcDbLine
 10
1.4507183
 20
1.726403
 30
0.0
 11
1.4507183
 21
1.7258474
 31
0.0
  0
LINE
  5
41C
330
1F
100
AcDbEntity
  8
Top Overlay
100
AcDbLine
 10
1.4507183
 20
1.7258474
 30
0.0
 11
1.4512739
 21
1.7258474
 31
0.0
  0
LINE
  5
41D
330
1F
100
AcDbEntity
  8
Top Overlay
100
AcDbLine
 10
1.4512739
 20
1.7258474
 30
0.0
 11
1.4512739
 21
1.7252917
 31
0.0
  0
LINE
  5
41E
330
1F
100
AcDbEntity
  8
Top Overlay
100
AcDbLine
 10
1.4512739
 20
1.7252917
 30
0.0
 11
1.4518296
 21
1.7252917
 31
0.0
  0
LINE
  5
41F
330
1F
100
AcDbEntity
  8
Top Overlay
100
AcDbLine
 10
1.4518296
 20
1.7252917
 30
0.0
 11
1.4518296
 21
1.7247361
 31
0.0
  0
LINE
  5
420
330
1F
100
AcDbEntity
  8
Top Overlay
100
AcDbLine
 10
1.4518296
 20
1.7247361
 30
0.0
 11
1.4529409
 21
1.7247361
 31
0.0
  0
LINE
  5
421
330
1F
100
AcDbEntity
  8
Top Overlay
100
AcDbLine
 10
1.4529409
 20
1.7247361
 30
0.0
 11
1.4529409
 21
1.7241804
 31
0.0
  0
LINE
  5
422
330
1F
100
AcDbEntity
  8
Top Overlay
100
AcDbLine
 10
1.4529409
 20
1.7241804
 30
0.0
 11
1.4534966
 21
1.7241804
 31
0.0
  0
LINE
  5
423
330
1F
100
AcDbEntity
  8
Top Overlay
100
AcDbLine
 10
1.4534966
 20
1.7241804
 30
0.0
 11
1.4534966
 21
1.7236248
 31
0.0
  0
LINE
  5
424
330
1F
100
AcDbEntity
  8
Top Overlay
100
AcDbLine
 10
1.4534966
 20
1.7236248
 30
0.0
 11
1.4546079
 21
1.7236248
 31
0.0
  0
LINE
  5
425
330
1F
100
AcDbEntity
  8
Top Overlay
100
AcDbLine
 10
1.4546079
 20
1.7236248
 30
0.0
 11
1.4546079
 21
1.7230691
 31
0.0
  0
LINE
  5
426
330
1F
100
AcDbEntity
  8
Top Overlay
100
AcDbLine
 10
1.4546079
 20
1.7230691
 30
0.0
 11
1.4551635
 21
1.7230691
 31
0.0
  0
LINE
  5
427
330
1F
100
AcDbEntity
  8
Top Overlay
100
AcDbLine
 10
1.4551635
 20
1.7230691
 30
0.0
 11
1.4551635
 21
1.7225134
 31
0.0
  0
LINE
  5
428
330
1F
100
AcDbEntity
  8
Top Overlay
100
AcDbLine
 10
1.4551635
 20
1.7225134
 30
0.0
 11
1.4557192
 21
1.7225134
 31
0.0
  0
LINE
  5
429
330
1F
100
AcDbEntity
  8
Top Overlay
100
AcDbLine
 10
1.4557192
 20
1.7225134
 30
0.0
 11
1.4557192
 21
1.7219578
 31
0.0
  0
LINE
  5
42A
330
1F
100
AcDbEntity
  8
Top Overlay
100
AcDbLine
 10
1.4557192
 20
1.7219578
 30
0.0
 11
1.4568305
 21
1.7219578
 31
0.0
  0
LINE
  5
42B
330
1F
100
AcDbEntity
  8
Top Overlay
100
AcDbLine
 10
1.4568305
 20
1.7219578
 30
0.0
 11
1.4568305
 21
1.7214021
 31
0.0
  0
LINE
  5
42C
330
1F
100
AcDbEntity
  8
Top Overlay
100
AcDbLine
 10
1.4568305
 20
1.7214021
 30
0.0
 11
1.4573861
 21
1.7214021
 31
0.0
  0
LINE
  5
42D
330
1F
100
AcDbEntity
  8
Top Overlay
100
AcDbLine
 10
1.4573861
 20
1.7214021
 30
0.0
 11
1.4573861
 21
1.7208465
 31
0.0
  0
LINE
  5
42E
330
1F
100
AcDbEntity
  8
Top Overlay
100
AcDbLine
 10
1.4573861
 20
1.7208465
 30
0.0
 11
1.4579418
 21
1.7208465
 31
0.0
  0
LINE
  5
42F
330
1F
100
AcDbEntity
  8
Top Overlay
100
AcDbLine
 10
1.4579418
 20
1.7208465
 30
0.0
 11
1.4579418
 21
1.7202908
 31
0.0
  0
LINE
  5
430
330
1F
100
AcDbEntity
  8
Top Overlay
100
AcDbLine
 10
1.4579418
 20
1.7202908
 30
0.0
 11
1.4590531
 21
1.7202908
 31
0.0
  0
LINE
  5
431
330
1F
100
AcDbEntity
  8
Top Overlay
100
AcDbLine
 10
1.4590531
 20
1.7202908
 30
0.0
 11
1.4590531
 21
1.7197352
 31
0.0
  0
LINE
  5
432
330
1F
100
AcDbEntity
  8
Top Overlay
100
AcDbLine
 10
1.4590531
 20
1.7197352
 30
0.0
 11
1.4596088
 21
1.7197352
 31
0.0
  0
LINE
  5
433
330
1F
100
AcDbEntity
  8
Top Overlay
100
AcDbLine
 10
1.4596088
 20
1.7197352
 30
0.0
 11
1.4596088
 21
1.7191795
 31
0.0
  0
LINE
  5
434
330
1F
100
AcDbEntity
  8
Top Overlay
100
AcDbLine
 10
1.4596088
 20
1.7191795
 30
0.0
 11
1.4601644
 21
1.7191795
 31
0.0
  0
LINE
  5
435
330
1F
100
AcDbEntity
  8
Top Overlay
100
AcDbLine
 10
1.4601644
 20
1.7191795
 30
0.0
 11
1.4601644
 21
1.7186239
 31
0.0
  0
LINE
  5
436
330
1F
100
AcDbEntity
  8
Top Overlay
100
AcDbLine
 10
1.4601644
 20
1.7186239
 30
0.0
 11
1.4607201
 21
1.7186239
 31
0.0
  0
LINE
  5
437
330
1F
100
AcDbEntity
  8
Top Overlay
100
AcDbLine
 10
1.4607201
 20
1.7186239
 30
0.0
 11
1.4607201
 21
1.7180682
 31
0.0
  0
LINE
  5
438
330
1F
100
AcDbEntity
  8
Top Overlay
100
AcDbLine
 10
1.4607201
 20
1.7180682
 30
0.0
 11
1.4618314
 21
1.7180682
 31
0.0
  0
LINE
  5
439
330
1F
100
AcDbEntity
  8
Top Overlay
100
AcDbLine
 10
1.4618314
 20
1.7180682
 30
0.0
 11
1.4618314
 21
1.7175126
 31
0.0
  0
LINE
  5
43A
330
1F
100
AcDbEntity
  8
Top Overlay
100
AcDbLine
 10
1.4618314
 20
1.7175126
 30
0.0
 11
1.462387
 21
1.7175126
 31
0.0
  0
LINE
  5
43B
330
1F
100
AcDbEntity
  8
Top Overlay
100
AcDbLine
 10
1.462387
 20
1.7175126
 30
0.0
 11
1.462387
 21
1.7169569
 31
0.0
  0
LINE
  5
43C
330
1F
100
AcDbEntity
  8
Top Overlay
100
AcDbLine
 10
1.462387
 20
1.7169569
 30
0.0
 11
1.4629427
 21
1.7169569
 31
0.0
  0
LINE
  5
43D
330
1F
100
AcDbEntity
  8
Top Overlay
100
AcDbLine
 10
1.4629427
 20
1.7169569
 30
0.0
 11
1.4629427
 21
1.7164013
 31
0.0
  0
LINE
  5
43E
330
1F
100
AcDbEntity
  8
Top Overlay
100
AcDbLine
 10
1.4629427
 20
1.7164013
 30
0.0
 11
1.4634983
 21
1.7164013
 31
0.0
  0
LINE
  5
43F
330
1F
100
AcDbEntity
  8
Top Overlay
100
AcDbLine
 10
1.4634983
 20
1.7164013
 30
0.0
 11
1.4634983
 21
1.7158456
 31
0.0
  0
LINE
  5
440
330
1F
100
AcDbEntity
  8
Top Overlay
100
AcDbLine
 10
1.4634983
 20
1.7158456
 30
0.0
 11
1.4646096
 21
1.7158456
 31
0.0
  0
LINE
  5
441
330
1F
100
AcDbEntity
  8
Top Overlay
100
AcDbLine
 10
1.4646096
 20
1.7158456
 30
0.0
 11
1.4646096
 21
1.7152899
 31
0.0
  0
LINE
  5
442
330
1F
100
AcDbEntity
  8
Top Overlay
100
AcDbLine
 10
1.4646096
 20
1.7152899
 30
0.0
 11
1.4651653
 21
1.7152899
 31
0.0
  0
LINE
  5
443
330
1F
100
AcDbEntity
  8
Top Overlay
100
AcDbLine
 10
1.4651653
 20
1.7152899
 30
0.0
 11
1.4651653
 21
1.7147343
 31
0.0
  0
LINE
  5
444
330
1F
100
AcDbEntity
  8
Top Overlay
100
AcDbLine
 10
1.4651653
 20
1.7147343
 30
0.0
 11
1.4657209
 21
1.7147343
 31
0.0
  0
LINE
  5
445
330
1F
100
AcDbEntity
  8
Top Overlay
100
AcDbLine
 10
1.4657209
 20
1.7147343
 30
0.0
 11
1.4657209
 21
1.7141786
 31
0.0
  0
LINE
  5
446
330
1F
100
AcDbEntity
  8
Top Overlay
100
AcDbLine
 10
1.4657209
 20
1.7141786
 30
0.0
 11
1.4662766
 21
1.7141786
 31
0.0
  0
LINE
  5
447
330
1F
100
AcDbEntity
  8
Top Overlay
100
AcDbLine
 10
1.4662766
 20
1.7141786
 30
0.0
 11
1.4662766
 21
1.713623
 31
0.0
  0
LINE
  5
448
330
1F
100
AcDbEntity
  8
Top Overlay
100
AcDbLine
 10
1.4662766
 20
1.713623
 30
0.0
 11
1.4668323
 21
1.713623
 31
0.0
  0
LINE
  5
449
330
1F
100
AcDbEntity
  8
Top Overlay
100
AcDbLine
 10
1.4668323
 20
1.713623
 30
0.0
 11
1.4668323
 21
1.7130673
 31
0.0
  0
LINE
  5
44A
330
1F
100
AcDbEntity
  8
Top Overlay
100
AcDbLine
 10
1.4668323
 20
1.7130673
 30
0.0
 11
1.4673879
 21
1.7130673
 31
0.0
  0
LINE
  5
44B
330
1F
100
AcDbEntity
  8
Top Overlay
100
AcDbLine
 10
1.4673879
 20
1.7130673
 30
0.0
 11
1.4673879
 21
1.7125117
 31
0.0
  0
LINE
  5
44C
330
1F
100
AcDbEntity
  8
Top Overlay
100
AcDbLine
 10
1.4673879
 20
1.7125117
 30
0.0
 11
1.4684992
 21
1.7125117
 31
0.0
  0
LINE
  5
44D
330
1F
100
AcDbEntity
  8
Top Overlay
100
AcDbLine
 10
1.4684992
 20
1.7125117
 30
0.0
 11
1.4684992
 21
1.711956
 31
0.0
  0
LINE
  5
44E
330
1F
100
AcDbEntity
  8
Top Overlay
100
AcDbLine
 10
1.4684992
 20
1.711956
 30
0.0
 11
1.4690549
 21
1.711956
 31
0.0
  0
LINE
  5
44F
330
1F
100
AcDbEntity
  8
Top Overlay
100
AcDbLine
 10
1.4690549
 20
1.711956
 30
0.0
 11
1.4690549
 21
1.7114004
 31
0.0
  0
LINE
  5
450
330
1F
100
AcDbEntity
  8
Top Overlay
100
AcDbLine
 10
1.4690549
 20
1.7114004
 30
0.0
 11
1.4696105
 21
1.7114004
 31
0.0
  0
LINE
  5
451
330
1F
100
AcDbEntity
  8
Top Overlay
100
AcDbLine
 10
1.4696105
 20
1.7114004
 30
0.0
 11
1.4696105
 21
1.7108447
 31
0.0
  0
LINE
  5
452
330
1F
100
AcDbEntity
  8
Top Overlay
100
AcDbLine
 10
1.4696105
 20
1.7108447
 30
0.0
 11
1.4701662
 21
1.7108447
 31
0.0
  0
LINE
  5
453
330
1F
100
AcDbEntity
  8
Top Overlay
100
AcDbLine
 10
1.4701662
 20
1.7108447
 30
0.0
 11
1.4701662
 21
1.7102891
 31
0.0
  0
LINE
  5
454
330
1F
100
AcDbEntity
  8
Top Overlay
100
AcDbLine
 10
1.4701662
 20
1.7102891
 30
0.0
 11
1.4707218
 21
1.7102891
 31
0.0
  0
LINE
  5
455
330
1F
100
AcDbEntity
  8
Top Overlay
100
AcDbLine
 10
1.4707218
 20
1.7102891
 30
0.0
 11
1.4707218
 21
1.7097334
 31
0.0
  0
LINE
  5
456
330
1F
100
AcDbEntity
  8
Top Overlay
100
AcDbLine
 10
1.4707218
 20
1.7097334
 30
0.0
 11
1.4712775
 21
1.7097334
 31
0.0
  0
LINE
  5
457
330
1F
100
AcDbEntity
  8
Top Overlay
100
AcDbLine
 10
1.4712775
 20
1.7097334
 30
0.0
 11
1.4712775
 21
1.7091778
 31
0.0
  0
LINE
  5
458
330
1F
100
AcDbEntity
  8
Top Overlay
100
AcDbLine
 10
1.4712775
 20
1.7091778
 30
0.0
 11
1.4718331
 21
1.7091778
 31
0.0
  0
LINE
  5
459
330
1F
100
AcDbEntity
  8
Top Overlay
100
AcDbLine
 10
1.4718331
 20
1.7091778
 30
0.0
 11
1.4718331
 21
1.7086221
 31
0.0
  0
LINE
  5
45A
330
1F
100
AcDbEntity
  8
Top Overlay
100
AcDbLine
 10
1.4718331
 20
1.7086221
 30
0.0
 11
1.4723888
 21
1.7086221
 31
0.0
  0
LINE
  5
45B
330
1F
100
AcDbEntity
  8
Top Overlay
100
AcDbLine
 10
1.4723888
 20
1.7086221
 30
0.0
 11
1.4723888
 21
1.7080664
 31
0.0
  0
LINE
  5
45C
330
1F
100
AcDbEntity
  8
Top Overlay
100
AcDbLine
 10
1.4723888
 20
1.7080664
 30
0.0
 11
1.4729444
 21
1.7080664
 31
0.0
  0
LINE
  5
45D
330
1F
100
AcDbEntity
  8
Top Overlay
100
AcDbLine
 10
1.4729444
 20
1.7080664
 30
0.0
 11
1.4729444
 21
1.7075108
 31
0.0
  0
LINE
  5
45E
330
1F
100
AcDbEntity
  8
Top Overlay
100
AcDbLine
 10
1.4729444
 20
1.7075108
 30
0.0
 11
1.4735001
 21
1.7075108
 31
0.0
  0
LINE
  5
45F
330
1F
100
AcDbEntity
  8
Top Overlay
100
AcDbLine
 10
1.4735001
 20
1.7075108
 30
0.0
 11
1.4735001
 21
1.7069551
 31
0.0
  0
LINE
  5
460
330
1F
100
AcDbEntity
  8
Top Overlay
100
AcDbLine
 10
1.4735001
 20
1.7069551
 30
0.0
 11
1.4740558
 21
1.7069551
 31
0.0
  0
LINE
  5
461
330
1F
100
AcDbEntity
  8
Top Overlay
100
AcDbLine
 10
1.4740558
 20
1.7069551
 30
0.0
 11
1.4740558
 21
1.7063995
 31
0.0
  0
LINE
  5
462
330
1F
100
AcDbEntity
  8
Top Overlay
100
AcDbLine
 10
1.4740558
 20
1.7063995
 30
0.0
 11
1.4746114
 21
1.7063995
 31
0.0
  0
LINE
  5
463
330
1F
100
AcDbEntity
  8
Top Overlay
100
AcDbLine
 10
1.4746114
 20
1.7063995
 30
0.0
 11
1.4746114
 21
1.7058438
 31
0.0
  0
LINE
  5
464
330
1F
100
AcDbEntity
  8
Top Overlay
100
AcDbLine
 10
1.4746114
 20
1.7058438
 30
0.0
 11
1.4751671
 21
1.7058438
 31
0.0
  0
LINE
  5
465
330
1F
100
AcDbEntity
  8
Top Overlay
100
AcDbLine
 10
1.4751671
 20
1.7058438
 30
0.0
 11
1.4751671
 21
1.7052882
 31
0.0
  0
LINE
  5
466
330
1F
100
AcDbEntity
  8
Top Overlay
100
AcDbLine
 10
1.4751671
 20
1.7052882
 30
0.0
 11
1.4762784
 21
1.7052882
 31
0.0
  0
LINE
  5
467
330
1F
100
AcDbEntity
  8
Top Overlay
100
AcDbLine
 10
1.4762784
 20
1.7052882
 30
0.0
 11
1.4762784
 21
1.7047325
 31
0.0
  0
LINE
  5
468
330
1F
100
AcDbEntity
  8
Top Overlay
100
AcDbLine
 10
1.4762784
 20
1.7047325
 30
0.0
 11
1.476834
 21
1.7047325
 31
0.0
  0
LINE
  5
469
330
1F
100
AcDbEntity
  8
Top Overlay
100
AcDbLine
 10
1.476834
 20
1.7047325
 30
0.0
 11
1.476834
 21
1.7041769
 31
0.0
  0
LINE
  5
46A
330
1F
100
AcDbEntity
  8
Top Overlay
100
AcDbLine
 10
1.476834
 20
1.7041769
 30
0.0
 11
1.4773897
 21
1.7041769
 31
0.0
  0
LINE
  5
46B
330
1F
100
AcDbEntity
  8
Top Overlay
100
AcDbLine
 10
1.4773897
 20
1.7041769
 30
0.0
 11
1.4773897
 21
1.7036212
 31
0.0
  0
LINE
  5
46C
330
1F
100
AcDbEntity
  8
Top Overlay
100
AcDbLine
 10
1.4773897
 20
1.7036212
 30
0.0
 11
1.4779453
 21
1.7036212
 31
0.0
  0
LINE
  5
46D
330
1F
100
AcDbEntity
  8
Top Overlay
100
AcDbLine
 10
1.4779453
 20
1.7036212
 30
0.0
 11
1.4779453
 21
1.7025099
 31
0.0
  0
LINE
  5
46E
330
1F
100
AcDbEntity
  8
Top Overlay
100
AcDbLine
 10
1.4779453
 20
1.7025099
 30
0.0
 11
1.478501
 21
1.7025099
 31
0.0
  0
LINE
  5
46F
330
1F
100
AcDbEntity
  8
Top Overlay
100
AcDbLine
 10
1.478501
 20
1.7025099
 30
0.0
 11
1.478501
 21
1.7019543
 31
0.0
  0
LINE
  5
470
330
1F
100
AcDbEntity
  8
Top Overlay
100
AcDbLine
 10
1.478501
 20
1.7019543
 30
0.0
 11
1.4790566
 21
1.7019543
 31
0.0
  0
LINE
  5
471
330
1F
100
AcDbEntity
  8
Top Overlay
100
AcDbLine
 10
1.4790566
 20
1.7019543
 30
0.0
 11
1.4790566
 21
1.7013986
 31
0.0
  0
LINE
  5
472
330
1F
100
AcDbEntity
  8
Top Overlay
100
AcDbLine
 10
1.4790566
 20
1.7013986
 30
0.0
 11
1.4796123
 21
1.7013986
 31
0.0
  0
LINE
  5
473
330
1F
100
AcDbEntity
  8
Top Overlay
100
AcDbLine
 10
1.4796123
 20
1.7013986
 30
0.0
 11
1.4796123
 21
1.7008429
 31
0.0
  0
LINE
  5
474
330
1F
100
AcDbEntity
  8
Top Overlay
100
AcDbLine
 10
1.4796123
 20
1.7008429
 30
0.0
 11
1.4801679
 21
1.7008429
 31
0.0
  0
LINE
  5
475
330
1F
100
AcDbEntity
  8
Top Overlay
100
AcDbLine
 10
1.4801679
 20
1.7008429
 30
0.0
 11
1.4801679
 21
1.7002873
 31
0.0
  0
LINE
  5
476
330
1F
100
AcDbEntity
  8
Top Overlay
100
AcDbLine
 10
1.4801679
 20
1.7002873
 30
0.0
 11
1.4807236
 21
1.7002873
 31
0.0
  0
LINE
  5
477
330
1F
100
AcDbEntity
  8
Top Overlay
100
AcDbLine
 10
1.4807236
 20
1.7002873
 30
0.0
 11
1.4807236
 21
1.6997316
 31
0.0
  0
LINE
  5
478
330
1F
100
AcDbEntity
  8
Top Overlay
100
AcDbLine
 10
1.4807236
 20
1.6997316
 30
0.0
 11
1.4796123
 21
1.6997316
 31
0.0
  0
LINE
  5
479
330
1F
100
AcDbEntity
  8
Top Overlay
100
AcDbLine
 10
1.4796123
 20
1.6997316
 30
0.0
 11
1.4796123
 21
1.7002873
 31
0.0
  0
LINE
  5
47A
330
1F
100
AcDbEntity
  8
Top Overlay
100
AcDbLine
 10
1.4796123
 20
1.7002873
 30
0.0
 11
1.4790566
 21
1.7002873
 31
0.0
  0
LINE
  5
47B
330
1F
100
AcDbEntity
  8
Top Overlay
100
AcDbLine
 10
1.4790566
 20
1.7002873
 30
0.0
 11
1.4790566
 21
1.7008429
 31
0.0
  0
LINE
  5
47C
330
1F
100
AcDbEntity
  8
Top Overlay
100
AcDbLine
 10
1.4790566
 20
1.7008429
 30
0.0
 11
1.4779453
 21
1.7008429
 31
0.0
  0
LINE
  5
47D
330
1F
100
AcDbEntity
  8
Top Overlay
100
AcDbLine
 10
1.4779453
 20
1.7008429
 30
0.0
 11
1.4779453
 21
1.7013986
 31
0.0
  0
LINE
  5
47E
330
1F
100
AcDbEntity
  8
Top Overlay
100
AcDbLine
 10
1.4779453
 20
1.7013986
 30
0.0
 11
1.4773897
 21
1.7013986
 31
0.0
  0
LINE
  5
47F
330
1F
100
AcDbEntity
  8
Top Overlay
100
AcDbLine
 10
1.4773897
 20
1.7013986
 30
0.0
 11
1.4773897
 21
1.7019543
 31
0.0
  0
LINE
  5
480
330
1F
100
AcDbEntity
  8
Top Overlay
100
AcDbLine
 10
1.4773897
 20
1.7019543
 30
0.0
 11
1.476834
 21
1.7019543
 31
0.0
  0
LINE
  5
481
330
1F
100
AcDbEntity
  8
Top Overlay
100
AcDbLine
 10
1.476834
 20
1.7019543
 30
0.0
 11
1.476834
 21
1.7025099
 31
0.0
  0
LINE
  5
482
330
1F
100
AcDbEntity
  8
Top Overlay
100
AcDbLine
 10
1.476834
 20
1.7025099
 30
0.0
 11
1.4762784
 21
1.7025099
 31
0.0
  0
LINE
  5
483
330
1F
100
AcDbEntity
  8
Top Overlay
100
AcDbLine
 10
1.4762784
 20
1.7025099
 30
0.0
 11
1.4762784
 21
1.7030656
 31
0.0
  0
LINE
  5
484
330
1F
100
AcDbEntity
  8
Top Overlay
100
AcDbLine
 10
1.4762784
 20
1.7030656
 30
0.0
 11
1.4751671
 21
1.7030656
 31
0.0
  0
LINE
  5
485
330
1F
100
AcDbEntity
  8
Top Overlay
100
AcDbLine
 10
1.4751671
 20
1.7030656
 30
0.0
 11
1.4751671
 21
1.7036212
 31
0.0
  0
LINE
  5
486
330
1F
100
AcDbEntity
  8
Top Overlay
100
AcDbLine
 10
1.4751671
 20
1.7036212
 30
0.0
 11
1.4740558
 21
1.7036212
 31
0.0
  0
LINE
  5
487
330
1F
100
AcDbEntity
  8
Top Overlay
100
AcDbLine
 10
1.4740558
 20
1.7036212
 30
0.0
 11
1.4740558
 21
1.7041769
 31
0.0
  0
LINE
  5
488
330
1F
100
AcDbEntity
  8
Top Overlay
100
AcDbLine
 10
1.4740558
 20
1.7041769
 30
0.0
 11
1.4735001
 21
1.7041769
 31
0.0
  0
LINE
  5
489
330
1F
100
AcDbEntity
  8
Top Overlay
100
AcDbLine
 10
1.4735001
 20
1.7041769
 30
0.0
 11
1.4735001
 21
1.7047325
 31
0.0
  0
LINE
  5
48A
330
1F
100
AcDbEntity
  8
Top Overlay
100
AcDbLine
 10
1.4735001
 20
1.7047325
 30
0.0
 11
1.4723888
 21
1.7047325
 31
0.0
  0
LINE
  5
48B
330
1F
100
AcDbEntity
  8
Top Overlay
100
AcDbLine
 10
1.4723888
 20
1.7047325
 30
0.0
 11
1.4723888
 21
1.7052882
 31
0.0
  0
LINE
  5
48C
330
1F
100
AcDbEntity
  8
Top Overlay
100
AcDbLine
 10
1.4723888
 20
1.7052882
 30
0.0
 11
1.4718331
 21
1.7052882
 31
0.0
  0
LINE
  5
48D
330
1F
100
AcDbEntity
  8
Top Overlay
100
AcDbLine
 10
1.4718331
 20
1.7052882
 30
0.0
 11
1.4718331
 21
1.7058438
 31
0.0
  0
LINE
  5
48E
330
1F
100
AcDbEntity
  8
Top Overlay
100
AcDbLine
 10
1.4718331
 20
1.7058438
 30
0.0
 11
1.4712775
 21
1.7058438
 31
0.0
  0
LINE
  5
48F
330
1F
100
AcDbEntity
  8
Top Overlay
100
AcDbLine
 10
1.4712775
 20
1.7058438
 30
0.0
 11
1.4712775
 21
1.7063995
 31
0.0
  0
LINE
  5
490
330
1F
100
AcDbEntity
  8
Top Overlay
100
AcDbLine
 10
1.4712775
 20
1.7063995
 30
0.0
 11
1.4701662
 21
1.7063995
 31
0.0
  0
LINE
  5
491
330
1F
100
AcDbEntity
  8
Top Overlay
100
AcDbLine
 10
1.4701662
 20
1.7063995
 30
0.0
 11
1.4701662
 21
1.7069551
 31
0.0
  0
LINE
  5
492
330
1F
100
AcDbEntity
  8
Top Overlay
100
AcDbLine
 10
1.4701662
 20
1.7069551
 30
0.0
 11
1.4690549
 21
1.7069551
 31
0.0
  0
LINE
  5
493
330
1F
100
AcDbEntity
  8
Top Overlay
100
AcDbLine
 10
1.4690549
 20
1.7069551
 30
0.0
 11
1.4690549
 21
1.7075108
 31
0.0
  0
LINE
  5
494
330
1F
100
AcDbEntity
  8
Top Overlay
100
AcDbLine
 10
1.4690549
 20
1.7075108
 30
0.0
 11
1.4684992
 21
1.7075108
 31
0.0
  0
LINE
  5
495
330
1F
100
AcDbEntity
  8
Top Overlay
100
AcDbLine
 10
1.4684992
 20
1.7075108
 30
0.0
 11
1.4684992
 21
1.7080664
 31
0.0
  0
LINE
  5
496
330
1F
100
AcDbEntity
  8
Top Overlay
100
AcDbLine
 10
1.4684992
 20
1.7080664
 30
0.0
 11
1.4673879
 21
1.7080664
 31
0.0
  0
LINE
  5
497
330
1F
100
AcDbEntity
  8
Top Overlay
100
AcDbLine
 10
1.4673879
 20
1.7080664
 30
0.0
 11
1.4673879
 21
1.7086221
 31
0.0
  0
LINE
  5
498
330
1F
100
AcDbEntity
  8
Top Overlay
100
AcDbLine
 10
1.4673879
 20
1.7086221
 30
0.0
 11
1.4662766
 21
1.7086221
 31
0.0
  0
LINE
  5
499
330
1F
100
AcDbEntity
  8
Top Overlay
100
AcDbLine
 10
1.4662766
 20
1.7086221
 30
0.0
 11
1.4662766
 21
1.7091778
 31
0.0
  0
LINE
  5
49A
330
1F
100
AcDbEntity
  8
Top Overlay
100
AcDbLine
 10
1.4662766
 20
1.7091778
 30
0.0
 11
1.4657209
 21
1.7091778
 31
0.0
  0
LINE
  5
49B
330
1F
100
AcDbEntity
  8
Top Overlay
100
AcDbLine
 10
1.4657209
 20
1.7091778
 30
0.0
 11
1.4657209
 21
1.7097334
 31
0.0
  0
LINE
  5
49C
330
1F
100
AcDbEntity
  8
Top Overlay
100
AcDbLine
 10
1.4657209
 20
1.7097334
 30
0.0
 11
1.4646096
 21
1.7097334
 31
0.0
  0
LINE
  5
49D
330
1F
100
AcDbEntity
  8
Top Overlay
100
AcDbLine
 10
1.4646096
 20
1.7097334
 30
0.0
 11
1.4646096
 21
1.7102891
 31
0.0
  0
LINE
  5
49E
330
1F
100
AcDbEntity
  8
Top Overlay
100
AcDbLine
 10
1.4646096
 20
1.7102891
 30
0.0
 11
1.4634983
 21
1.7102891
 31
0.0
  0
LINE
  5
49F
330
1F
100
AcDbEntity
  8
Top Overlay
100
AcDbLine
 10
1.4634983
 20
1.7102891
 30
0.0
 11
1.4634983
 21
1.7108447
 31
0.0
  0
LINE
  5
4A0
330
1F
100
AcDbEntity
  8
Top Overlay
100
AcDbLine
 10
1.4634983
 20
1.7108447
 30
0.0
 11
1.4629427
 21
1.7108447
 31
0.0
  0
LINE
  5
4A1
330
1F
100
AcDbEntity
  8
Top Overlay
100
AcDbLine
 10
1.4629427
 20
1.7108447
 30
0.0
 11
1.4629427
 21
1.7114004
 31
0.0
  0
LINE
  5
4A2
330
1F
100
AcDbEntity
  8
Top Overlay
100
AcDbLine
 10
1.4629427
 20
1.7114004
 30
0.0
 11
1.4612757
 21
1.7114004
 31
0.0
  0
LINE
  5
4A3
330
1F
100
AcDbEntity
  8
Top Overlay
100
AcDbLine
 10
1.4612757
 20
1.7114004
 30
0.0
 11
1.4612757
 21
1.711956
 31
0.0
  0
LINE
  5
4A4
330
1F
100
AcDbEntity
  8
Top Overlay
100
AcDbLine
 10
1.4612757
 20
1.711956
 30
0.0
 11
1.4607201
 21
1.711956
 31
0.0
  0
LINE
  5
4A5
330
1F
100
AcDbEntity
  8
Top Overlay
100
AcDbLine
 10
1.4607201
 20
1.711956
 30
0.0
 11
1.4607201
 21
1.7125117
 31
0.0
  0
LINE
  5
4A6
330
1F
100
AcDbEntity
  8
Top Overlay
100
AcDbLine
 10
1.4607201
 20
1.7125117
 30
0.0
 11
1.4596088
 21
1.7125117
 31
0.0
  0
LINE
  5
4A7
330
1F
100
AcDbEntity
  8
Top Overlay
100
AcDbLine
 10
1.4596088
 20
1.7125117
 30
0.0
 11
1.4596088
 21
1.7130673
 31
0.0
  0
LINE
  5
4A8
330
1F
100
AcDbEntity
  8
Top Overlay
100
AcDbLine
 10
1.4596088
 20
1.7130673
 30
0.0
 11
1.4584974
 21
1.7130673
 31
0.0
  0
LINE
  5
4A9
330
1F
100
AcDbEntity
  8
Top Overlay
100
AcDbLine
 10
1.4584974
 20
1.7130673
 30
0.0
 11
1.4584974
 21
1.713623
 31
0.0
  0
LINE
  5
4AA
330
1F
100
AcDbEntity
  8
Top Overlay
100
AcDbLine
 10
1.4584974
 20
1.713623
 30
0.0
 11
1.4579418
 21
1.713623
 31
0.0
  0
LINE
  5
4AB
330
1F
100
AcDbEntity
  8
Top Overlay
100
AcDbLine
 10
1.4579418
 20
1.713623
 30
0.0
 11
1.4579418
 21
1.7141786
 31
0.0
  0
LINE
  5
4AC
330
1F
100
AcDbEntity
  8
Top Overlay
100
AcDbLine
 10
1.4579418
 20
1.7141786
 30
0.0
 11
1.4562748
 21
1.7141786
 31
0.0
  0
LINE
  5
4AD
330
1F
100
AcDbEntity
  8
Top Overlay
100
AcDbLine
 10
1.4562748
 20
1.7141786
 30
0.0
 11
1.4562748
 21
1.7147343
 31
0.0
  0
LINE
  5
4AE
330
1F
100
AcDbEntity
  8
Top Overlay
100
AcDbLine
 10
1.4562748
 20
1.7147343
 30
0.0
 11
1.4551635
 21
1.7147343
 31
0.0
  0
LINE
  5
4AF
330
1F
100
AcDbEntity
  8
Top Overlay
100
AcDbLine
 10
1.4551635
 20
1.7147343
 30
0.0
 11
1.4551635
 21
1.7152899
 31
0.0
  0
LINE
  5
4B0
330
1F
100
AcDbEntity
  8
Top Overlay
100
AcDbLine
 10
1.4551635
 20
1.7152899
 30
0.0
 11
1.4546079
 21
1.7152899
 31
0.0
  0
LINE
  5
4B1
330
1F
100
AcDbEntity
  8
Top Overlay
100
AcDbLine
 10
1.4546079
 20
1.7152899
 30
0.0
 11
1.4546079
 21
1.7158456
 31
0.0
  0
LINE
  5
4B2
330
1F
100
AcDbEntity
  8
Top Overlay
100
AcDbLine
 10
1.4546079
 20
1.7158456
 30
0.0
 11
1.4529409
 21
1.7158456
 31
0.0
  0
LINE
  5
4B3
330
1F
100
AcDbEntity
  8
Top Overlay
100
AcDbLine
 10
1.4529409
 20
1.7158456
 30
0.0
 11
1.4529409
 21
1.7164013
 31
0.0
  0
LINE
  5
4B4
330
1F
100
AcDbEntity
  8
Top Overlay
100
AcDbLine
 10
1.4529409
 20
1.7164013
 30
0.0
 11
1.4523853
 21
1.7164013
 31
0.0
  0
LINE
  5
4B5
330
1F
100
AcDbEntity
  8
Top Overlay
100
AcDbLine
 10
1.4523853
 20
1.7164013
 30
0.0
 11
1.4523853
 21
1.7169569
 31
0.0
  0
LINE
  5
4B6
330
1F
100
AcDbEntity
  8
Top Overlay
100
AcDbLine
 10
1.4523853
 20
1.7169569
 30
0.0
 11
1.4512739
 21
1.7169569
 31
0.0
  0
LINE
  5
4B7
330
1F
100
AcDbEntity
  8
Top Overlay
100
AcDbLine
 10
1.4512739
 20
1.7169569
 30
0.0
 11
1.4512739
 21
1.7175126
 31
0.0
  0
LINE
  5
4B8
330
1F
100
AcDbEntity
  8
Top Overlay
100
AcDbLine
 10
1.4512739
 20
1.7175126
 30
0.0
 11
1.449607
 21
1.7175126
 31
0.0
  0
LINE
  5
4B9
330
1F
100
AcDbEntity
  8
Top Overlay
100
AcDbLine
 10
1.449607
 20
1.7175126
 30
0.0
 11
1.449607
 21
1.7180682
 31
0.0
  0
LINE
  5
4BA
330
1F
100
AcDbEntity
  8
Top Overlay
100
AcDbLine
 10
1.449607
 20
1.7180682
 30
0.0
 11
1.4484957
 21
1.7180682
 31
0.0
  0
LINE
  5
4BB
330
1F
100
AcDbEntity
  8
Top Overlay
100
AcDbLine
 10
1.4484957
 20
1.7180682
 30
0.0
 11
1.4484957
 21
1.7186239
 31
0.0
  0
LINE
  5
4BC
330
1F
100
AcDbEntity
  8
Top Overlay
100
AcDbLine
 10
1.4484957
 20
1.7186239
 30
0.0
 11
1.4473844
 21
1.7186239
 31
0.0
  0
LINE
  5
4BD
330
1F
100
AcDbEntity
  8
Top Overlay
100
AcDbLine
 10
1.4473844
 20
1.7186239
 30
0.0
 11
1.4473844
 21
1.7191795
 31
0.0
  0
LINE
  5
4BE
330
1F
100
AcDbEntity
  8
Top Overlay
100
AcDbLine
 10
1.4473844
 20
1.7191795
 30
0.0
 11
1.4462731
 21
1.7191795
 31
0.0
  0
LINE
  5
4BF
330
1F
100
AcDbEntity
  8
Top Overlay
100
AcDbLine
 10
1.4462731
 20
1.7191795
 30
0.0
 11
1.4462731
 21
1.7197352
 31
0.0
  0
LINE
  5
4C0
330
1F
100
AcDbEntity
  8
Top Overlay
100
AcDbLine
 10
1.4462731
 20
1.7197352
 30
0.0
 11
1.4451618
 21
1.7197352
 31
0.0
  0
LINE
  5
4C1
330
1F
100
AcDbEntity
  8
Top Overlay
100
AcDbLine
 10
1.4451618
 20
1.7197352
 30
0.0
 11
1.4451618
 21
1.7202908
 31
0.0
  0
LINE
  5
4C2
330
1F
100
AcDbEntity
  8
Top Overlay
100
AcDbLine
 10
1.4451618
 20
1.7202908
 30
0.0
 11
1.4434948
 21
1.7202908
 31
0.0
  0
LINE
  5
4C3
330
1F
100
AcDbEntity
  8
Top Overlay
100
AcDbLine
 10
1.4434948
 20
1.7202908
 30
0.0
 11
1.4434948
 21
1.7208465
 31
0.0
  0
LINE
  5
4C4
330
1F
100
AcDbEntity
  8
Top Overlay
100
AcDbLine
 10
1.4434948
 20
1.7208465
 30
0.0
 11
1.4418278
 21
1.7208465
 31
0.0
  0
LINE
  5
4C5
330
1F
100
AcDbEntity
  8
Top Overlay
100
AcDbLine
 10
1.4418278
 20
1.7208465
 30
0.0
 11
1.4418278
 21
1.7214021
 31
0.0
  0
LINE
  5
4C6
330
1F
100
AcDbEntity
  8
Top Overlay
100
AcDbLine
 10
1.4418278
 20
1.7214021
 30
0.0
 11
1.4407165
 21
1.7214021
 31
0.0
  0
LINE
  5
4C7
330
1F
100
AcDbEntity
  8
Top Overlay
100
AcDbLine
 10
1.4407165
 20
1.7214021
 30
0.0
 11
1.4407165
 21
1.7219578
 31
0.0
  0
LINE
  5
4C8
330
1F
100
AcDbEntity
  8
Top Overlay
100
AcDbLine
 10
1.4407165
 20
1.7219578
 30
0.0
 11
1.4396052
 21
1.7219578
 31
0.0
  0
LINE
  5
4C9
330
1F
100
AcDbEntity
  8
Top Overlay
100
AcDbLine
 10
1.4396052
 20
1.7219578
 30
0.0
 11
1.4396052
 21
1.7225134
 31
0.0
  0
LINE
  5
4CA
330
1F
100
AcDbEntity
  8
Top Overlay
100
AcDbLine
 10
1.4396052
 20
1.7225134
 30
0.0
 11
1.4373826
 21
1.7225134
 31
0.0
  0
LINE
  5
4CB
330
1F
100
AcDbEntity
  8
Top Overlay
100
AcDbLine
 10
1.4373826
 20
1.7225134
 30
0.0
 11
1.4373826
 21
1.7230691
 31
0.0
  0
LINE
  5
4CC
330
1F
100
AcDbEntity
  8
Top Overlay
100
AcDbLine
 10
1.4373826
 20
1.7230691
 30
0.0
 11
1.4362713
 21
1.7230691
 31
0.0
  0
LINE
  5
4CD
330
1F
100
AcDbEntity
  8
Top Overlay
100
AcDbLine
 10
1.4362713
 20
1.7230691
 30
0.0
 11
1.4362713
 21
1.7236248
 31
0.0
  0
LINE
  5
4CE
330
1F
100
AcDbEntity
  8
Top Overlay
100
AcDbLine
 10
1.4362713
 20
1.7236248
 30
0.0
 11
1.4346043
 21
1.7236248
 31
0.0
  0
LINE
  5
4CF
330
1F
100
AcDbEntity
  8
Top Overlay
100
AcDbLine
 10
1.4346043
 20
1.7236248
 30
0.0
 11
1.4346043
 21
1.7241804
 31
0.0
  0
LINE
  5
4D0
330
1F
100
AcDbEntity
  8
Top Overlay
100
AcDbLine
 10
1.4346043
 20
1.7241804
 30
0.0
 11
1.4329374
 21
1.7241804
 31
0.0
  0
LINE
  5
4D1
330
1F
100
AcDbEntity
  8
Top Overlay
100
AcDbLine
 10
1.4329374
 20
1.7241804
 30
0.0
 11
1.4329374
 21
1.7247361
 31
0.0
  0
LINE
  5
4D2
330
1F
100
AcDbEntity
  8
Top Overlay
100
AcDbLine
 10
1.4329374
 20
1.7247361
 30
0.0
 11
1.4312704
 21
1.7247361
 31
0.0
  0
LINE
  5
4D3
330
1F
100
AcDbEntity
  8
Top Overlay
100
AcDbLine
 10
1.4312704
 20
1.7247361
 30
0.0
 11
1.4312704
 21
1.7252917
 31
0.0
  0
LINE
  5
4D4
330
1F
100
AcDbEntity
  8
Top Overlay
100
AcDbLine
 10
1.4312704
 20
1.7252917
 30
0.0
 11
1.4296034
 21
1.7252917
 31
0.0
  0
LINE
  5
4D5
330
1F
100
AcDbEntity
  8
Top Overlay
100
AcDbLine
 10
1.4296034
 20
1.7252917
 30
0.0
 11
1.4296034
 21
1.7258474
 31
0.0
  0
LINE
  5
4D6
330
1F
100
AcDbEntity
  8
Top Overlay
100
AcDbLine
 10
1.4296034
 20
1.7258474
 30
0.0
 11
1.4273808
 21
1.7258474
 31
0.0
  0
LINE
  5
4D7
330
1F
100
AcDbEntity
  8
Top Overlay
100
AcDbLine
 10
1.4273808
 20
1.7258474
 30
0.0
 11
1.4273808
 21
1.726403
 31
0.0
  0
LINE
  5
4D8
330
1F
100
AcDbEntity
  8
Top Overlay
100
AcDbLine
 10
1.4273808
 20
1.726403
 30
0.0
 11
1.4262695
 21
1.726403
 31
0.0
  0
LINE
  5
4D9
330
1F
100
AcDbEntity
  8
Top Overlay
100
AcDbLine
 10
1.4262695
 20
1.726403
 30
0.0
 11
1.4262695
 21
1.7269587
 31
0.0
  0
LINE
  5
4DA
330
1F
100
AcDbEntity
  8
Top Overlay
100
AcDbLine
 10
1.4262695
 20
1.7269587
 30
0.0
 11
1.4240469
 21
1.7269587
 31
0.0
  0
LINE
  5
4DB
330
1F
100
AcDbEntity
  8
Top Overlay
100
AcDbLine
 10
1.4240469
 20
1.7269587
 30
0.0
 11
1.4240469
 21
1.7275143
 31
0.0
  0
LINE
  5
4DC
330
1F
100
AcDbEntity
  8
Top Overlay
100
AcDbLine
 10
1.4240469
 20
1.7275143
 30
0.0
 11
1.4212686
 21
1.7275143
 31
0.0
  0
LINE
  5
4DD
330
1F
100
AcDbEntity
  8
Top Overlay
100
AcDbLine
 10
1.4212686
 20
1.7275143
 30
0.0
 11
1.4212686
 21
1.72807
 31
0.0
  0
LINE
  5
4DE
330
1F
100
AcDbEntity
  8
Top Overlay
100
AcDbLine
 10
1.4212686
 20
1.72807
 30
0.0
 11
1.4201573
 21
1.72807
 31
0.0
  0
LINE
  5
4DF
330
1F
100
AcDbEntity
  8
Top Overlay
100
AcDbLine
 10
1.4201573
 20
1.72807
 30
0.0
 11
1.4201573
 21
1.7286256
 31
0.0
  0
LINE
  5
4E0
330
1F
100
AcDbEntity
  8
Top Overlay
100
AcDbLine
 10
1.4201573
 20
1.7286256
 30
0.0
 11
1.4168234
 21
1.7286256
 31
0.0
  0
LINE
  5
4E1
330
1F
100
AcDbEntity
  8
Top Overlay
100
AcDbLine
 10
1.4168234
 20
1.7286256
 30
0.0
 11
1.4168234
 21
1.7291813
 31
0.0
  0
LINE
  5
4E2
330
1F
100
AcDbEntity
  8
Top Overlay
100
AcDbLine
 10
1.4168234
 20
1.7291813
 30
0.0
 11
1.4146008
 21
1.7291813
 31
0.0
  0
LINE
  5
4E3
330
1F
100
AcDbEntity
  8
Top Overlay
100
AcDbLine
 10
1.4146008
 20
1.7291813
 30
0.0
 11
1.4146008
 21
1.7297369
 31
0.0
  0
LINE
  5
4E4
330
1F
100
AcDbEntity
  8
Top Overlay
100
AcDbLine
 10
1.4146008
 20
1.7297369
 30
0.0
 11
1.4118225
 21
1.7297369
 31
0.0
  0
LINE
  5
4E5
330
1F
100
AcDbEntity
  8
Top Overlay
100
AcDbLine
 10
1.4118225
 20
1.7297369
 30
0.0
 11
1.4118225
 21
1.7302926
 31
0.0
  0
LINE
  5
4E6
330
1F
100
AcDbEntity
  8
Top Overlay
100
AcDbLine
 10
1.4118225
 20
1.7302926
 30
0.0
 11
1.4084886
 21
1.7302926
 31
0.0
  0
LINE
  5
4E7
330
1F
100
AcDbEntity
  8
Top Overlay
100
AcDbLine
 10
1.4084886
 20
1.7302926
 30
0.0
 11
1.4084886
 21
1.7308483
 31
0.0
  0
LINE
  5
4E8
330
1F
100
AcDbEntity
  8
Top Overlay
100
AcDbLine
 10
1.4084886
 20
1.7308483
 30
0.0
 11
1.404599
 21
1.7308483
 31
0.0
  0
LINE
  5
4E9
330
1F
100
AcDbEntity
  8
Top Overlay
100
AcDbLine
 10
1.404599
 20
1.7308483
 30
0.0
 11
1.404599
 21
1.7314039
 31
0.0
  0
LINE
  5
4EA
330
1F
100
AcDbEntity
  8
Top Overlay
100
AcDbLine
 10
1.404599
 20
1.7314039
 30
0.0
 11
1.4018208
 21
1.7314039
 31
0.0
  0
LINE
  5
4EB
330
1F
100
AcDbEntity
  8
Top Overlay
100
AcDbLine
 10
1.4018208
 20
1.7314039
 30
0.0
 11
1.4018208
 21
1.7319596
 31
0.0
  0
LINE
  5
4EC
330
1F
100
AcDbEntity
  8
Top Overlay
100
AcDbLine
 10
1.4018208
 20
1.7319596
 30
0.0
 11
1.3968199
 21
1.7319596
 31
0.0
  0
LINE
  5
4ED
330
1F
100
AcDbEntity
  8
Top Overlay
100
AcDbLine
 10
1.3968199
 20
1.7319596
 30
0.0
 11
1.3968199
 21
1.7325152
 31
0.0
  0
LINE
  5
4EE
330
1F
100
AcDbEntity
  8
Top Overlay
100
AcDbLine
 10
1.3968199
 20
1.7325152
 30
0.0
 11
1.3873738
 21
1.7325152
 31
0.0
  0
LINE
  5
4EF
330
1F
100
AcDbEntity
  8
Top Overlay
100
AcDbLine
 10
1.3873738
 20
1.7325152
 30
0.0
 11
1.3873738
 21
1.7330709
 31
0.0
  0
LINE
  5
4F0
330
1F
100
AcDbEntity
  8
Top Overlay
100
AcDbLine
 10
1.3873738
 20
1.7330709
 30
0.0
 11
1.3712598
 21
1.7330709
 31
0.0
  0
LINE
  5
4F1
330
1F
100
AcDbEntity
  8
Top Overlay
100
AcDbLine
 10
1.3712598
 20
1.7330709
 30
0.0
 11
1.3712598
 21
1.7325152
 31
0.0
  0
LINE
  5
4F2
330
1F
100
AcDbEntity
  8
Top Overlay
100
AcDbLine
 10
1.3712598
 20
1.7325152
 30
0.0
 11
1.3623693
 21
1.7325152
 31
0.0
  0
LINE
  5
4F3
330
1F
100
AcDbEntity
  8
Top Overlay
100
AcDbLine
 10
1.3623693
 20
1.7325152
 30
0.0
 11
1.3623693
 21
1.7319596
 31
0.0
  0
LINE
  5
4F4
330
1F
100
AcDbEntity
  8
Top Overlay
100
AcDbLine
 10
1.3623693
 20
1.7319596
 30
0.0
 11
1.3568128
 21
1.7319596
 31
0.0
  0
LINE
  5
4F5
330
1F
100
AcDbEntity
  8
Top Overlay
100
AcDbLine
 10
1.3568128
 20
1.7319596
 30
0.0
 11
1.3568128
 21
1.7314039
 31
0.0
  0
LINE
  5
4F6
330
1F
100
AcDbEntity
  8
Top Overlay
100
AcDbLine
 10
1.3568128
 20
1.7314039
 30
0.0
 11
1.3540345
 21
1.7314039
 31
0.0
  0
LINE
  5
4F7
330
1F
100
AcDbEntity
  8
Top Overlay
100
AcDbLine
 10
1.3540345
 20
1.7314039
 30
0.0
 11
1.3540345
 21
1.7308483
 31
0.0
  0
LINE
  5
4F8
330
1F
100
AcDbEntity
  8
Top Overlay
100
AcDbLine
 10
1.3540345
 20
1.7308483
 30
0.0
 11
1.350145
 21
1.7308483
 31
0.0
  0
LINE
  5
4F9
330
1F
100
AcDbEntity
  8
Top Overlay
100
AcDbLine
 10
1.350145
 20
1.7308483
 30
0.0
 11
1.350145
 21
1.7302926
 31
0.0
  0
LINE
  5
4FA
330
1F
100
AcDbEntity
  8
Top Overlay
100
AcDbLine
 10
1.350145
 20
1.7302926
 30
0.0
 11
1.3462554
 21
1.7302926
 31
0.0
  0
LINE
  5
4FB
330
1F
100
AcDbEntity
  8
Top Overlay
100
AcDbLine
 10
1.3462554
 20
1.7302926
 30
0.0
 11
1.3462554
 21
1.7297369
 31
0.0
  0
LINE
  5
4FC
330
1F
100
AcDbEntity
  8
Top Overlay
100
AcDbLine
 10
1.3462554
 20
1.7297369
 30
0.0
 11
1.3434771
 21
1.7297369
 31
0.0
  0
LINE
  5
4FD
330
1F
100
AcDbEntity
  8
Top Overlay
100
AcDbLine
 10
1.3434771
 20
1.7297369
 30
0.0
 11
1.3434771
 21
1.7291813
 31
0.0
  0
LINE
  5
4FE
330
1F
100
AcDbEntity
  8
Top Overlay
100
AcDbLine
 10
1.3434771
 20
1.7291813
 30
0.0
 11
1.3406988
 21
1.7291813
 31
0.0
  0
LINE
  5
4FF
330
1F
100
AcDbEntity
  8
Top Overlay
100
AcDbLine
 10
1.3406988
 20
1.7291813
 30
0.0
 11
1.3406988
 21
1.7286256
 31
0.0
  0
LINE
  5
500
330
1F
100
AcDbEntity
  8
Top Overlay
100
AcDbLine
 10
1.3406988
 20
1.7286256
 30
0.0
 11
1.3379206
 21
1.7286256
 31
0.0
  0
LINE
  5
501
330
1F
100
AcDbEntity
  8
Top Overlay
100
AcDbLine
 10
1.3379206
 20
1.7286256
 30
0.0
 11
1.3379206
 21
1.72807
 31
0.0
  0
LINE
  5
502
330
1F
100
AcDbEntity
  8
Top Overlay
100
AcDbLine
 10
1.3379206
 20
1.72807
 30
0.0
 11
1.3362536
 21
1.72807
 31
0.0
  0
LINE
  5
503
330
1F
100
AcDbEntity
  8
Top Overlay
100
AcDbLine
 10
1.3362536
 20
1.72807
 30
0.0
 11
1.3362536
 21
1.7275143
 31
0.0
  0
LINE
  5
504
330
1F
100
AcDbEntity
  8
Top Overlay
100
AcDbLine
 10
1.3362536
 20
1.7275143
 30
0.0
 11
1.334031
 21
1.7275143
 31
0.0
  0
LINE
  5
505
330
1F
100
AcDbEntity
  8
Top Overlay
100
AcDbLine
 10
1.334031
 20
1.7275143
 30
0.0
 11
1.334031
 21
1.7269587
 31
0.0
  0
LINE
  5
506
330
1F
100
AcDbEntity
  8
Top Overlay
100
AcDbLine
 10
1.334031
 20
1.7269587
 30
0.0
 11
1.3312527
 21
1.7269587
 31
0.0
  0
LINE
  5
507
330
1F
100
AcDbEntity
  8
Top Overlay
100
AcDbLine
 10
1.3312527
 20
1.7269587
 30
0.0
 11
1.3312527
 21
1.726403
 31
0.0
  0
LINE
  5
508
330
1F
100
AcDbEntity
  8
Top Overlay
100
AcDbLine
 10
1.3312527
 20
1.726403
 30
0.0
 11
1.3295858
 21
1.726403
 31
0.0
  0
LINE
  5
509
330
1F
100
AcDbEntity
  8
Top Overlay
100
AcDbLine
 10
1.3295858
 20
1.726403
 30
0.0
 11
1.3295858
 21
1.7258474
 31
0.0
  0
LINE
  5
50A
330
1F
100
AcDbEntity
  8
Top Overlay
100
AcDbLine
 10
1.3295858
 20
1.7258474
 30
0.0
 11
1.3279188
 21
1.7258474
 31
0.0
  0
LINE
  5
50B
330
1F
100
AcDbEntity
  8
Top Overlay
100
AcDbLine
 10
1.3279188
 20
1.7258474
 30
0.0
 11
1.3279188
 21
1.7252917
 31
0.0
  0
LINE
  5
50C
330
1F
100
AcDbEntity
  8
Top Overlay
100
AcDbLine
 10
1.3279188
 20
1.7252917
 30
0.0
 11
1.3262518
 21
1.7252917
 31
0.0
  0
LINE
  5
50D
330
1F
100
AcDbEntity
  8
Top Overlay
100
AcDbLine
 10
1.3262518
 20
1.7252917
 30
0.0
 11
1.3262518
 21
1.7247361
 31
0.0
  0
LINE
  5
50E
330
1F
100
AcDbEntity
  8
Top Overlay
100
AcDbLine
 10
1.3262518
 20
1.7247361
 30
0.0
 11
1.3245849
 21
1.7247361
 31
0.0
  0
LINE
  5
50F
330
1F
100
AcDbEntity
  8
Top Overlay
100
AcDbLine
 10
1.3245849
 20
1.7247361
 30
0.0
 11
1.3245849
 21
1.7241804
 31
0.0
  0
LINE
  5
510
330
1F
100
AcDbEntity
  8
Top Overlay
100
AcDbLine
 10
1.3245849
 20
1.7241804
 30
0.0
 11
1.3229179
 21
1.7241804
 31
0.0
  0
LINE
  5
511
330
1F
100
AcDbEntity
  8
Top Overlay
100
AcDbLine
 10
1.3229179
 20
1.7241804
 30
0.0
 11
1.3229179
 21
1.7236248
 31
0.0
  0
LINE
  5
512
330
1F
100
AcDbEntity
  8
Top Overlay
100
AcDbLine
 10
1.3229179
 20
1.7236248
 30
0.0
 11
1.321251
 21
1.7236248
 31
0.0
  0
LINE
  5
513
330
1F
100
AcDbEntity
  8
Top Overlay
100
AcDbLine
 10
1.321251
 20
1.7236248
 30
0.0
 11
1.321251
 21
1.7230691
 31
0.0
  0
LINE
  5
514
330
1F
100
AcDbEntity
  8
Top Overlay
100
AcDbLine
 10
1.321251
 20
1.7230691
 30
0.0
 11
1.3201396
 21
1.7230691
 31
0.0
  0
LINE
  5
515
330
1F
100
AcDbEntity
  8
Top Overlay
100
AcDbLine
 10
1.3201396
 20
1.7230691
 30
0.0
 11
1.3201396
 21
1.7225134
 31
0.0
  0
LINE
  5
516
330
1F
100
AcDbEntity
  8
Top Overlay
100
AcDbLine
 10
1.3201396
 20
1.7225134
 30
0.0
 11
1.3190283
 21
1.7225134
 31
0.0
  0
LINE
  5
517
330
1F
100
AcDbEntity
  8
Top Overlay
100
AcDbLine
 10
1.3190283
 20
1.7225134
 30
0.0
 11
1.3190283
 21
1.7230691
 31
0.0
  0
LINE
  5
518
330
1F
100
AcDbEntity
  8
Top Overlay
100
AcDbLine
 10
1.3190283
 20
1.7230691
 30
0.0
 11
1.3184727
 21
1.7230691
 31
0.0
  0
LINE
  5
519
330
1F
100
AcDbEntity
  8
Top Overlay
100
AcDbLine
 10
1.3184727
 20
1.7230691
 30
0.0
 11
1.3184727
 21
1.7241804
 31
0.0
  0
LINE
  5
51A
330
1F
100
AcDbEntity
  8
Top Overlay
100
AcDbLine
 10
1.3184727
 20
1.7241804
 30
0.0
 11
1.317917
 21
1.7241804
 31
0.0
  0
LINE
  5
51B
330
1F
100
AcDbEntity
  8
Top Overlay
100
AcDbLine
 10
1.317917
 20
1.7241804
 30
0.0
 11
1.317917
 21
1.7247361
 31
0.0
  0
LINE
  5
51C
330
1F
100
AcDbEntity
  8
Top Overlay
100
AcDbLine
 10
1.317917
 20
1.7247361
 30
0.0
 11
1.3173614
 21
1.7247361
 31
0.0
  0
LINE
  5
51D
330
1F
100
AcDbEntity
  8
Top Overlay
100
AcDbLine
 10
1.3173614
 20
1.7247361
 30
0.0
 11
1.3173614
 21
1.7258474
 31
0.0
  0
LINE
  5
51E
330
1F
100
AcDbEntity
  8
Top Overlay
100
AcDbLine
 10
1.3173614
 20
1.7258474
 30
0.0
 11
1.3168057
 21
1.7258474
 31
0.0
  0
LINE
  5
51F
330
1F
100
AcDbEntity
  8
Top Overlay
100
AcDbLine
 10
1.3168057
 20
1.7258474
 30
0.0
 11
1.3168057
 21
1.7269587
 31
0.0
  0
LINE
  5
520
330
1F
100
AcDbEntity
  8
Top Overlay
100
AcDbLine
 10
1.3168057
 20
1.7269587
 30
0.0
 11
1.3162501
 21
1.7269587
 31
0.0
  0
LINE
  5
521
330
1F
100
AcDbEntity
  8
Top Overlay
100
AcDbLine
 10
1.3162501
 20
1.7269587
 30
0.0
 11
1.3162501
 21
1.7275143
 31
0.0
  0
LINE
  5
522
330
1F
100
AcDbEntity
  8
Top Overlay
100
AcDbLine
 10
1.3162501
 20
1.7275143
 30
0.0
 11
1.3168057
 21
1.7275143
 31
0.0
  0
LINE
  5
523
330
1F
100
AcDbEntity
  8
Top Overlay
100
AcDbLine
 10
1.3168057
 20
1.7275143
 30
0.0
 11
1.3168057
 21
1.72807
 31
0.0
  0
LINE
  5
524
330
1F
100
AcDbEntity
  8
Top Overlay
100
AcDbLine
 10
1.3168057
 20
1.72807
 30
0.0
 11
1.317917
 21
1.72807
 31
0.0
  0
LINE
  5
525
330
1F
100
AcDbEntity
  8
Top Overlay
100
AcDbLine
 10
1.317917
 20
1.72807
 30
0.0
 11
1.317917
 21
1.7286256
 31
0.0
  0
LINE
  5
526
330
1F
100
AcDbEntity
  8
Top Overlay
100
AcDbLine
 10
1.317917
 20
1.7286256
 30
0.0
 11
1.319584
 21
1.7286256
 31
0.0
  0
LINE
  5
527
330
1F
100
AcDbEntity
  8
Top Overlay
100
AcDbLine
 10
1.319584
 20
1.7286256
 30
0.0
 11
1.319584
 21
1.7291813
 31
0.0
  0
LINE
  5
528
330
1F
100
AcDbEntity
  8
Top Overlay
100
AcDbLine
 10
1.319584
 20
1.7291813
 30
0.0
 11
1.3206953
 21
1.7291813
 31
0.0
  0
LINE
  5
529
330
1F
100
AcDbEntity
  8
Top Overlay
100
AcDbLine
 10
1.3206953
 20
1.7291813
 30
0.0
 11
1.3206953
 21
1.7297369
 31
0.0
  0
LINE
  5
52A
330
1F
100
AcDbEntity
  8
Top Overlay
100
AcDbLine
 10
1.3206953
 20
1.7297369
 30
0.0
 11
1.3223623
 21
1.7297369
 31
0.0
  0
LINE
  5
52B
330
1F
100
AcDbEntity
  8
Top Overlay
100
AcDbLine
 10
1.3223623
 20
1.7297369
 30
0.0
 11
1.3223623
 21
1.7302926
 31
0.0
  0
LINE
  5
52C
330
1F
100
AcDbEntity
  8
Top Overlay
100
AcDbLine
 10
1.3223623
 20
1.7302926
 30
0.0
 11
1.3240292
 21
1.7302926
 31
0.0
  0
LINE
  5
52D
330
1F
100
AcDbEntity
  8
Top Overlay
100
AcDbLine
 10
1.3240292
 20
1.7302926
 30
0.0
 11
1.3240292
 21
1.7308483
 31
0.0
  0
LINE
  5
52E
330
1F
100
AcDbEntity
  8
Top Overlay
100
AcDbLine
 10
1.3240292
 20
1.7308483
 30
0.0
 11
1.3245849
 21
1.7308483
 31
0.0
  0
LINE
  5
52F
330
1F
100
AcDbEntity
  8
Top Overlay
100
AcDbLine
 10
1.3245849
 20
1.7308483
 30
0.0
 11
1.3245849
 21
1.7325152
 31
0.0
  0
LINE
  5
530
330
1F
100
AcDbEntity
  8
Top Overlay
100
AcDbLine
 10
1.3245849
 20
1.7325152
 30
0.0
 11
1.3240292
 21
1.7325152
 31
0.0
  0
LINE
  5
531
330
1F
100
AcDbEntity
  8
Top Overlay
100
AcDbLine
 10
1.3240292
 20
1.7325152
 30
0.0
 11
1.3240292
 21
1.7330709
 31
0.0
  0
LINE
  5
532
330
1F
100
AcDbEntity
  8
Top Overlay
100
AcDbLine
 10
1.3240292
 20
1.7330709
 30
0.0
 11
1.3234736
 21
1.7330709
 31
0.0
  0
LINE
  5
533
330
1F
100
AcDbEntity
  8
Top Overlay
100
AcDbLine
 10
1.3234736
 20
1.7330709
 30
0.0
 11
1.3234736
 21
1.7347378
 31
0.0
  0
LINE
  5
534
330
1F
100
AcDbEntity
  8
Top Overlay
100
AcDbLine
 10
1.3234736
 20
1.7347378
 30
0.0
 11
1.3229179
 21
1.7347378
 31
0.0
  0
LINE
  5
535
330
1F
100
AcDbEntity
  8
Top Overlay
100
AcDbLine
 10
1.3229179
 20
1.7347378
 30
0.0
 11
1.3229179
 21
1.7352935
 31
0.0
  0
LINE
  5
536
330
1F
100
AcDbEntity
  8
Top Overlay
100
AcDbLine
 10
1.3229179
 20
1.7352935
 30
0.0
 11
1.3223623
 21
1.7352935
 31
0.0
  0
LINE
  5
537
330
1F
100
AcDbEntity
  8
Top Overlay
100
AcDbLine
 10
1.3223623
 20
1.7352935
 30
0.0
 11
1.3223623
 21
1.7364048
 31
0.0
  0
LINE
  5
538
330
1F
100
AcDbEntity
  8
Top Overlay
100
AcDbLine
 10
1.3223623
 20
1.7364048
 30
0.0
 11
1.3218066
 21
1.7364048
 31
0.0
  0
LINE
  5
539
330
1F
100
AcDbEntity
  8
Top Overlay
100
AcDbLine
 10
1.3218066
 20
1.7364048
 30
0.0
 11
1.3218066
 21
1.7380718
 31
0.0
  0
LINE
  5
53A
330
1F
100
AcDbEntity
  8
Top Overlay
100
AcDbLine
 10
1.3218066
 20
1.7380718
 30
0.0
 11
1.321251
 21
1.7380718
 31
0.0
  0
LINE
  5
53B
330
1F
100
AcDbEntity
  8
Top Overlay
100
AcDbLine
 10
1.321251
 20
1.7380718
 30
0.0
 11
1.321251
 21
1.7386274
 31
0.0
  0
LINE
  5
53C
330
1F
100
AcDbEntity
  8
Top Overlay
100
AcDbLine
 10
1.321251
 20
1.7386274
 30
0.0
 11
1.3206953
 21
1.7386274
 31
0.0
  0
LINE
  5
53D
330
1F
100
AcDbEntity
  8
Top Overlay
100
AcDbLine
 10
1.3206953
 20
1.7386274
 30
0.0
 11
1.3206953
 21
1.7397387
 31
0.0
  0
LINE
  5
53E
330
1F
100
AcDbEntity
  8
Top Overlay
100
AcDbLine
 10
1.3206953
 20
1.7397387
 30
0.0
 11
1.3201396
 21
1.7397387
 31
0.0
  0
LINE
  5
53F
330
1F
100
AcDbEntity
  8
Top Overlay
100
AcDbLine
 10
1.3201396
 20
1.7397387
 30
0.0
 11
1.3201396
 21
1.74085
 31
0.0
  0
LINE
  5
540
330
1F
100
AcDbEntity
  8
Top Overlay
100
AcDbLine
 10
1.3201396
 20
1.74085
 30
0.0
 11
1.319584
 21
1.74085
 31
0.0
  0
LINE
  5
541
330
1F
100
AcDbEntity
  8
Top Overlay
100
AcDbLine
 10
1.319584
 20
1.74085
 30
0.0
 11
1.319584
 21
1.7419613
 31
0.0
  0
LINE
  5
542
330
1F
100
AcDbEntity
  8
Top Overlay
100
AcDbLine
 10
1.319584
 20
1.7419613
 30
0.0
 11
1.3190283
 21
1.7419613
 31
0.0
  0
LINE
  5
543
330
1F
100
AcDbEntity
  8
Top Overlay
100
AcDbLine
 10
1.3190283
 20
1.7419613
 30
0.0
 11
1.3190283
 21
1.7430726
 31
0.0
  0
LINE
  5
544
330
1F
100
AcDbEntity
  8
Top Overlay
100
AcDbLine
 10
1.3190283
 20
1.7430726
 30
0.0
 11
1.3173614
 21
1.7430726
 31
0.0
  0
LINE
  5
545
330
1F
100
AcDbEntity
  8
Top Overlay
100
AcDbLine
 10
1.3173614
 20
1.7430726
 30
0.0
 11
1.3173614
 21
1.742517
 31
0.0
  0
LINE
  5
546
330
1F
100
AcDbEntity
  8
Top Overlay
100
AcDbLine
 10
1.3173614
 20
1.742517
 30
0.0
 11
1.3162501
 21
1.742517
 31
0.0
  0
LINE
  5
547
330
1F
100
AcDbEntity
  8
Top Overlay
100
AcDbLine
 10
1.3162501
 20
1.742517
 30
0.0
 11
1.3162501
 21
1.7419613
 31
0.0
  0
LINE
  5
548
330
1F
100
AcDbEntity
  8
Top Overlay
100
AcDbLine
 10
1.3162501
 20
1.7419613
 30
0.0
 11
1.3145831
 21
1.7419613
 31
0.0
  0
LINE
  5
549
330
1F
100
AcDbEntity
  8
Top Overlay
100
AcDbLine
 10
1.3145831
 20
1.7419613
 30
0.0
 11
1.3145831
 21
1.7414057
 31
0.0
  0
LINE
  5
54A
330
1F
100
AcDbEntity
  8
Top Overlay
100
AcDbLine
 10
1.3145831
 20
1.7414057
 30
0.0
 11
1.3129161
 21
1.7414057
 31
0.0
  0
LINE
  5
54B
330
1F
100
AcDbEntity
  8
Top Overlay
100
AcDbLine
 10
1.3129161
 20
1.7414057
 30
0.0
 11
1.3129161
 21
1.74085
 31
0.0
  0
LINE
  5
54C
330
1F
100
AcDbEntity
  8
Top Overlay
100
AcDbLine
 10
1.3129161
 20
1.74085
 30
0.0
 11
1.3123605
 21
1.74085
 31
0.0
  0
LINE
  5
54D
330
1F
100
AcDbEntity
  8
Top Overlay
100
AcDbLine
 10
1.3123605
 20
1.74085
 30
0.0
 11
1.3123605
 21
1.7402944
 31
0.0
  0
LINE
  5
54E
330
1F
100
AcDbEntity
  8
Top Overlay
100
AcDbLine
 10
1.3123605
 20
1.7402944
 30
0.0
 11
1.3101379
 21
1.7402944
 31
0.0
  0
LINE
  5
54F
330
1F
100
AcDbEntity
  8
Top Overlay
100
AcDbLine
 10
1.3101379
 20
1.7402944
 30
0.0
 11
1.3101379
 21
1.7397387
 31
0.0
  0
LINE
  5
550
330
1F
100
AcDbEntity
  8
Top Overlay
100
AcDbLine
 10
1.3101379
 20
1.7397387
 30
0.0
 11
1.3090266
 21
1.7397387
 31
0.0
  0
LINE
  5
551
330
1F
100
AcDbEntity
  8
Top Overlay
100
AcDbLine
 10
1.3090266
 20
1.7397387
 30
0.0
 11
1.3090266
 21
1.7402944
 31
0.0
  0
LINE
  5
552
330
1F
100
AcDbEntity
  8
Top Overlay
100
AcDbLine
 10
1.3090266
 20
1.7402944
 30
0.0
 11
1.3084709
 21
1.7402944
 31
0.0
  0
LINE
  5
553
330
1F
100
AcDbEntity
  8
Top Overlay
100
AcDbLine
 10
1.3084709
 20
1.7402944
 30
0.0
 11
1.3084709
 21
1.7414057
 31
0.0
  0
LINE
  5
554
330
1F
100
AcDbEntity
  8
Top Overlay
100
AcDbLine
 10
1.3084709
 20
1.7414057
 30
0.0
 11
1.3079153
 21
1.7414057
 31
0.0
  0
LINE
  5
555
330
1F
100
AcDbEntity
  8
Top Overlay
100
AcDbLine
 10
1.3079153
 20
1.7414057
 30
0.0
 11
1.3079153
 21
1.742517
 31
0.0
  0
LINE
  5
556
330
1F
100
AcDbEntity
  8
Top Overlay
100
AcDbLine
 10
1.3079153
 20
1.742517
 30
0.0
 11
1.3073596
 21
1.742517
 31
0.0
  0
LINE
  5
557
330
1F
100
AcDbEntity
  8
Top Overlay
100
AcDbLine
 10
1.3073596
 20
1.742517
 30
0.0
 11
1.3073596
 21
1.7436283
 31
0.0
  0
LINE
  5
558
330
1F
100
AcDbEntity
  8
Top Overlay
100
AcDbLine
 10
1.3073596
 20
1.7436283
 30
0.0
 11
1.306804
 21
1.7436283
 31
0.0
  0
LINE
  5
559
330
1F
100
AcDbEntity
  8
Top Overlay
100
AcDbLine
 10
1.306804
 20
1.7436283
 30
0.0
 11
1.306804
 21
1.7441839
 31
0.0
  0
LINE
  5
55A
330
1F
100
AcDbEntity
  8
Top Overlay
100
AcDbLine
 10
1.306804
 20
1.7441839
 30
0.0
 11
1.3062483
 21
1.7441839
 31
0.0
  0
LINE
  5
55B
330
1F
100
AcDbEntity
  8
Top Overlay
100
AcDbLine
 10
1.3062483
 20
1.7441839
 30
0.0
 11
1.3062483
 21
1.7452953
 31
0.0
  0
LINE
  5
55C
330
1F
100
AcDbEntity
  8
Top Overlay
100
AcDbLine
 10
1.3062483
 20
1.7452953
 30
0.0
 11
1.3056926
 21
1.7452953
 31
0.0
  0
LINE
  5
55D
330
1F
100
AcDbEntity
  8
Top Overlay
100
AcDbLine
 10
1.3056926
 20
1.7452953
 30
0.0
 11
1.3056926
 21
1.7469622
 31
0.0
  0
LINE
  5
55E
330
1F
100
AcDbEntity
  8
Top Overlay
100
AcDbLine
 10
1.3056926
 20
1.7469622
 30
0.0
 11
1.306804
 21
1.7469622
 31
0.0
  0
LINE
  5
55F
330
1F
100
AcDbEntity
  8
Top Overlay
100
AcDbLine
 10
1.306804
 20
1.7469622
 30
0.0
 11
1.306804
 21
1.7475179
 31
0.0
  0
LINE
  5
560
330
1F
100
AcDbEntity
  8
Top Overlay
100
AcDbLine
 10
1.306804
 20
1.7475179
 30
0.0
 11
1.3084709
 21
1.7475179
 31
0.0
  0
LINE
  5
561
330
1F
100
AcDbEntity
  8
Top Overlay
100
AcDbLine
 10
1.3084709
 20
1.7475179
 30
0.0
 11
1.3084709
 21
1.7480735
 31
0.0
  0
LINE
  5
562
330
1F
100
AcDbEntity
  8
Top Overlay
100
AcDbLine
 10
1.3084709
 20
1.7480735
 30
0.0
 11
1.3106935
 21
1.7480735
 31
0.0
  0
LINE
  5
563
330
1F
100
AcDbEntity
  8
Top Overlay
100
AcDbLine
 10
1.3106935
 20
1.7480735
 30
0.0
 11
1.3106935
 21
1.7486292
 31
0.0
  0
LINE
  5
564
330
1F
100
AcDbEntity
  8
Top Overlay
100
AcDbLine
 10
1.3106935
 20
1.7486292
 30
0.0
 11
1.3123605
 21
1.7486292
 31
0.0
  0
LINE
  5
565
330
1F
100
AcDbEntity
  8
Top Overlay
100
AcDbLine
 10
1.3123605
 20
1.7486292
 30
0.0
 11
1.3123605
 21
1.7491848
 31
0.0
  0
LINE
  5
566
330
1F
100
AcDbEntity
  8
Top Overlay
100
AcDbLine
 10
1.3123605
 20
1.7491848
 30
0.0
 11
1.3140275
 21
1.7491848
 31
0.0
  0
LINE
  5
567
330
1F
100
AcDbEntity
  8
Top Overlay
100
AcDbLine
 10
1.3140275
 20
1.7491848
 30
0.0
 11
1.3140275
 21
1.7497405
 31
0.0
  0
LINE
  5
568
330
1F
100
AcDbEntity
  8
Top Overlay
100
AcDbLine
 10
1.3140275
 20
1.7497405
 30
0.0
 11
1.3162501
 21
1.7497405
 31
0.0
  0
LINE
  5
569
330
1F
100
AcDbEntity
  8
Top Overlay
100
AcDbLine
 10
1.3162501
 20
1.7497405
 30
0.0
 11
1.3162501
 21
1.7502961
 31
0.0
  0
LINE
  5
56A
330
1F
100
AcDbEntity
  8
Top Overlay
100
AcDbLine
 10
1.3162501
 20
1.7502961
 30
0.0
 11
1.3190283
 21
1.7502961
 31
0.0
  0
LINE
  5
56B
330
1F
100
AcDbEntity
  8
Top Overlay
100
AcDbLine
 10
1.3190283
 20
1.7502961
 30
0.0
 11
1.3190283
 21
1.7508518
 31
0.0
  0
LINE
  5
56C
330
1F
100
AcDbEntity
  8
Top Overlay
100
AcDbLine
 10
1.3190283
 20
1.7508518
 30
0.0
 11
1.321251
 21
1.7508518
 31
0.0
  0
LINE
  5
56D
330
1F
100
AcDbEntity
  8
Top Overlay
100
AcDbLine
 10
1.321251
 20
1.7508518
 30
0.0
 11
1.321251
 21
1.7514074
 31
0.0
  0
LINE
  5
56E
330
1F
100
AcDbEntity
  8
Top Overlay
100
AcDbLine
 10
1.321251
 20
1.7514074
 30
0.0
 11
1.3240292
 21
1.7514074
 31
0.0
  0
LINE
  5
56F
330
1F
100
AcDbEntity
  8
Top Overlay
100
AcDbLine
 10
1.3240292
 20
1.7514074
 30
0.0
 11
1.3240292
 21
1.7519631
 31
0.0
  0
LINE
  5
570
330
1F
100
AcDbEntity
  8
Top Overlay
100
AcDbLine
 10
1.3240292
 20
1.7519631
 30
0.0
 11
1.3262518
 21
1.7519631
 31
0.0
  0
LINE
  5
571
330
1F
100
AcDbEntity
  8
Top Overlay
100
AcDbLine
 10
1.3262518
 20
1.7519631
 30
0.0
 11
1.3262518
 21
1.7525188
 31
0.0
  0
LINE
  5
572
330
1F
100
AcDbEntity
  8
Top Overlay
100
AcDbLine
 10
1.3262518
 20
1.7525188
 30
0.0
 11
1.3290301
 21
1.7525188
 31
0.0
  0
LINE
  5
573
330
1F
100
AcDbEntity
  8
Top Overlay
100
AcDbLine
 10
1.3290301
 20
1.7525188
 30
0.0
 11
1.3290301
 21
1.7530744
 31
0.0
  0
LINE
  5
574
330
1F
100
AcDbEntity
  8
Top Overlay
100
AcDbLine
 10
1.3290301
 20
1.7530744
 30
0.0
 11
1.3329197
 21
1.7530744
 31
0.0
  0
LINE
  5
575
330
1F
100
AcDbEntity
  8
Top Overlay
100
AcDbLine
 10
1.3329197
 20
1.7530744
 30
0.0
 11
1.3329197
 21
1.7536301
 31
0.0
  0
LINE
  5
576
330
1F
100
AcDbEntity
  8
Top Overlay
100
AcDbLine
 10
1.3329197
 20
1.7536301
 30
0.0
 11
1.335698
 21
1.7536301
 31
0.0
  0
LINE
  5
577
330
1F
100
AcDbEntity
  8
Top Overlay
100
AcDbLine
 10
1.335698
 20
1.7536301
 30
0.0
 11
1.335698
 21
1.7541857
 31
0.0
  0
LINE
  5
578
330
1F
100
AcDbEntity
  8
Top Overlay
100
AcDbLine
 10
1.335698
 20
1.7541857
 30
0.0
 11
1.3401432
 21
1.7541857
 31
0.0
  0
LINE
  5
579
330
1F
100
AcDbEntity
  8
Top Overlay
100
AcDbLine
 10
1.3401432
 20
1.7541857
 30
0.0
 11
1.3401432
 21
1.7547414
 31
0.0
  0
LINE
  5
57A
330
1F
100
AcDbEntity
  8
Top Overlay
100
AcDbLine
 10
1.3401432
 20
1.7547414
 30
0.0
 11
1.3462554
 21
1.7547414
 31
0.0
  0
LINE
  5
57B
330
1F
100
AcDbEntity
  8
Top Overlay
100
AcDbLine
 10
1.3462554
 20
1.7547414
 30
0.0
 11
1.3462554
 21
1.755297
 31
0.0
  0
LINE
  5
57C
330
1F
100
AcDbEntity
  8
Top Overlay
100
AcDbLine
 10
1.3462554
 20
1.755297
 30
0.0
 11
1.3707041
 21
1.755297
 31
0.0
  0
LINE
  5
57D
330
1F
100
AcDbEntity
  8
Top Overlay
100
AcDbLine
 10
1.3707041
 20
1.755297
 30
0.0
 11
1.3707041
 21
1.7547414
 31
0.0
  0
LINE
  5
57E
330
1F
100
AcDbEntity
  8
Top Overlay
100
AcDbLine
 10
1.3707041
 20
1.7547414
 30
0.0
 11
1.377372
 21
1.7547414
 31
0.0
  0
LINE
  5
57F
330
1F
100
AcDbEntity
  8
Top Overlay
100
AcDbLine
 10
1.377372
 20
1.7547414
 30
0.0
 11
1.377372
 21
1.7541857
 31
0.0
  0
LINE
  5
580
330
1F
100
AcDbEntity
  8
Top Overlay
100
AcDbLine
 10
1.377372
 20
1.7541857
 30
0.0
 11
1.379039
 21
1.7541857
 31
0.0
  0
LINE
  5
581
330
1F
100
AcDbEntity
  8
Top Overlay
100
AcDbLine
 10
1.3106935
 20
1.7347378
 30
0.0
 11
1.3106935
 21
1.7341822
 31
0.0
  0
LINE
  5
582
330
1F
100
AcDbEntity
  8
Top Overlay
100
AcDbLine
 10
1.3106935
 20
1.7341822
 30
0.0
 11
1.3106935
 21
1.7336265
 31
0.0
  0
LINE
  5
583
330
1F
100
AcDbEntity
  8
Top Overlay
100
AcDbLine
 10
1.3106935
 20
1.7336265
 30
0.0
 11
1.3112492
 21
1.7336265
 31
0.0
  0
LINE
  5
584
330
1F
100
AcDbEntity
  8
Top Overlay
100
AcDbLine
 10
1.3112492
 20
1.7336265
 30
0.0
 11
1.3112492
 21
1.7330709
 31
0.0
  0
LINE
  5
585
330
1F
100
AcDbEntity
  8
Top Overlay
100
AcDbLine
 10
1.3112492
 20
1.7330709
 30
0.0
 11
1.3118048
 21
1.7330709
 31
0.0
  0
LINE
  5
586
330
1F
100
AcDbEntity
  8
Top Overlay
100
AcDbLine
 10
1.3118048
 20
1.7330709
 30
0.0
 11
1.3118048
 21
1.7319596
 31
0.0
  0
LINE
  5
587
330
1F
100
AcDbEntity
  8
Top Overlay
100
AcDbLine
 10
1.3118048
 20
1.7319596
 30
0.0
 11
1.3123605
 21
1.7319596
 31
0.0
  0
LINE
  5
588
330
1F
100
AcDbEntity
  8
Top Overlay
100
AcDbLine
 10
1.3123605
 20
1.7319596
 30
0.0
 11
1.3123605
 21
1.7308483
 31
0.0
  0
LINE
  5
589
330
1F
100
AcDbEntity
  8
Top Overlay
100
AcDbLine
 10
1.3123605
 20
1.7308483
 30
0.0
 11
1.3129161
 21
1.7308483
 31
0.0
  0
LINE
  5
58A
330
1F
100
AcDbEntity
  8
Top Overlay
100
AcDbLine
 10
1.3129161
 20
1.7308483
 30
0.0
 11
1.3129161
 21
1.7291813
 31
0.0
  0
LINE
  5
58B
330
1F
100
AcDbEntity
  8
Top Overlay
100
AcDbLine
 10
1.3129161
 20
1.7291813
 30
0.0
 11
1.3112492
 21
1.7291813
 31
0.0
  0
LINE
  5
58C
330
1F
100
AcDbEntity
  8
Top Overlay
100
AcDbLine
 10
1.3112492
 20
1.7291813
 30
0.0
 11
1.3112492
 21
1.7286256
 31
0.0
  0
LINE
  5
58D
330
1F
100
AcDbEntity
  8
Top Overlay
100
AcDbLine
 10
1.3112492
 20
1.7286256
 30
0.0
 11
1.3095822
 21
1.7286256
 31
0.0
  0
LINE
  5
58E
330
1F
100
AcDbEntity
  8
Top Overlay
100
AcDbLine
 10
1.3095822
 20
1.7286256
 30
0.0
 11
1.3095822
 21
1.72807
 31
0.0
  0
LINE
  5
58F
330
1F
100
AcDbEntity
  8
Top Overlay
100
AcDbLine
 10
1.3095822
 20
1.72807
 30
0.0
 11
1.3090266
 21
1.72807
 31
0.0
  0
LINE
  5
590
330
1F
100
AcDbEntity
  8
Top Overlay
100
AcDbLine
 10
1.3090266
 20
1.72807
 30
0.0
 11
1.3090266
 21
1.7275143
 31
0.0
  0
LINE
  5
591
330
1F
100
AcDbEntity
  8
Top Overlay
100
AcDbLine
 10
1.3090266
 20
1.7275143
 30
0.0
 11
1.3073596
 21
1.7275143
 31
0.0
  0
LINE
  5
592
330
1F
100
AcDbEntity
  8
Top Overlay
100
AcDbLine
 10
1.3073596
 20
1.7275143
 30
0.0
 11
1.3073596
 21
1.7269587
 31
0.0
  0
LINE
  5
593
330
1F
100
AcDbEntity
  8
Top Overlay
100
AcDbLine
 10
1.3073596
 20
1.7269587
 30
0.0
 11
1.3056926
 21
1.7269587
 31
0.0
  0
LINE
  5
594
330
1F
100
AcDbEntity
  8
Top Overlay
100
AcDbLine
 10
1.3056926
 20
1.7269587
 30
0.0
 11
1.3056926
 21
1.7275143
 31
0.0
  0
LINE
  5
595
330
1F
100
AcDbEntity
  8
Top Overlay
100
AcDbLine
 10
1.3056926
 20
1.7275143
 30
0.0
 11
1.305137
 21
1.7275143
 31
0.0
  0
LINE
  5
596
330
1F
100
AcDbEntity
  8
Top Overlay
100
AcDbLine
 10
1.305137
 20
1.7275143
 30
0.0
 11
1.305137
 21
1.7286256
 31
0.0
  0
LINE
  5
597
330
1F
100
AcDbEntity
  8
Top Overlay
100
AcDbLine
 10
1.305137
 20
1.7286256
 30
0.0
 11
1.3045813
 21
1.7286256
 31
0.0
  0
LINE
  5
598
330
1F
100
AcDbEntity
  8
Top Overlay
100
AcDbLine
 10
1.3045813
 20
1.7286256
 30
0.0
 11
1.3045813
 21
1.7297369
 31
0.0
  0
LINE
  5
599
330
1F
100
AcDbEntity
  8
Top Overlay
100
AcDbLine
 10
1.3045813
 20
1.7297369
 30
0.0
 11
1.3040257
 21
1.7297369
 31
0.0
  0
LINE
  5
59A
330
1F
100
AcDbEntity
  8
Top Overlay
100
AcDbLine
 10
1.3040257
 20
1.7297369
 30
0.0
 11
1.3040257
 21
1.7308483
 31
0.0
  0
LINE
  5
59B
330
1F
100
AcDbEntity
  8
Top Overlay
100
AcDbLine
 10
1.3040257
 20
1.7308483
 30
0.0
 11
1.30347
 21
1.7308483
 31
0.0
  0
LINE
  5
59C
330
1F
100
AcDbEntity
  8
Top Overlay
100
AcDbLine
 10
1.30347
 20
1.7308483
 30
0.0
 11
1.30347
 21
1.7319596
 31
0.0
  0
LINE
  5
59D
330
1F
100
AcDbEntity
  8
Top Overlay
100
AcDbLine
 10
1.30347
 20
1.7319596
 30
0.0
 11
1.3029144
 21
1.7319596
 31
0.0
  0
LINE
  5
59E
330
1F
100
AcDbEntity
  8
Top Overlay
100
AcDbLine
 10
1.3029144
 20
1.7319596
 30
0.0
 11
1.3029144
 21
1.7330709
 31
0.0
  0
LINE
  5
59F
330
1F
100
AcDbEntity
  8
Top Overlay
100
AcDbLine
 10
1.3029144
 20
1.7330709
 30
0.0
 11
1.3023587
 21
1.7330709
 31
0.0
  0
LINE
  5
5A0
330
1F
100
AcDbEntity
  8
Top Overlay
100
AcDbLine
 10
1.3023587
 20
1.7330709
 30
0.0
 11
1.3023587
 21
1.7341822
 31
0.0
  0
LINE
  5
5A1
330
1F
100
AcDbEntity
  8
Top Overlay
100
AcDbLine
 10
1.3023587
 20
1.7341822
 30
0.0
 11
1.3018031
 21
1.7341822
 31
0.0
  0
LINE
  5
5A2
330
1F
100
AcDbEntity
  8
Top Overlay
100
AcDbLine
 10
1.3018031
 20
1.7341822
 30
0.0
 11
1.3018031
 21
1.7352935
 31
0.0
  0
LINE
  5
5A3
330
1F
100
AcDbEntity
  8
Top Overlay
100
AcDbLine
 10
1.3018031
 20
1.7352935
 30
0.0
 11
1.30347
 21
1.7352935
 31
0.0
  0
LINE
  5
5A4
330
1F
100
AcDbEntity
  8
Top Overlay
100
AcDbLine
 10
1.30347
 20
1.7352935
 30
0.0
 11
1.30347
 21
1.7358491
 31
0.0
  0
LINE
  5
5A5
330
1F
100
AcDbEntity
  8
Top Overlay
100
AcDbLine
 10
1.30347
 20
1.7358491
 30
0.0
 11
1.3045813
 21
1.7358491
 31
0.0
  0
LINE
  5
5A6
330
1F
100
AcDbEntity
  8
Top Overlay
100
AcDbLine
 10
1.3045813
 20
1.7358491
 30
0.0
 11
1.3045813
 21
1.7364048
 31
0.0
  0
LINE
  5
5A7
330
1F
100
AcDbEntity
  8
Top Overlay
100
AcDbLine
 10
1.3045813
 20
1.7364048
 30
0.0
 11
1.3056926
 21
1.7364048
 31
0.0
  0
LINE
  5
5A8
330
1F
100
AcDbEntity
  8
Top Overlay
100
AcDbLine
 10
1.3056926
 20
1.7364048
 30
0.0
 11
1.3056926
 21
1.7369604
 31
0.0
  0
LINE
  5
5A9
330
1F
100
AcDbEntity
  8
Top Overlay
100
AcDbLine
 10
1.3056926
 20
1.7369604
 30
0.0
 11
1.3073596
 21
1.7369604
 31
0.0
  0
LINE
  5
5AA
330
1F
100
AcDbEntity
  8
Top Overlay
100
AcDbLine
 10
1.3073596
 20
1.7369604
 30
0.0
 11
1.3073596
 21
1.7375161
 31
0.0
  0
LINE
  5
5AB
330
1F
100
AcDbEntity
  8
Top Overlay
100
AcDbLine
 10
1.3073596
 20
1.7375161
 30
0.0
 11
1.3095822
 21
1.7375161
 31
0.0
  0
LINE
  5
5AC
330
1F
100
AcDbEntity
  8
Top Overlay
100
AcDbLine
 10
1.3095822
 20
1.7375161
 30
0.0
 11
1.3095822
 21
1.7364048
 31
0.0
  0
LINE
  5
5AD
330
1F
100
AcDbEntity
  8
Top Overlay
100
AcDbLine
 10
1.3095822
 20
1.7364048
 30
0.0
 11
1.3101379
 21
1.7364048
 31
0.0
  0
LINE
  5
5AE
330
1F
100
AcDbEntity
  8
Top Overlay
100
AcDbLine
 10
1.3101379
 20
1.7364048
 30
0.0
 11
1.3101379
 21
1.7352935
 31
0.0
  0
LINE
  5
5AF
330
1F
100
AcDbEntity
  8
Top Overlay
100
AcDbLine
 10
1.3101379
 20
1.7352935
 30
0.0
 11
1.3106935
 21
1.7352935
 31
0.0
  0
LINE
  5
5B0
330
1F
100
AcDbEntity
  8
Top Overlay
100
AcDbLine
 10
1.3106935
 20
1.7352935
 30
0.0
 11
1.3106935
 21
1.7347378
 31
0.0
  0
LINE
  5
5B1
330
1F
100
AcDbEntity
  8
Top Overlay
100
AcDbLine
 10
1.520175
 20
1.6663924
 30
0.0
 11
1.5196194
 21
1.6663924
 31
0.0
  0
LINE
  5
5B2
330
1F
100
AcDbEntity
  8
Top Overlay
100
AcDbLine
 10
1.5196194
 20
1.6663924
 30
0.0
 11
1.5112846
 21
1.6663924
 31
0.0
  0
LINE
  5
5B3
330
1F
100
AcDbEntity
  8
Top Overlay
100
AcDbLine
 10
1.5112846
 20
1.6663924
 30
0.0
 11
1.5112846
 21
1.6713933
 31
0.0
  0
LINE
  5
5B4
330
1F
100
AcDbEntity
  8
Top Overlay
100
AcDbLine
 10
1.5112846
 20
1.6713933
 30
0.0
 11
1.5107289
 21
1.6713933
 31
0.0
  0
LINE
  5
5B5
330
1F
100
AcDbEntity
  8
Top Overlay
100
AcDbLine
 10
1.5107289
 20
1.6713933
 30
0.0
 11
1.5107289
 21
1.6725046
 31
0.0
  0
LINE
  5
5B6
330
1F
100
AcDbEntity
  8
Top Overlay
100
AcDbLine
 10
1.5107289
 20
1.6725046
 30
0.0
 11
1.5101732
 21
1.6725046
 31
0.0
  0
LINE
  5
5B7
330
1F
100
AcDbEntity
  8
Top Overlay
100
AcDbLine
 10
1.5101732
 20
1.6725046
 30
0.0
 11
1.5101732
 21
1.6730603
 31
0.0
  0
LINE
  5
5B8
330
1F
100
AcDbEntity
  8
Top Overlay
100
AcDbLine
 10
1.5101732
 20
1.6730603
 30
0.0
 11
1.5096176
 21
1.6730603
 31
0.0
  0
LINE
  5
5B9
330
1F
100
AcDbEntity
  8
Top Overlay
100
AcDbLine
 10
1.5096176
 20
1.6730603
 30
0.0
 11
1.5096176
 21
1.6736159
 31
0.0
  0
LINE
  5
5BA
330
1F
100
AcDbEntity
  8
Top Overlay
100
AcDbLine
 10
1.5096176
 20
1.6736159
 30
0.0
 11
1.5090619
 21
1.6736159
 31
0.0
  0
LINE
  5
5BB
330
1F
100
AcDbEntity
  8
Top Overlay
100
AcDbLine
 10
1.5090619
 20
1.6736159
 30
0.0
 11
1.5090619
 21
1.6741716
 31
0.0
  0
LINE
  5
5BC
330
1F
100
AcDbEntity
  8
Top Overlay
100
AcDbLine
 10
1.5090619
 20
1.6741716
 30
0.0
 11
1.5018384
 21
1.6741716
 31
0.0
  0
LINE
  5
5BD
330
1F
100
AcDbEntity
  8
Top Overlay
100
AcDbLine
 10
1.5018384
 20
1.6741716
 30
0.0
 11
1.5018384
 21
1.6736159
 31
0.0
  0
LINE
  5
5BE
330
1F
100
AcDbEntity
  8
Top Overlay
100
AcDbLine
 10
1.5018384
 20
1.6736159
 30
0.0
 11
1.5012828
 21
1.6736159
 31
0.0
  0
LINE
  5
5BF
330
1F
100
AcDbEntity
  8
Top Overlay
100
AcDbLine
 10
1.5012828
 20
1.6736159
 30
0.0
 11
1.5012828
 21
1.6730603
 31
0.0
  0
LINE
  5
5C0
330
1F
100
AcDbEntity
  8
Top Overlay
100
AcDbLine
 10
1.5012828
 20
1.6730603
 30
0.0
 11
1.5018384
 21
1.6730603
 31
0.0
  0
LINE
  5
5C1
330
1F
100
AcDbEntity
  8
Top Overlay
100
AcDbLine
 10
1.5018384
 20
1.6730603
 30
0.0
 11
1.5018384
 21
1.6725046
 31
0.0
  0
LINE
  5
5C2
330
1F
100
AcDbEntity
  8
Top Overlay
100
AcDbLine
 10
1.5018384
 20
1.6725046
 30
0.0
 11
1.5012828
 21
1.6725046
 31
0.0
  0
LINE
  5
5C3
330
1F
100
AcDbEntity
  8
Top Overlay
100
AcDbLine
 10
1.5012828
 20
1.6725046
 30
0.0
 11
1.5012828
 21
1.6447219
 31
0.0
  0
LINE
  5
5C4
330
1F
100
AcDbEntity
  8
Top Overlay
100
AcDbLine
 10
1.5012828
 20
1.6447219
 30
0.0
 11
1.5018384
 21
1.6447219
 31
0.0
  0
LINE
  5
5C5
330
1F
100
AcDbEntity
  8
Top Overlay
100
AcDbLine
 10
1.5018384
 20
1.6447219
 30
0.0
 11
1.5018384
 21
1.6441663
 31
0.0
  0
LINE
  5
5C6
330
1F
100
AcDbEntity
  8
Top Overlay
100
AcDbLine
 10
1.5018384
 20
1.6441663
 30
0.0
 11
1.5012828
 21
1.6441663
 31
0.0
  0
LINE
  5
5C7
330
1F
100
AcDbEntity
  8
Top Overlay
100
AcDbLine
 10
1.5012828
 20
1.6441663
 30
0.0
 11
1.5012828
 21
1.6424993
 31
0.0
  0
LINE
  5
5C8
330
1F
100
AcDbEntity
  8
Top Overlay
100
AcDbLine
 10
1.5012828
 20
1.6424993
 30
0.0
 11
1.5007271
 21
1.6424993
 31
0.0
  0
LINE
  5
5C9
330
1F
100
AcDbEntity
  8
Top Overlay
100
AcDbLine
 10
1.5007271
 20
1.6424993
 30
0.0
 11
1.5007271
 21
1.6419436
 31
0.0
  0
LINE
  5
5CA
330
1F
100
AcDbEntity
  8
Top Overlay
100
AcDbLine
 10
1.5007271
 20
1.6419436
 30
0.0
 11
1.4996158
 21
1.6419436
 31
0.0
  0
LINE
  5
5CB
330
1F
100
AcDbEntity
  8
Top Overlay
100
AcDbLine
 10
1.4996158
 20
1.6419436
 30
0.0
 11
1.4996158
 21
1.6424993
 31
0.0
  0
LINE
  5
5CC
330
1F
100
AcDbEntity
  8
Top Overlay
100
AcDbLine
 10
1.4996158
 20
1.6424993
 30
0.0
 11
1.491281
 21
1.6424993
 31
0.0
  0
LINE
  5
5CD
330
1F
100
AcDbEntity
  8
Top Overlay
100
AcDbLine
 10
1.491281
 20
1.6424993
 30
0.0
 11
1.491281
 21
1.643055
 31
0.0
  0
LINE
  5
5CE
330
1F
100
AcDbEntity
  8
Top Overlay
100
AcDbLine
 10
1.491281
 20
1.643055
 30
0.0
 11
1.4907254
 21
1.643055
 31
0.0
  0
LINE
  5
5CF
330
1F
100
AcDbEntity
  8
Top Overlay
100
AcDbLine
 10
1.4907254
 20
1.643055
 30
0.0
 11
1.4907254
 21
1.6819507
 31
0.0
  0
LINE
  5
5D0
330
1F
100
AcDbEntity
  8
Top Overlay
100
AcDbLine
 10
1.4907254
 20
1.6819507
 30
0.0
 11
1.491281
 21
1.6819507
 31
0.0
  0
LINE
  5
5D1
330
1F
100
AcDbEntity
  8
Top Overlay
100
AcDbLine
 10
1.491281
 20
1.6819507
 30
0.0
 11
1.491281
 21
1.6825064
 31
0.0
  0
LINE
  5
5D2
330
1F
100
AcDbEntity
  8
Top Overlay
100
AcDbLine
 10
1.491281
 20
1.6825064
 30
0.0
 11
1.4918367
 21
1.6825064
 31
0.0
  0
LINE
  5
5D3
330
1F
100
AcDbEntity
  8
Top Overlay
100
AcDbLine
 10
1.4918367
 20
1.6825064
 30
0.0
 11
1.4918367
 21
1.683062
 31
0.0
  0
LINE
  5
5D4
330
1F
100
AcDbEntity
  8
Top Overlay
100
AcDbLine
 10
1.4918367
 20
1.683062
 30
0.0
 11
1.5096176
 21
1.683062
 31
0.0
  0
LINE
  5
5D5
330
1F
100
AcDbEntity
  8
Top Overlay
100
AcDbLine
 10
1.5096176
 20
1.683062
 30
0.0
 11
1.5096176
 21
1.6825064
 31
0.0
  0
LINE
  5
5D6
330
1F
100
AcDbEntity
  8
Top Overlay
100
AcDbLine
 10
1.5096176
 20
1.6825064
 30
0.0
 11
1.5146185
 21
1.6825064
 31
0.0
  0
LINE
  5
5D7
330
1F
100
AcDbEntity
  8
Top Overlay
100
AcDbLine
 10
1.5146185
 20
1.6825064
 30
0.0
 11
1.5146185
 21
1.6819507
 31
0.0
  0
LINE
  5
5D8
330
1F
100
AcDbEntity
  8
Top Overlay
100
AcDbLine
 10
1.5146185
 20
1.6819507
 30
0.0
 11
1.5157298
 21
1.6819507
 31
0.0
  0
LINE
  5
5D9
330
1F
100
AcDbEntity
  8
Top Overlay
100
AcDbLine
 10
1.5157298
 20
1.6819507
 30
0.0
 11
1.5157298
 21
1.6813951
 31
0.0
  0
LINE
  5
5DA
330
1F
100
AcDbEntity
  8
Top Overlay
100
AcDbLine
 10
1.5157298
 20
1.6813951
 30
0.0
 11
1.5168411
 21
1.6813951
 31
0.0
  0
LINE
  5
5DB
330
1F
100
AcDbEntity
  8
Top Overlay
100
AcDbLine
 10
1.5168411
 20
1.6813951
 30
0.0
 11
1.5168411
 21
1.6808394
 31
0.0
  0
LINE
  5
5DC
330
1F
100
AcDbEntity
  8
Top Overlay
100
AcDbLine
 10
1.5168411
 20
1.6808394
 30
0.0
 11
1.5179524
 21
1.6808394
 31
0.0
  0
LINE
  5
5DD
330
1F
100
AcDbEntity
  8
Top Overlay
100
AcDbLine
 10
1.5179524
 20
1.6808394
 30
0.0
 11
1.5179524
 21
1.6802838
 31
0.0
  0
LINE
  5
5DE
330
1F
100
AcDbEntity
  8
Top Overlay
100
AcDbLine
 10
1.5179524
 20
1.6802838
 30
0.0
 11
1.5185081
 21
1.6802838
 31
0.0
  0
LINE
  5
5DF
330
1F
100
AcDbEntity
  8
Top Overlay
100
AcDbLine
 10
1.5185081
 20
1.6802838
 30
0.0
 11
1.5185081
 21
1.6797281
 31
0.0
  0
LINE
  5
5E0
330
1F
100
AcDbEntity
  8
Top Overlay
100
AcDbLine
 10
1.5185081
 20
1.6797281
 30
0.0
 11
1.5190637
 21
1.6797281
 31
0.0
  0
LINE
  5
5E1
330
1F
100
AcDbEntity
  8
Top Overlay
100
AcDbLine
 10
1.5190637
 20
1.6797281
 30
0.0
 11
1.5190637
 21
1.6791725
 31
0.0
  0
LINE
  5
5E2
330
1F
100
AcDbEntity
  8
Top Overlay
100
AcDbLine
 10
1.5190637
 20
1.6791725
 30
0.0
 11
1.5196194
 21
1.6791725
 31
0.0
  0
LINE
  5
5E3
330
1F
100
AcDbEntity
  8
Top Overlay
100
AcDbLine
 10
1.5196194
 20
1.6791725
 30
0.0
 11
1.5196194
 21
1.6780611
 31
0.0
  0
LINE
  5
5E4
330
1F
100
AcDbEntity
  8
Top Overlay
100
AcDbLine
 10
1.5196194
 20
1.6780611
 30
0.0
 11
1.520175
 21
1.6780611
 31
0.0
  0
LINE
  5
5E5
330
1F
100
AcDbEntity
  8
Top Overlay
100
AcDbLine
 10
1.520175
 20
1.6780611
 30
0.0
 11
1.520175
 21
1.6775055
 31
0.0
  0
LINE
  5
5E6
330
1F
100
AcDbEntity
  8
Top Overlay
100
AcDbLine
 10
1.520175
 20
1.6775055
 30
0.0
 11
1.5207307
 21
1.6775055
 31
0.0
  0
LINE
  5
5E7
330
1F
100
AcDbEntity
  8
Top Overlay
100
AcDbLine
 10
1.5207307
 20
1.6775055
 30
0.0
 11
1.5207307
 21
1.6763942
 31
0.0
  0
LINE
  5
5E8
330
1F
100
AcDbEntity
  8
Top Overlay
100
AcDbLine
 10
1.5207307
 20
1.6763942
 30
0.0
 11
1.5212863
 21
1.6763942
 31
0.0
  0
LINE
  5
5E9
330
1F
100
AcDbEntity
  8
Top Overlay
100
AcDbLine
 10
1.5212863
 20
1.6763942
 30
0.0
 11
1.5212863
 21
1.6736159
 31
0.0
  0
LINE
  5
5EA
330
1F
100
AcDbEntity
  8
Top Overlay
100
AcDbLine
 10
1.5212863
 20
1.6736159
 30
0.0
 11
1.521842
 21
1.6736159
 31
0.0
  0
LINE
  5
5EB
330
1F
100
AcDbEntity
  8
Top Overlay
100
AcDbLine
 10
1.521842
 20
1.6736159
 30
0.0
 11
1.521842
 21
1.6669481
 31
0.0
  0
LINE
  5
5EC
330
1F
100
AcDbEntity
  8
Top Overlay
100
AcDbLine
 10
1.521842
 20
1.6669481
 30
0.0
 11
1.5212863
 21
1.6669481
 31
0.0
  0
LINE
  5
5ED
330
1F
100
AcDbEntity
  8
Top Overlay
100
AcDbLine
 10
1.5212863
 20
1.6669481
 30
0.0
 11
1.5212863
 21
1.6663924
 31
0.0
  0
LINE
  5
5EE
330
1F
100
AcDbEntity
  8
Top Overlay
100
AcDbLine
 10
1.5212863
 20
1.6663924
 30
0.0
 11
1.520175
 21
1.6663924
 31
0.0
  0
LINE
  5
5EF
330
1F
100
AcDbEntity
  8
Top Overlay
100
AcDbLine
 10
1.6574215
 20
1.699176
 30
0.0
 11
1.6574215
 21
1.6419436
 31
0.0
  0
LINE
  5
5F0
330
1F
100
AcDbEntity
  8
Top Overlay
100
AcDbLine
 10
1.6574215
 20
1.6419436
 30
0.0
 11
1.6568659
 21
1.6419436
 31
0.0
  0
LINE
  5
5F1
330
1F
100
AcDbEntity
  8
Top Overlay
100
AcDbLine
 10
1.6568659
 20
1.6419436
 30
0.0
 11
1.6568659
 21
1.6424993
 31
0.0
  0
LINE
  5
5F2
330
1F
100
AcDbEntity
  8
Top Overlay
100
AcDbLine
 10
1.6568659
 20
1.6424993
 30
0.0
 11
1.6279719
 21
1.6424993
 31
0.0
  0
LINE
  5
5F3
330
1F
100
AcDbEntity
  8
Top Overlay
100
AcDbLine
 10
1.6279719
 20
1.6424993
 30
0.0
 11
1.6279719
 21
1.643055
 31
0.0
  0
LINE
  5
5F4
330
1F
100
AcDbEntity
  8
Top Overlay
100
AcDbLine
 10
1.6279719
 20
1.643055
 30
0.0
 11
1.6263049
 21
1.643055
 31
0.0
  0
LINE
  5
5F5
330
1F
100
AcDbEntity
  8
Top Overlay
100
AcDbLine
 10
1.6263049
 20
1.643055
 30
0.0
 11
1.6263049
 21
1.6436106
 31
0.0
  0
LINE
  5
5F6
330
1F
100
AcDbEntity
  8
Top Overlay
100
AcDbLine
 10
1.6263049
 20
1.6436106
 30
0.0
 11
1.6246379
 21
1.6436106
 31
0.0
  0
LINE
  5
5F7
330
1F
100
AcDbEntity
  8
Top Overlay
100
AcDbLine
 10
1.6246379
 20
1.6436106
 30
0.0
 11
1.6246379
 21
1.6441663
 31
0.0
  0
LINE
  5
5F8
330
1F
100
AcDbEntity
  8
Top Overlay
100
AcDbLine
 10
1.6246379
 20
1.6441663
 30
0.0
 11
1.6235266
 21
1.6441663
 31
0.0
  0
LINE
  5
5F9
330
1F
100
AcDbEntity
  8
Top Overlay
100
AcDbLine
 10
1.6235266
 20
1.6441663
 30
0.0
 11
1.6235266
 21
1.6447219
 31
0.0
  0
LINE
  5
5FA
330
1F
100
AcDbEntity
  8
Top Overlay
100
AcDbLine
 10
1.6235266
 20
1.6447219
 30
0.0
 11
1.6224153
 21
1.6447219
 31
0.0
  0
LINE
  5
5FB
330
1F
100
AcDbEntity
  8
Top Overlay
100
AcDbLine
 10
1.6224153
 20
1.6447219
 30
0.0
 11
1.6224153
 21
1.6452776
 31
0.0
  0
LINE
  5
5FC
330
1F
100
AcDbEntity
  8
Top Overlay
100
AcDbLine
 10
1.6224153
 20
1.6452776
 30
0.0
 11
1.621304
 21
1.6452776
 31
0.0
  0
LINE
  5
5FD
330
1F
100
AcDbEntity
  8
Top Overlay
100
AcDbLine
 10
1.621304
 20
1.6452776
 30
0.0
 11
1.621304
 21
1.6458332
 31
0.0
  0
LINE
  5
5FE
330
1F
100
AcDbEntity
  8
Top Overlay
100
AcDbLine
 10
1.621304
 20
1.6458332
 30
0.0
 11
1.6207484
 21
1.6458332
 31
0.0
  0
LINE
  5
5FF
330
1F
100
AcDbEntity
  8
Top Overlay
100
AcDbLine
 10
1.6207484
 20
1.6458332
 30
0.0
 11
1.6207484
 21
1.6463889
 31
0.0
  0
LINE
  5
600
330
1F
100
AcDbEntity
  8
Top Overlay
100
AcDbLine
 10
1.6207484
 20
1.6463889
 30
0.0
 11
1.6201927
 21
1.6463889
 31
0.0
  0
LINE
  5
601
330
1F
100
AcDbEntity
  8
Top Overlay
100
AcDbLine
 10
1.6201927
 20
1.6463889
 30
0.0
 11
1.6201927
 21
1.6469445
 31
0.0
  0
LINE
  5
602
330
1F
100
AcDbEntity
  8
Top Overlay
100
AcDbLine
 10
1.6201927
 20
1.6469445
 30
0.0
 11
1.619637
 21
1.6469445
 31
0.0
  0
LINE
  5
603
330
1F
100
AcDbEntity
  8
Top Overlay
100
AcDbLine
 10
1.619637
 20
1.6469445
 30
0.0
 11
1.619637
 21
1.6475002
 31
0.0
  0
LINE
  5
604
330
1F
100
AcDbEntity
  8
Top Overlay
100
AcDbLine
 10
1.619637
 20
1.6475002
 30
0.0
 11
1.6190814
 21
1.6475002
 31
0.0
  0
LINE
  5
605
330
1F
100
AcDbEntity
  8
Top Overlay
100
AcDbLine
 10
1.6190814
 20
1.6475002
 30
0.0
 11
1.6190814
 21
1.6480558
 31
0.0
  0
LINE
  5
606
330
1F
100
AcDbEntity
  8
Top Overlay
100
AcDbLine
 10
1.6190814
 20
1.6480558
 30
0.0
 11
1.6185257
 21
1.6480558
 31
0.0
  0
LINE
  5
607
330
1F
100
AcDbEntity
  8
Top Overlay
100
AcDbLine
 10
1.6185257
 20
1.6480558
 30
0.0
 11
1.6185257
 21
1.6486115
 31
0.0
  0
LINE
  5
608
330
1F
100
AcDbEntity
  8
Top Overlay
100
AcDbLine
 10
1.6185257
 20
1.6486115
 30
0.0
 11
1.6179701
 21
1.6486115
 31
0.0
  0
LINE
  5
609
330
1F
100
AcDbEntity
  8
Top Overlay
100
AcDbLine
 10
1.6179701
 20
1.6486115
 30
0.0
 11
1.6179701
 21
1.6491671
 31
0.0
  0
LINE
  5
60A
330
1F
100
AcDbEntity
  8
Top Overlay
100
AcDbLine
 10
1.6179701
 20
1.6491671
 30
0.0
 11
1.6174144
 21
1.6491671
 31
0.0
  0
LINE
  5
60B
330
1F
100
AcDbEntity
  8
Top Overlay
100
AcDbLine
 10
1.6174144
 20
1.6491671
 30
0.0
 11
1.6174144
 21
1.6502785
 31
0.0
  0
LINE
  5
60C
330
1F
100
AcDbEntity
  8
Top Overlay
100
AcDbLine
 10
1.6174144
 20
1.6502785
 30
0.0
 11
1.6168588
 21
1.6502785
 31
0.0
  0
LINE
  5
60D
330
1F
100
AcDbEntity
  8
Top Overlay
100
AcDbLine
 10
1.6168588
 20
1.6502785
 30
0.0
 11
1.6168588
 21
1.6513898
 31
0.0
  0
LINE
  5
60E
330
1F
100
AcDbEntity
  8
Top Overlay
100
AcDbLine
 10
1.6168588
 20
1.6513898
 30
0.0
 11
1.6163031
 21
1.6513898
 31
0.0
  0
LINE
  5
60F
330
1F
100
AcDbEntity
  8
Top Overlay
100
AcDbLine
 10
1.6163031
 20
1.6513898
 30
0.0
 11
1.6163031
 21
1.6525011
 31
0.0
  0
LINE
  5
610
330
1F
100
AcDbEntity
  8
Top Overlay
100
AcDbLine
 10
1.6163031
 20
1.6525011
 30
0.0
 11
1.6157475
 21
1.6525011
 31
0.0
  0
LINE
  5
611
330
1F
100
AcDbEntity
  8
Top Overlay
100
AcDbLine
 10
1.6157475
 20
1.6525011
 30
0.0
 11
1.6157475
 21
1.6536124
 31
0.0
  0
LINE
  5
612
330
1F
100
AcDbEntity
  8
Top Overlay
100
AcDbLine
 10
1.6157475
 20
1.6536124
 30
0.0
 11
1.6151918
 21
1.6536124
 31
0.0
  0
LINE
  5
613
330
1F
100
AcDbEntity
  8
Top Overlay
100
AcDbLine
 10
1.6151918
 20
1.6536124
 30
0.0
 11
1.6151918
 21
1.6563906
 31
0.0
  0
LINE
  5
614
330
1F
100
AcDbEntity
  8
Top Overlay
100
AcDbLine
 10
1.6151918
 20
1.6563906
 30
0.0
 11
1.6146362
 21
1.6563906
 31
0.0
  0
LINE
  5
615
330
1F
100
AcDbEntity
  8
Top Overlay
100
AcDbLine
 10
1.6146362
 20
1.6563906
 30
0.0
 11
1.6146362
 21
1.6580576
 31
0.0
  0
LINE
  5
616
330
1F
100
AcDbEntity
  8
Top Overlay
100
AcDbLine
 10
1.6146362
 20
1.6580576
 30
0.0
 11
1.6140805
 21
1.6580576
 31
0.0
  0
LINE
  5
617
330
1F
100
AcDbEntity
  8
Top Overlay
100
AcDbLine
 10
1.6140805
 20
1.6580576
 30
0.0
 11
1.6140805
 21
1.6663924
 31
0.0
  0
LINE
  5
618
330
1F
100
AcDbEntity
  8
Top Overlay
100
AcDbLine
 10
1.6140805
 20
1.6663924
 30
0.0
 11
1.6146362
 21
1.6663924
 31
0.0
  0
LINE
  5
619
330
1F
100
AcDbEntity
  8
Top Overlay
100
AcDbLine
 10
1.6146362
 20
1.6663924
 30
0.0
 11
1.6146362
 21
1.668615
 31
0.0
  0
LINE
  5
61A
330
1F
100
AcDbEntity
  8
Top Overlay
100
AcDbLine
 10
1.6146362
 20
1.668615
 30
0.0
 11
1.6151918
 21
1.668615
 31
0.0
  0
LINE
  5
61B
330
1F
100
AcDbEntity
  8
Top Overlay
100
AcDbLine
 10
1.6151918
 20
1.668615
 30
0.0
 11
1.6151918
 21
1.6708376
 31
0.0
  0
LINE
  5
61C
330
1F
100
AcDbEntity
  8
Top Overlay
100
AcDbLine
 10
1.6151918
 20
1.6708376
 30
0.0
 11
1.6157475
 21
1.6708376
 31
0.0
  0
LINE
  5
61D
330
1F
100
AcDbEntity
  8
Top Overlay
100
AcDbLine
 10
1.6157475
 20
1.6708376
 30
0.0
 11
1.6157475
 21
1.6725046
 31
0.0
  0
LINE
  5
61E
330
1F
100
AcDbEntity
  8
Top Overlay
100
AcDbLine
 10
1.6157475
 20
1.6725046
 30
0.0
 11
1.6163031
 21
1.6725046
 31
0.0
  0
LINE
  5
61F
330
1F
100
AcDbEntity
  8
Top Overlay
100
AcDbLine
 10
1.6163031
 20
1.6725046
 30
0.0
 11
1.6163031
 21
1.6736159
 31
0.0
  0
LINE
  5
620
330
1F
100
AcDbEntity
  8
Top Overlay
100
AcDbLine
 10
1.6163031
 20
1.6736159
 30
0.0
 11
1.6168588
 21
1.6736159
 31
0.0
  0
LINE
  5
621
330
1F
100
AcDbEntity
  8
Top Overlay
100
AcDbLine
 10
1.6168588
 20
1.6736159
 30
0.0
 11
1.6168588
 21
1.6747272
 31
0.0
  0
LINE
  5
622
330
1F
100
AcDbEntity
  8
Top Overlay
100
AcDbLine
 10
1.6168588
 20
1.6747272
 30
0.0
 11
1.6174144
 21
1.6747272
 31
0.0
  0
LINE
  5
623
330
1F
100
AcDbEntity
  8
Top Overlay
100
AcDbLine
 10
1.6174144
 20
1.6747272
 30
0.0
 11
1.6174144
 21
1.6752829
 31
0.0
  0
LINE
  5
624
330
1F
100
AcDbEntity
  8
Top Overlay
100
AcDbLine
 10
1.6174144
 20
1.6752829
 30
0.0
 11
1.6179701
 21
1.6752829
 31
0.0
  0
LINE
  5
625
330
1F
100
AcDbEntity
  8
Top Overlay
100
AcDbLine
 10
1.6179701
 20
1.6752829
 30
0.0
 11
1.6179701
 21
1.6763942
 31
0.0
  0
LINE
  5
626
330
1F
100
AcDbEntity
  8
Top Overlay
100
AcDbLine
 10
1.6179701
 20
1.6763942
 30
0.0
 11
1.6185257
 21
1.6763942
 31
0.0
  0
LINE
  5
627
330
1F
100
AcDbEntity
  8
Top Overlay
100
AcDbLine
 10
1.6185257
 20
1.6763942
 30
0.0
 11
1.6185257
 21
1.6769498
 31
0.0
  0
LINE
  5
628
330
1F
100
AcDbEntity
  8
Top Overlay
100
AcDbLine
 10
1.6185257
 20
1.6769498
 30
0.0
 11
1.6190814
 21
1.6769498
 31
0.0
  0
LINE
  5
629
330
1F
100
AcDbEntity
  8
Top Overlay
100
AcDbLine
 10
1.6190814
 20
1.6769498
 30
0.0
 11
1.6190814
 21
1.6775055
 31
0.0
  0
LINE
  5
62A
330
1F
100
AcDbEntity
  8
Top Overlay
100
AcDbLine
 10
1.6190814
 20
1.6775055
 30
0.0
 11
1.619637
 21
1.6775055
 31
0.0
  0
LINE
  5
62B
330
1F
100
AcDbEntity
  8
Top Overlay
100
AcDbLine
 10
1.619637
 20
1.6775055
 30
0.0
 11
1.619637
 21
1.6780611
 31
0.0
  0
LINE
  5
62C
330
1F
100
AcDbEntity
  8
Top Overlay
100
AcDbLine
 10
1.619637
 20
1.6780611
 30
0.0
 11
1.6201927
 21
1.6780611
 31
0.0
  0
LINE
  5
62D
330
1F
100
AcDbEntity
  8
Top Overlay
100
AcDbLine
 10
1.6201927
 20
1.6780611
 30
0.0
 11
1.6201927
 21
1.6786168
 31
0.0
  0
LINE
  5
62E
330
1F
100
AcDbEntity
  8
Top Overlay
100
AcDbLine
 10
1.6201927
 20
1.6786168
 30
0.0
 11
1.6207484
 21
1.6786168
 31
0.0
  0
LINE
  5
62F
330
1F
100
AcDbEntity
  8
Top Overlay
100
AcDbLine
 10
1.6207484
 20
1.6786168
 30
0.0
 11
1.6207484
 21
1.6791725
 31
0.0
  0
LINE
  5
630
330
1F
100
AcDbEntity
  8
Top Overlay
100
AcDbLine
 10
1.6207484
 20
1.6791725
 30
0.0
 11
1.6218597
 21
1.6791725
 31
0.0
  0
LINE
  5
631
330
1F
100
AcDbEntity
  8
Top Overlay
100
AcDbLine
 10
1.6218597
 20
1.6791725
 30
0.0
 11
1.6218597
 21
1.6797281
 31
0.0
  0
LINE
  5
632
330
1F
100
AcDbEntity
  8
Top Overlay
100
AcDbLine
 10
1.6218597
 20
1.6797281
 30
0.0
 11
1.6224153
 21
1.6797281
 31
0.0
  0
LINE
  5
633
330
1F
100
AcDbEntity
  8
Top Overlay
100
AcDbLine
 10
1.6224153
 20
1.6797281
 30
0.0
 11
1.6224153
 21
1.6802838
 31
0.0
  0
LINE
  5
634
330
1F
100
AcDbEntity
  8
Top Overlay
100
AcDbLine
 10
1.6224153
 20
1.6802838
 30
0.0
 11
1.6235266
 21
1.6802838
 31
0.0
  0
LINE
  5
635
330
1F
100
AcDbEntity
  8
Top Overlay
100
AcDbLine
 10
1.6235266
 20
1.6802838
 30
0.0
 11
1.6235266
 21
1.6808394
 31
0.0
  0
LINE
  5
636
330
1F
100
AcDbEntity
  8
Top Overlay
100
AcDbLine
 10
1.6235266
 20
1.6808394
 30
0.0
 11
1.6246379
 21
1.6808394
 31
0.0
  0
LINE
  5
637
330
1F
100
AcDbEntity
  8
Top Overlay
100
AcDbLine
 10
1.6246379
 20
1.6808394
 30
0.0
 11
1.6246379
 21
1.6813951
 31
0.0
  0
LINE
  5
638
330
1F
100
AcDbEntity
  8
Top Overlay
100
AcDbLine
 10
1.6246379
 20
1.6813951
 30
0.0
 11
1.6263049
 21
1.6813951
 31
0.0
  0
LINE
  5
639
330
1F
100
AcDbEntity
  8
Top Overlay
100
AcDbLine
 10
1.6263049
 20
1.6813951
 30
0.0
 11
1.6263049
 21
1.6819507
 31
0.0
  0
LINE
  5
63A
330
1F
100
AcDbEntity
  8
Top Overlay
100
AcDbLine
 10
1.6263049
 20
1.6819507
 30
0.0
 11
1.6279719
 21
1.6819507
 31
0.0
  0
LINE
  5
63B
330
1F
100
AcDbEntity
  8
Top Overlay
100
AcDbLine
 10
1.6279719
 20
1.6819507
 30
0.0
 11
1.6279719
 21
1.6825064
 31
0.0
  0
LINE
  5
63C
330
1F
100
AcDbEntity
  8
Top Overlay
100
AcDbLine
 10
1.6279719
 20
1.6825064
 30
0.0
 11
1.6324171
 21
1.6825064
 31
0.0
  0
LINE
  5
63D
330
1F
100
AcDbEntity
  8
Top Overlay
100
AcDbLine
 10
1.6324171
 20
1.6825064
 30
0.0
 11
1.6324171
 21
1.683062
 31
0.0
  0
LINE
  5
63E
330
1F
100
AcDbEntity
  8
Top Overlay
100
AcDbLine
 10
1.6324171
 20
1.683062
 30
0.0
 11
1.6457528
 21
1.683062
 31
0.0
  0
LINE
  5
63F
330
1F
100
AcDbEntity
  8
Top Overlay
100
AcDbLine
 10
1.6457528
 20
1.683062
 30
0.0
 11
1.6457528
 21
1.6825064
 31
0.0
  0
LINE
  5
640
330
1F
100
AcDbEntity
  8
Top Overlay
100
AcDbLine
 10
1.6457528
 20
1.6825064
 30
0.0
 11
1.6463084
 21
1.6825064
 31
0.0
  0
LINE
  5
641
330
1F
100
AcDbEntity
  8
Top Overlay
100
AcDbLine
 10
1.6463084
 20
1.6825064
 30
0.0
 11
1.6463084
 21
1.683062
 31
0.0
  0
LINE
  5
642
330
1F
100
AcDbEntity
  8
Top Overlay
100
AcDbLine
 10
1.6463084
 20
1.683062
 30
0.0
 11
1.6468641
 21
1.683062
 31
0.0
  0
LINE
  5
643
330
1F
100
AcDbEntity
  8
Top Overlay
100
AcDbLine
 10
1.6468641
 20
1.683062
 30
0.0
 11
1.6468641
 21
1.6986203
 31
0.0
  0
LINE
  5
644
330
1F
100
AcDbEntity
  8
Top Overlay
100
AcDbLine
 10
1.6468641
 20
1.6986203
 30
0.0
 11
1.6474197
 21
1.6986203
 31
0.0
  0
LINE
  5
645
330
1F
100
AcDbEntity
  8
Top Overlay
100
AcDbLine
 10
1.6474197
 20
1.6986203
 30
0.0
 11
1.6474197
 21
1.699176
 31
0.0
  0
LINE
  5
646
330
1F
100
AcDbEntity
  8
Top Overlay
100
AcDbLine
 10
1.6474197
 20
1.699176
 30
0.0
 11
1.6574215
 21
1.699176
 31
0.0
  0
LINE
  5
647
330
1F
100
AcDbEntity
  8
Top Overlay
100
AcDbLine
 10
1.6468641
 20
1.6508341
 30
0.0
 11
1.6468641
 21
1.6741716
 31
0.0
  0
LINE
  5
648
330
1F
100
AcDbEntity
  8
Top Overlay
100
AcDbLine
 10
1.6468641
 20
1.6741716
 30
0.0
 11
1.6318614
 21
1.6741716
 31
0.0
  0
LINE
  5
649
330
1F
100
AcDbEntity
  8
Top Overlay
100
AcDbLine
 10
1.6318614
 20
1.6741716
 30
0.0
 11
1.6318614
 21
1.6736159
 31
0.0
  0
LINE
  5
64A
330
1F
100
AcDbEntity
  8
Top Overlay
100
AcDbLine
 10
1.6318614
 20
1.6736159
 30
0.0
 11
1.6307501
 21
1.6736159
 31
0.0
  0
LINE
  5
64B
330
1F
100
AcDbEntity
  8
Top Overlay
100
AcDbLine
 10
1.6307501
 20
1.6736159
 30
0.0
 11
1.6307501
 21
1.6730603
 31
0.0
  0
LINE
  5
64C
330
1F
100
AcDbEntity
  8
Top Overlay
100
AcDbLine
 10
1.6307501
 20
1.6730603
 30
0.0
 11
1.6301945
 21
1.6730603
 31
0.0
  0
LINE
  5
64D
330
1F
100
AcDbEntity
  8
Top Overlay
100
AcDbLine
 10
1.6301945
 20
1.6730603
 30
0.0
 11
1.6301945
 21
1.6725046
 31
0.0
  0
LINE
  5
64E
330
1F
100
AcDbEntity
  8
Top Overlay
100
AcDbLine
 10
1.6301945
 20
1.6725046
 30
0.0
 11
1.6290832
 21
1.6725046
 31
0.0
  0
LINE
  5
64F
330
1F
100
AcDbEntity
  8
Top Overlay
100
AcDbLine
 10
1.6290832
 20
1.6725046
 30
0.0
 11
1.6290832
 21
1.671949
 31
0.0
  0
LINE
  5
650
330
1F
100
AcDbEntity
  8
Top Overlay
100
AcDbLine
 10
1.6290832
 20
1.671949
 30
0.0
 11
1.6285275
 21
1.671949
 31
0.0
  0
LINE
  5
651
330
1F
100
AcDbEntity
  8
Top Overlay
100
AcDbLine
 10
1.6285275
 20
1.671949
 30
0.0
 11
1.6285275
 21
1.6713933
 31
0.0
  0
LINE
  5
652
330
1F
100
AcDbEntity
  8
Top Overlay
100
AcDbLine
 10
1.6285275
 20
1.6713933
 30
0.0
 11
1.6279719
 21
1.6713933
 31
0.0
  0
LINE
  5
653
330
1F
100
AcDbEntity
  8
Top Overlay
100
AcDbLine
 10
1.6279719
 20
1.6713933
 30
0.0
 11
1.6279719
 21
1.670282
 31
0.0
  0
LINE
  5
654
330
1F
100
AcDbEntity
  8
Top Overlay
100
AcDbLine
 10
1.6279719
 20
1.670282
 30
0.0
 11
1.6274162
 21
1.670282
 31
0.0
  0
LINE
  5
655
330
1F
100
AcDbEntity
  8
Top Overlay
100
AcDbLine
 10
1.6274162
 20
1.670282
 30
0.0
 11
1.6274162
 21
1.6697263
 31
0.0
  0
LINE
  5
656
330
1F
100
AcDbEntity
  8
Top Overlay
100
AcDbLine
 10
1.6274162
 20
1.6697263
 30
0.0
 11
1.6268605
 21
1.6697263
 31
0.0
  0
LINE
  5
657
330
1F
100
AcDbEntity
  8
Top Overlay
100
AcDbLine
 10
1.6268605
 20
1.6697263
 30
0.0
 11
1.6268605
 21
1.668615
 31
0.0
  0
LINE
  5
658
330
1F
100
AcDbEntity
  8
Top Overlay
100
AcDbLine
 10
1.6268605
 20
1.668615
 30
0.0
 11
1.6263049
 21
1.668615
 31
0.0
  0
LINE
  5
659
330
1F
100
AcDbEntity
  8
Top Overlay
100
AcDbLine
 10
1.6263049
 20
1.668615
 30
0.0
 11
1.6263049
 21
1.6669481
 31
0.0
  0
LINE
  5
65A
330
1F
100
AcDbEntity
  8
Top Overlay
100
AcDbLine
 10
1.6263049
 20
1.6669481
 30
0.0
 11
1.6257492
 21
1.6669481
 31
0.0
  0
LINE
  5
65B
330
1F
100
AcDbEntity
  8
Top Overlay
100
AcDbLine
 10
1.6257492
 20
1.6669481
 30
0.0
 11
1.6257492
 21
1.6619472
 31
0.0
  0
LINE
  5
65C
330
1F
100
AcDbEntity
  8
Top Overlay
100
AcDbLine
 10
1.6257492
 20
1.6619472
 30
0.0
 11
1.6251936
 21
1.6619472
 31
0.0
  0
LINE
  5
65D
330
1F
100
AcDbEntity
  8
Top Overlay
100
AcDbLine
 10
1.6251936
 20
1.6619472
 30
0.0
 11
1.6251936
 21
1.6613915
 31
0.0
  0
LINE
  5
65E
330
1F
100
AcDbEntity
  8
Top Overlay
100
AcDbLine
 10
1.6251936
 20
1.6613915
 30
0.0
 11
1.6257492
 21
1.6613915
 31
0.0
  0
LINE
  5
65F
330
1F
100
AcDbEntity
  8
Top Overlay
100
AcDbLine
 10
1.6257492
 20
1.6613915
 30
0.0
 11
1.6257492
 21
1.6580576
 31
0.0
  0
LINE
  5
660
330
1F
100
AcDbEntity
  8
Top Overlay
100
AcDbLine
 10
1.6257492
 20
1.6580576
 30
0.0
 11
1.6263049
 21
1.6580576
 31
0.0
  0
LINE
  5
661
330
1F
100
AcDbEntity
  8
Top Overlay
100
AcDbLine
 10
1.6263049
 20
1.6580576
 30
0.0
 11
1.6263049
 21
1.6569463
 31
0.0
  0
LINE
  5
662
330
1F
100
AcDbEntity
  8
Top Overlay
100
AcDbLine
 10
1.6263049
 20
1.6569463
 30
0.0
 11
1.6268605
 21
1.6569463
 31
0.0
  0
LINE
  5
663
330
1F
100
AcDbEntity
  8
Top Overlay
100
AcDbLine
 10
1.6268605
 20
1.6569463
 30
0.0
 11
1.6268605
 21
1.6552793
 31
0.0
  0
LINE
  5
664
330
1F
100
AcDbEntity
  8
Top Overlay
100
AcDbLine
 10
1.6268605
 20
1.6552793
 30
0.0
 11
1.6274162
 21
1.6552793
 31
0.0
  0
LINE
  5
665
330
1F
100
AcDbEntity
  8
Top Overlay
100
AcDbLine
 10
1.6274162
 20
1.6552793
 30
0.0
 11
1.6274162
 21
1.6547237
 31
0.0
  0
LINE
  5
666
330
1F
100
AcDbEntity
  8
Top Overlay
100
AcDbLine
 10
1.6274162
 20
1.6547237
 30
0.0
 11
1.6279719
 21
1.6547237
 31
0.0
  0
LINE
  5
667
330
1F
100
AcDbEntity
  8
Top Overlay
100
AcDbLine
 10
1.6279719
 20
1.6547237
 30
0.0
 11
1.6279719
 21
1.654168
 31
0.0
  0
LINE
  5
668
330
1F
100
AcDbEntity
  8
Top Overlay
100
AcDbLine
 10
1.6279719
 20
1.654168
 30
0.0
 11
1.6285275
 21
1.654168
 31
0.0
  0
LINE
  5
669
330
1F
100
AcDbEntity
  8
Top Overlay
100
AcDbLine
 10
1.6285275
 20
1.654168
 30
0.0
 11
1.6285275
 21
1.6530567
 31
0.0
  0
LINE
  5
66A
330
1F
100
AcDbEntity
  8
Top Overlay
100
AcDbLine
 10
1.6285275
 20
1.6530567
 30
0.0
 11
1.6296388
 21
1.6530567
 31
0.0
  0
LINE
  5
66B
330
1F
100
AcDbEntity
  8
Top Overlay
100
AcDbLine
 10
1.6296388
 20
1.6530567
 30
0.0
 11
1.6296388
 21
1.6525011
 31
0.0
  0
LINE
  5
66C
330
1F
100
AcDbEntity
  8
Top Overlay
100
AcDbLine
 10
1.6296388
 20
1.6525011
 30
0.0
 11
1.6301945
 21
1.6525011
 31
0.0
  0
LINE
  5
66D
330
1F
100
AcDbEntity
  8
Top Overlay
100
AcDbLine
 10
1.6301945
 20
1.6525011
 30
0.0
 11
1.6301945
 21
1.6519454
 31
0.0
  0
LINE
  5
66E
330
1F
100
AcDbEntity
  8
Top Overlay
100
AcDbLine
 10
1.6301945
 20
1.6519454
 30
0.0
 11
1.6313058
 21
1.6519454
 31
0.0
  0
LINE
  5
66F
330
1F
100
AcDbEntity
  8
Top Overlay
100
AcDbLine
 10
1.6313058
 20
1.6519454
 30
0.0
 11
1.6313058
 21
1.6513898
 31
0.0
  0
LINE
  5
670
330
1F
100
AcDbEntity
  8
Top Overlay
100
AcDbLine
 10
1.6313058
 20
1.6513898
 30
0.0
 11
1.6324171
 21
1.6513898
 31
0.0
  0
LINE
  5
671
330
1F
100
AcDbEntity
  8
Top Overlay
100
AcDbLine
 10
1.6324171
 20
1.6513898
 30
0.0
 11
1.6324171
 21
1.6508341
 31
0.0
  0
LINE
  5
672
330
1F
100
AcDbEntity
  8
Top Overlay
100
AcDbLine
 10
1.6324171
 20
1.6508341
 30
0.0
 11
1.6346397
 21
1.6508341
 31
0.0
  0
LINE
  5
673
330
1F
100
AcDbEntity
  8
Top Overlay
100
AcDbLine
 10
1.6346397
 20
1.6508341
 30
0.0
 11
1.6346397
 21
1.6502785
 31
0.0
  0
LINE
  5
674
330
1F
100
AcDbEntity
  8
Top Overlay
100
AcDbLine
 10
1.6346397
 20
1.6502785
 30
0.0
 11
1.635751
 21
1.6502785
 31
0.0
  0
LINE
  5
675
330
1F
100
AcDbEntity
  8
Top Overlay
100
AcDbLine
 10
1.635751
 20
1.6502785
 30
0.0
 11
1.635751
 21
1.6508341
 31
0.0
  0
LINE
  5
676
330
1F
100
AcDbEntity
  8
Top Overlay
100
AcDbLine
 10
1.635751
 20
1.6508341
 30
0.0
 11
1.6457528
 21
1.6508341
 31
0.0
  0
LINE
  5
677
330
1F
100
AcDbEntity
  8
Top Overlay
100
AcDbLine
 10
1.6457528
 20
1.6508341
 30
0.0
 11
1.6457528
 21
1.6502785
 31
0.0
  0
LINE
  5
678
330
1F
100
AcDbEntity
  8
Top Overlay
100
AcDbLine
 10
1.6457528
 20
1.6502785
 30
0.0
 11
1.6463084
 21
1.6502785
 31
0.0
  0
LINE
  5
679
330
1F
100
AcDbEntity
  8
Top Overlay
100
AcDbLine
 10
1.6463084
 20
1.6502785
 30
0.0
 11
1.6463084
 21
1.6508341
 31
0.0
  0
LINE
  5
67A
330
1F
100
AcDbEntity
  8
Top Overlay
100
AcDbLine
 10
1.6463084
 20
1.6508341
 30
0.0
 11
1.6468641
 21
1.6508341
 31
0.0
  0
LINE
  5
67B
330
1F
100
AcDbEntity
  8
Top Overlay
100
AcDbLine
 10
1.5629604
 20
1.6747272
 30
0.0
 11
1.5624047
 21
1.6747272
 31
0.0
  0
LINE
  5
67C
330
1F
100
AcDbEntity
  8
Top Overlay
100
AcDbLine
 10
1.5624047
 20
1.6747272
 30
0.0
 11
1.5446238
 21
1.6747272
 31
0.0
  0
LINE
  5
67D
330
1F
100
AcDbEntity
  8
Top Overlay
100
AcDbLine
 10
1.5446238
 20
1.6747272
 30
0.0
 11
1.5446238
 21
1.6741716
 31
0.0
  0
LINE
  5
67E
330
1F
100
AcDbEntity
  8
Top Overlay
100
AcDbLine
 10
1.5446238
 20
1.6741716
 30
0.0
 11
1.5424012
 21
1.6741716
 31
0.0
  0
LINE
  5
67F
330
1F
100
AcDbEntity
  8
Top Overlay
100
AcDbLine
 10
1.5424012
 20
1.6741716
 30
0.0
 11
1.5424012
 21
1.6736159
 31
0.0
  0
LINE
  5
680
330
1F
100
AcDbEntity
  8
Top Overlay
100
AcDbLine
 10
1.5424012
 20
1.6736159
 30
0.0
 11
1.5418455
 21
1.6736159
 31
0.0
  0
LINE
  5
681
330
1F
100
AcDbEntity
  8
Top Overlay
100
AcDbLine
 10
1.5418455
 20
1.6736159
 30
0.0
 11
1.5418455
 21
1.6730603
 31
0.0
  0
LINE
  5
682
330
1F
100
AcDbEntity
  8
Top Overlay
100
AcDbLine
 10
1.5418455
 20
1.6730603
 30
0.0
 11
1.5407342
 21
1.6730603
 31
0.0
  0
LINE
  5
683
330
1F
100
AcDbEntity
  8
Top Overlay
100
AcDbLine
 10
1.5407342
 20
1.6730603
 30
0.0
 11
1.5407342
 21
1.6725046
 31
0.0
  0
LINE
  5
684
330
1F
100
AcDbEntity
  8
Top Overlay
100
AcDbLine
 10
1.5407342
 20
1.6725046
 30
0.0
 11
1.5401786
 21
1.6725046
 31
0.0
  0
LINE
  5
685
330
1F
100
AcDbEntity
  8
Top Overlay
100
AcDbLine
 10
1.5401786
 20
1.6725046
 30
0.0
 11
1.5401786
 21
1.6708376
 31
0.0
  0
LINE
  5
686
330
1F
100
AcDbEntity
  8
Top Overlay
100
AcDbLine
 10
1.5401786
 20
1.6708376
 30
0.0
 11
1.5396229
 21
1.6708376
 31
0.0
  0
LINE
  5
687
330
1F
100
AcDbEntity
  8
Top Overlay
100
AcDbLine
 10
1.5396229
 20
1.6708376
 30
0.0
 11
1.5396229
 21
1.6697263
 31
0.0
  0
LINE
  5
688
330
1F
100
AcDbEntity
  8
Top Overlay
100
AcDbLine
 10
1.5396229
 20
1.6697263
 30
0.0
 11
1.5390672
 21
1.6697263
 31
0.0
  0
LINE
  5
689
330
1F
100
AcDbEntity
  8
Top Overlay
100
AcDbLine
 10
1.5390672
 20
1.6697263
 30
0.0
 11
1.5390672
 21
1.6669481
 31
0.0
  0
LINE
  5
68A
330
1F
100
AcDbEntity
  8
Top Overlay
100
AcDbLine
 10
1.5390672
 20
1.6669481
 30
0.0
 11
1.5396229
 21
1.6669481
 31
0.0
  0
LINE
  5
68B
330
1F
100
AcDbEntity
  8
Top Overlay
100
AcDbLine
 10
1.5396229
 20
1.6669481
 30
0.0
 11
1.5396229
 21
1.6663924
 31
0.0
  0
LINE
  5
68C
330
1F
100
AcDbEntity
  8
Top Overlay
100
AcDbLine
 10
1.5396229
 20
1.6663924
 30
0.0
 11
1.5640717
 21
1.6663924
 31
0.0
  0
LINE
  5
68D
330
1F
100
AcDbEntity
  8
Top Overlay
100
AcDbLine
 10
1.5640717
 20
1.6663924
 30
0.0
 11
1.5640717
 21
1.6591689
 31
0.0
  0
LINE
  5
68E
330
1F
100
AcDbEntity
  8
Top Overlay
100
AcDbLine
 10
1.5640717
 20
1.6591689
 30
0.0
 11
1.563516
 21
1.6591689
 31
0.0
  0
LINE
  5
68F
330
1F
100
AcDbEntity
  8
Top Overlay
100
AcDbLine
 10
1.563516
 20
1.6591689
 30
0.0
 11
1.563516
 21
1.6586133
 31
0.0
  0
LINE
  5
690
330
1F
100
AcDbEntity
  8
Top Overlay
100
AcDbLine
 10
1.563516
 20
1.6586133
 30
0.0
 11
1.5390672
 21
1.6586133
 31
0.0
  0
LINE
  5
691
330
1F
100
AcDbEntity
  8
Top Overlay
100
AcDbLine
 10
1.5390672
 20
1.6586133
 30
0.0
 11
1.5390672
 21
1.655835
 31
0.0
  0
LINE
  5
692
330
1F
100
AcDbEntity
  8
Top Overlay
100
AcDbLine
 10
1.5390672
 20
1.655835
 30
0.0
 11
1.5396229
 21
1.655835
 31
0.0
  0
LINE
  5
693
330
1F
100
AcDbEntity
  8
Top Overlay
100
AcDbLine
 10
1.5396229
 20
1.655835
 30
0.0
 11
1.5396229
 21
1.6536124
 31
0.0
  0
LINE
  5
694
330
1F
100
AcDbEntity
  8
Top Overlay
100
AcDbLine
 10
1.5396229
 20
1.6536124
 30
0.0
 11
1.5401786
 21
1.6536124
 31
0.0
  0
LINE
  5
695
330
1F
100
AcDbEntity
  8
Top Overlay
100
AcDbLine
 10
1.5401786
 20
1.6536124
 30
0.0
 11
1.5401786
 21
1.6525011
 31
0.0
  0
LINE
  5
696
330
1F
100
AcDbEntity
  8
Top Overlay
100
AcDbLine
 10
1.5401786
 20
1.6525011
 30
0.0
 11
1.5407342
 21
1.6525011
 31
0.0
  0
LINE
  5
697
330
1F
100
AcDbEntity
  8
Top Overlay
100
AcDbLine
 10
1.5407342
 20
1.6525011
 30
0.0
 11
1.5407342
 21
1.6519454
 31
0.0
  0
LINE
  5
698
330
1F
100
AcDbEntity
  8
Top Overlay
100
AcDbLine
 10
1.5407342
 20
1.6519454
 30
0.0
 11
1.5418455
 21
1.6519454
 31
0.0
  0
LINE
  5
699
330
1F
100
AcDbEntity
  8
Top Overlay
100
AcDbLine
 10
1.5418455
 20
1.6519454
 30
0.0
 11
1.5418455
 21
1.6513898
 31
0.0
  0
LINE
  5
69A
330
1F
100
AcDbEntity
  8
Top Overlay
100
AcDbLine
 10
1.5418455
 20
1.6513898
 30
0.0
 11
1.5429568
 21
1.6513898
 31
0.0
  0
LINE
  5
69B
330
1F
100
AcDbEntity
  8
Top Overlay
100
AcDbLine
 10
1.5429568
 20
1.6513898
 30
0.0
 11
1.5429568
 21
1.6508341
 31
0.0
  0
LINE
  5
69C
330
1F
100
AcDbEntity
  8
Top Overlay
100
AcDbLine
 10
1.5429568
 20
1.6508341
 30
0.0
 11
1.5440681
 21
1.6508341
 31
0.0
  0
LINE
  5
69D
330
1F
100
AcDbEntity
  8
Top Overlay
100
AcDbLine
 10
1.5440681
 20
1.6508341
 30
0.0
 11
1.5440681
 21
1.6502785
 31
0.0
  0
LINE
  5
69E
330
1F
100
AcDbEntity
  8
Top Overlay
100
AcDbLine
 10
1.5440681
 20
1.6502785
 30
0.0
 11
1.563516
 21
1.6502785
 31
0.0
  0
LINE
  5
69F
330
1F
100
AcDbEntity
  8
Top Overlay
100
AcDbLine
 10
1.563516
 20
1.6502785
 30
0.0
 11
1.563516
 21
1.6497228
 31
0.0
  0
LINE
  5
6A0
330
1F
100
AcDbEntity
  8
Top Overlay
100
AcDbLine
 10
1.563516
 20
1.6497228
 30
0.0
 11
1.5640717
 21
1.6497228
 31
0.0
  0
LINE
  5
6A1
330
1F
100
AcDbEntity
  8
Top Overlay
100
AcDbLine
 10
1.5640717
 20
1.6497228
 30
0.0
 11
1.5640717
 21
1.643055
 31
0.0
  0
LINE
  5
6A2
330
1F
100
AcDbEntity
  8
Top Overlay
100
AcDbLine
 10
1.5640717
 20
1.643055
 30
0.0
 11
1.563516
 21
1.643055
 31
0.0
  0
LINE
  5
6A3
330
1F
100
AcDbEntity
  8
Top Overlay
100
AcDbLine
 10
1.563516
 20
1.643055
 30
0.0
 11
1.563516
 21
1.6424993
 31
0.0
  0
LINE
  5
6A4
330
1F
100
AcDbEntity
  8
Top Overlay
100
AcDbLine
 10
1.563516
 20
1.6424993
 30
0.0
 11
1.5629604
 21
1.6424993
 31
0.0
  0
LINE
  5
6A5
330
1F
100
AcDbEntity
  8
Top Overlay
100
AcDbLine
 10
1.5629604
 20
1.6424993
 30
0.0
 11
1.5629604
 21
1.6419436
 31
0.0
  0
LINE
  5
6A6
330
1F
100
AcDbEntity
  8
Top Overlay
100
AcDbLine
 10
1.5629604
 20
1.6419436
 30
0.0
 11
1.5624047
 21
1.6419436
 31
0.0
  0
LINE
  5
6A7
330
1F
100
AcDbEntity
  8
Top Overlay
100
AcDbLine
 10
1.5624047
 20
1.6419436
 30
0.0
 11
1.5624047
 21
1.6424993
 31
0.0
  0
LINE
  5
6A8
330
1F
100
AcDbEntity
  8
Top Overlay
100
AcDbLine
 10
1.5624047
 20
1.6424993
 30
0.0
 11
1.5612934
 21
1.6424993
 31
0.0
  0
LINE
  5
6A9
330
1F
100
AcDbEntity
  8
Top Overlay
100
AcDbLine
 10
1.5612934
 20
1.6424993
 30
0.0
 11
1.5612934
 21
1.6419436
 31
0.0
  0
LINE
  5
6AA
330
1F
100
AcDbEntity
  8
Top Overlay
100
AcDbLine
 10
1.5612934
 20
1.6419436
 30
0.0
 11
1.5607377
 21
1.6419436
 31
0.0
  0
LINE
  5
6AB
330
1F
100
AcDbEntity
  8
Top Overlay
100
AcDbLine
 10
1.5607377
 20
1.6419436
 30
0.0
 11
1.5607377
 21
1.6424993
 31
0.0
  0
LINE
  5
6AC
330
1F
100
AcDbEntity
  8
Top Overlay
100
AcDbLine
 10
1.5607377
 20
1.6424993
 30
0.0
 11
1.5407342
 21
1.6424993
 31
0.0
  0
LINE
  5
6AD
330
1F
100
AcDbEntity
  8
Top Overlay
100
AcDbLine
 10
1.5407342
 20
1.6424993
 30
0.0
 11
1.5407342
 21
1.643055
 31
0.0
  0
LINE
  5
6AE
330
1F
100
AcDbEntity
  8
Top Overlay
100
AcDbLine
 10
1.5407342
 20
1.643055
 30
0.0
 11
1.5396229
 21
1.643055
 31
0.0
  0
LINE
  5
6AF
330
1F
100
AcDbEntity
  8
Top Overlay
100
AcDbLine
 10
1.5396229
 20
1.643055
 30
0.0
 11
1.5396229
 21
1.6436106
 31
0.0
  0
LINE
  5
6B0
330
1F
100
AcDbEntity
  8
Top Overlay
100
AcDbLine
 10
1.5396229
 20
1.6436106
 30
0.0
 11
1.5379559
 21
1.6436106
 31
0.0
  0
LINE
  5
6B1
330
1F
100
AcDbEntity
  8
Top Overlay
100
AcDbLine
 10
1.5379559
 20
1.6436106
 30
0.0
 11
1.5379559
 21
1.6441663
 31
0.0
  0
LINE
  5
6B2
330
1F
100
AcDbEntity
  8
Top Overlay
100
AcDbLine
 10
1.5379559
 20
1.6441663
 30
0.0
 11
1.5368446
 21
1.6441663
 31
0.0
  0
LINE
  5
6B3
330
1F
100
AcDbEntity
  8
Top Overlay
100
AcDbLine
 10
1.5368446
 20
1.6441663
 30
0.0
 11
1.5368446
 21
1.6447219
 31
0.0
  0
LINE
  5
6B4
330
1F
100
AcDbEntity
  8
Top Overlay
100
AcDbLine
 10
1.5368446
 20
1.6447219
 30
0.0
 11
1.5357333
 21
1.6447219
 31
0.0
  0
LINE
  5
6B5
330
1F
100
AcDbEntity
  8
Top Overlay
100
AcDbLine
 10
1.5357333
 20
1.6447219
 30
0.0
 11
1.5357333
 21
1.6452776
 31
0.0
  0
LINE
  5
6B6
330
1F
100
AcDbEntity
  8
Top Overlay
100
AcDbLine
 10
1.5357333
 20
1.6452776
 30
0.0
 11
1.534622
 21
1.6452776
 31
0.0
  0
LINE
  5
6B7
330
1F
100
AcDbEntity
  8
Top Overlay
100
AcDbLine
 10
1.534622
 20
1.6452776
 30
0.0
 11
1.534622
 21
1.6458332
 31
0.0
  0
LINE
  5
6B8
330
1F
100
AcDbEntity
  8
Top Overlay
100
AcDbLine
 10
1.534622
 20
1.6458332
 30
0.0
 11
1.5335107
 21
1.6458332
 31
0.0
  0
LINE
  5
6B9
330
1F
100
AcDbEntity
  8
Top Overlay
100
AcDbLine
 10
1.5335107
 20
1.6458332
 30
0.0
 11
1.5335107
 21
1.6463889
 31
0.0
  0
LINE
  5
6BA
330
1F
100
AcDbEntity
  8
Top Overlay
100
AcDbLine
 10
1.5335107
 20
1.6463889
 30
0.0
 11
1.5329551
 21
1.6463889
 31
0.0
  0
LINE
  5
6BB
330
1F
100
AcDbEntity
  8
Top Overlay
100
AcDbLine
 10
1.5329551
 20
1.6463889
 30
0.0
 11
1.5329551
 21
1.6475002
 31
0.0
  0
LINE
  5
6BC
330
1F
100
AcDbEntity
  8
Top Overlay
100
AcDbLine
 10
1.5329551
 20
1.6475002
 30
0.0
 11
1.5323994
 21
1.6475002
 31
0.0
  0
LINE
  5
6BD
330
1F
100
AcDbEntity
  8
Top Overlay
100
AcDbLine
 10
1.5323994
 20
1.6475002
 30
0.0
 11
1.5323994
 21
1.6480558
 31
0.0
  0
LINE
  5
6BE
330
1F
100
AcDbEntity
  8
Top Overlay
100
AcDbLine
 10
1.5323994
 20
1.6480558
 30
0.0
 11
1.5318437
 21
1.6480558
 31
0.0
  0
LINE
  5
6BF
330
1F
100
AcDbEntity
  8
Top Overlay
100
AcDbLine
 10
1.5318437
 20
1.6480558
 30
0.0
 11
1.5318437
 21
1.6486115
 31
0.0
  0
LINE
  5
6C0
330
1F
100
AcDbEntity
  8
Top Overlay
100
AcDbLine
 10
1.5318437
 20
1.6486115
 30
0.0
 11
1.5312881
 21
1.6486115
 31
0.0
  0
LINE
  5
6C1
330
1F
100
AcDbEntity
  8
Top Overlay
100
AcDbLine
 10
1.5312881
 20
1.6486115
 30
0.0
 11
1.5312881
 21
1.6491671
 31
0.0
  0
LINE
  5
6C2
330
1F
100
AcDbEntity
  8
Top Overlay
100
AcDbLine
 10
1.5312881
 20
1.6491671
 30
0.0
 11
1.5307324
 21
1.6491671
 31
0.0
  0
LINE
  5
6C3
330
1F
100
AcDbEntity
  8
Top Overlay
100
AcDbLine
 10
1.5307324
 20
1.6491671
 30
0.0
 11
1.5307324
 21
1.6497228
 31
0.0
  0
LINE
  5
6C4
330
1F
100
AcDbEntity
  8
Top Overlay
100
AcDbLine
 10
1.5307324
 20
1.6497228
 30
0.0
 11
1.5301768
 21
1.6497228
 31
0.0
  0
LINE
  5
6C5
330
1F
100
AcDbEntity
  8
Top Overlay
100
AcDbLine
 10
1.5301768
 20
1.6497228
 30
0.0
 11
1.5301768
 21
1.6508341
 31
0.0
  0
LINE
  5
6C6
330
1F
100
AcDbEntity
  8
Top Overlay
100
AcDbLine
 10
1.5301768
 20
1.6508341
 30
0.0
 11
1.5296211
 21
1.6508341
 31
0.0
  0
LINE
  5
6C7
330
1F
100
AcDbEntity
  8
Top Overlay
100
AcDbLine
 10
1.5296211
 20
1.6508341
 30
0.0
 11
1.5296211
 21
1.6519454
 31
0.0
  0
LINE
  5
6C8
330
1F
100
AcDbEntity
  8
Top Overlay
100
AcDbLine
 10
1.5296211
 20
1.6519454
 30
0.0
 11
1.5290655
 21
1.6519454
 31
0.0
  0
LINE
  5
6C9
330
1F
100
AcDbEntity
  8
Top Overlay
100
AcDbLine
 10
1.5290655
 20
1.6519454
 30
0.0
 11
1.5290655
 21
1.6530567
 31
0.0
  0
LINE
  5
6CA
330
1F
100
AcDbEntity
  8
Top Overlay
100
AcDbLine
 10
1.5290655
 20
1.6530567
 30
0.0
 11
1.5285098
 21
1.6530567
 31
0.0
  0
LINE
  5
6CB
330
1F
100
AcDbEntity
  8
Top Overlay
100
AcDbLine
 10
1.5285098
 20
1.6530567
 30
0.0
 11
1.5285098
 21
1.654168
 31
0.0
  0
LINE
  5
6CC
330
1F
100
AcDbEntity
  8
Top Overlay
100
AcDbLine
 10
1.5285098
 20
1.654168
 30
0.0
 11
1.5279542
 21
1.654168
 31
0.0
  0
LINE
  5
6CD
330
1F
100
AcDbEntity
  8
Top Overlay
100
AcDbLine
 10
1.5279542
 20
1.654168
 30
0.0
 11
1.5279542
 21
1.655835
 31
0.0
  0
LINE
  5
6CE
330
1F
100
AcDbEntity
  8
Top Overlay
100
AcDbLine
 10
1.5279542
 20
1.655835
 30
0.0
 11
1.5273985
 21
1.655835
 31
0.0
  0
LINE
  5
6CF
330
1F
100
AcDbEntity
  8
Top Overlay
100
AcDbLine
 10
1.5273985
 20
1.655835
 30
0.0
 11
1.5273985
 21
1.6619472
 31
0.0
  0
LINE
  5
6D0
330
1F
100
AcDbEntity
  8
Top Overlay
100
AcDbLine
 10
1.5273985
 20
1.6619472
 30
0.0
 11
1.5268429
 21
1.6619472
 31
0.0
  0
LINE
  5
6D1
330
1F
100
AcDbEntity
  8
Top Overlay
100
AcDbLine
 10
1.5268429
 20
1.6619472
 30
0.0
 11
1.5268429
 21
1.6652811
 31
0.0
  0
LINE
  5
6D2
330
1F
100
AcDbEntity
  8
Top Overlay
100
AcDbLine
 10
1.5268429
 20
1.6652811
 30
0.0
 11
1.5273985
 21
1.6652811
 31
0.0
  0
LINE
  5
6D3
330
1F
100
AcDbEntity
  8
Top Overlay
100
AcDbLine
 10
1.5273985
 20
1.6652811
 30
0.0
 11
1.5273985
 21
1.6691707
 31
0.0
  0
LINE
  5
6D4
330
1F
100
AcDbEntity
  8
Top Overlay
100
AcDbLine
 10
1.5273985
 20
1.6691707
 30
0.0
 11
1.5279542
 21
1.6691707
 31
0.0
  0
LINE
  5
6D5
330
1F
100
AcDbEntity
  8
Top Overlay
100
AcDbLine
 10
1.5279542
 20
1.6691707
 30
0.0
 11
1.5279542
 21
1.6708376
 31
0.0
  0
LINE
  5
6D6
330
1F
100
AcDbEntity
  8
Top Overlay
100
AcDbLine
 10
1.5279542
 20
1.6708376
 30
0.0
 11
1.5285098
 21
1.6708376
 31
0.0
  0
LINE
  5
6D7
330
1F
100
AcDbEntity
  8
Top Overlay
100
AcDbLine
 10
1.5285098
 20
1.6708376
 30
0.0
 11
1.5285098
 21
1.6725046
 31
0.0
  0
LINE
  5
6D8
330
1F
100
AcDbEntity
  8
Top Overlay
100
AcDbLine
 10
1.5285098
 20
1.6725046
 30
0.0
 11
1.5290655
 21
1.6725046
 31
0.0
  0
LINE
  5
6D9
330
1F
100
AcDbEntity
  8
Top Overlay
100
AcDbLine
 10
1.5290655
 20
1.6725046
 30
0.0
 11
1.5290655
 21
1.6736159
 31
0.0
  0
LINE
  5
6DA
330
1F
100
AcDbEntity
  8
Top Overlay
100
AcDbLine
 10
1.5290655
 20
1.6736159
 30
0.0
 11
1.5296211
 21
1.6736159
 31
0.0
  0
LINE
  5
6DB
330
1F
100
AcDbEntity
  8
Top Overlay
100
AcDbLine
 10
1.5296211
 20
1.6736159
 30
0.0
 11
1.5296211
 21
1.6741716
 31
0.0
  0
LINE
  5
6DC
330
1F
100
AcDbEntity
  8
Top Overlay
100
AcDbLine
 10
1.5296211
 20
1.6741716
 30
0.0
 11
1.5301768
 21
1.6741716
 31
0.0
  0
LINE
  5
6DD
330
1F
100
AcDbEntity
  8
Top Overlay
100
AcDbLine
 10
1.5301768
 20
1.6741716
 30
0.0
 11
1.5301768
 21
1.6752829
 31
0.0
  0
LINE
  5
6DE
330
1F
100
AcDbEntity
  8
Top Overlay
100
AcDbLine
 10
1.5301768
 20
1.6752829
 30
0.0
 11
1.5307324
 21
1.6752829
 31
0.0
  0
LINE
  5
6DF
330
1F
100
AcDbEntity
  8
Top Overlay
100
AcDbLine
 10
1.5307324
 20
1.6752829
 30
0.0
 11
1.5307324
 21
1.6758385
 31
0.0
  0
LINE
  5
6E0
330
1F
100
AcDbEntity
  8
Top Overlay
100
AcDbLine
 10
1.5307324
 20
1.6758385
 30
0.0
 11
1.5312881
 21
1.6758385
 31
0.0
  0
LINE
  5
6E1
330
1F
100
AcDbEntity
  8
Top Overlay
100
AcDbLine
 10
1.5312881
 20
1.6758385
 30
0.0
 11
1.5312881
 21
1.6769498
 31
0.0
  0
LINE
  5
6E2
330
1F
100
AcDbEntity
  8
Top Overlay
100
AcDbLine
 10
1.5312881
 20
1.6769498
 30
0.0
 11
1.5318437
 21
1.6769498
 31
0.0
  0
LINE
  5
6E3
330
1F
100
AcDbEntity
  8
Top Overlay
100
AcDbLine
 10
1.5318437
 20
1.6769498
 30
0.0
 11
1.5318437
 21
1.6775055
 31
0.0
  0
LINE
  5
6E4
330
1F
100
AcDbEntity
  8
Top Overlay
100
AcDbLine
 10
1.5318437
 20
1.6775055
 30
0.0
 11
1.5323994
 21
1.6775055
 31
0.0
  0
LINE
  5
6E5
330
1F
100
AcDbEntity
  8
Top Overlay
100
AcDbLine
 10
1.5323994
 20
1.6775055
 30
0.0
 11
1.5323994
 21
1.6780611
 31
0.0
  0
LINE
  5
6E6
330
1F
100
AcDbEntity
  8
Top Overlay
100
AcDbLine
 10
1.5323994
 20
1.6780611
 30
0.0
 11
1.5335107
 21
1.6780611
 31
0.0
  0
LINE
  5
6E7
330
1F
100
AcDbEntity
  8
Top Overlay
100
AcDbLine
 10
1.5335107
 20
1.6780611
 30
0.0
 11
1.5335107
 21
1.6791725
 31
0.0
  0
LINE
  5
6E8
330
1F
100
AcDbEntity
  8
Top Overlay
100
AcDbLine
 10
1.5335107
 20
1.6791725
 30
0.0
 11
1.534622
 21
1.6791725
 31
0.0
  0
LINE
  5
6E9
330
1F
100
AcDbEntity
  8
Top Overlay
100
AcDbLine
 10
1.534622
 20
1.6791725
 30
0.0
 11
1.534622
 21
1.6797281
 31
0.0
  0
LINE
  5
6EA
330
1F
100
AcDbEntity
  8
Top Overlay
100
AcDbLine
 10
1.534622
 20
1.6797281
 30
0.0
 11
1.5351777
 21
1.6797281
 31
0.0
  0
LINE
  5
6EB
330
1F
100
AcDbEntity
  8
Top Overlay
100
AcDbLine
 10
1.5351777
 20
1.6797281
 30
0.0
 11
1.5351777
 21
1.6802838
 31
0.0
  0
LINE
  5
6EC
330
1F
100
AcDbEntity
  8
Top Overlay
100
AcDbLine
 10
1.5351777
 20
1.6802838
 30
0.0
 11
1.536289
 21
1.6802838
 31
0.0
  0
LINE
  5
6ED
330
1F
100
AcDbEntity
  8
Top Overlay
100
AcDbLine
 10
1.536289
 20
1.6802838
 30
0.0
 11
1.536289
 21
1.6808394
 31
0.0
  0
LINE
  5
6EE
330
1F
100
AcDbEntity
  8
Top Overlay
100
AcDbLine
 10
1.536289
 20
1.6808394
 30
0.0
 11
1.5374003
 21
1.6808394
 31
0.0
  0
LINE
  5
6EF
330
1F
100
AcDbEntity
  8
Top Overlay
100
AcDbLine
 10
1.5374003
 20
1.6808394
 30
0.0
 11
1.5374003
 21
1.6813951
 31
0.0
  0
LINE
  5
6F0
330
1F
100
AcDbEntity
  8
Top Overlay
100
AcDbLine
 10
1.5374003
 20
1.6813951
 30
0.0
 11
1.5390672
 21
1.6813951
 31
0.0
  0
LINE
  5
6F1
330
1F
100
AcDbEntity
  8
Top Overlay
100
AcDbLine
 10
1.5390672
 20
1.6813951
 30
0.0
 11
1.5390672
 21
1.6819507
 31
0.0
  0
LINE
  5
6F2
330
1F
100
AcDbEntity
  8
Top Overlay
100
AcDbLine
 10
1.5390672
 20
1.6819507
 30
0.0
 11
1.5407342
 21
1.6819507
 31
0.0
  0
LINE
  5
6F3
330
1F
100
AcDbEntity
  8
Top Overlay
100
AcDbLine
 10
1.5407342
 20
1.6819507
 30
0.0
 11
1.5407342
 21
1.6825064
 31
0.0
  0
LINE
  5
6F4
330
1F
100
AcDbEntity
  8
Top Overlay
100
AcDbLine
 10
1.5407342
 20
1.6825064
 30
0.0
 11
1.5468464
 21
1.6825064
 31
0.0
  0
LINE
  5
6F5
330
1F
100
AcDbEntity
  8
Top Overlay
100
AcDbLine
 10
1.5468464
 20
1.6825064
 30
0.0
 11
1.5468464
 21
1.683062
 31
0.0
  0
LINE
  5
6F6
330
1F
100
AcDbEntity
  8
Top Overlay
100
AcDbLine
 10
1.5468464
 20
1.683062
 30
0.0
 11
1.563516
 21
1.683062
 31
0.0
  0
LINE
  5
6F7
330
1F
100
AcDbEntity
  8
Top Overlay
100
AcDbLine
 10
1.563516
 20
1.683062
 30
0.0
 11
1.563516
 21
1.6825064
 31
0.0
  0
LINE
  5
6F8
330
1F
100
AcDbEntity
  8
Top Overlay
100
AcDbLine
 10
1.563516
 20
1.6825064
 30
0.0
 11
1.5640717
 21
1.6825064
 31
0.0
  0
LINE
  5
6F9
330
1F
100
AcDbEntity
  8
Top Overlay
100
AcDbLine
 10
1.5640717
 20
1.6825064
 30
0.0
 11
1.5640717
 21
1.6752829
 31
0.0
  0
LINE
  5
6FA
330
1F
100
AcDbEntity
  8
Top Overlay
100
AcDbLine
 10
1.5640717
 20
1.6752829
 30
0.0
 11
1.563516
 21
1.6752829
 31
0.0
  0
LINE
  5
6FB
330
1F
100
AcDbEntity
  8
Top Overlay
100
AcDbLine
 10
1.563516
 20
1.6752829
 30
0.0
 11
1.563516
 21
1.6747272
 31
0.0
  0
LINE
  5
6FC
330
1F
100
AcDbEntity
  8
Top Overlay
100
AcDbLine
 10
1.563516
 20
1.6747272
 30
0.0
 11
1.5629604
 21
1.6747272
 31
0.0
  0
LINE
  5
6FD
330
1F
100
AcDbEntity
  8
Top Overlay
100
AcDbLine
 10
1.2956909
 20
1.7252917
 30
0.0
 11
1.2956909
 21
1.7258474
 31
0.0
  0
LINE
  5
6FE
330
1F
100
AcDbEntity
  8
Top Overlay
100
AcDbLine
 10
1.2956909
 20
1.7258474
 30
0.0
 11
1.2962465
 21
1.7258474
 31
0.0
  0
LINE
  5
6FF
330
1F
100
AcDbEntity
  8
Top Overlay
100
AcDbLine
 10
1.2962465
 20
1.7258474
 30
0.0
 11
1.2962465
 21
1.726403
 31
0.0
  0
LINE
  5
700
330
1F
100
AcDbEntity
  8
Top Overlay
100
AcDbLine
 10
1.2962465
 20
1.726403
 30
0.0
 11
1.2973578
 21
1.726403
 31
0.0
  0
LINE
  5
701
330
1F
100
AcDbEntity
  8
Top Overlay
100
AcDbLine
 10
1.2973578
 20
1.726403
 30
0.0
 11
1.2973578
 21
1.7269587
 31
0.0
  0
LINE
  5
702
330
1F
100
AcDbEntity
  8
Top Overlay
100
AcDbLine
 10
1.2973578
 20
1.7269587
 30
0.0
 11
1.2990248
 21
1.7269587
 31
0.0
  0
LINE
  5
703
330
1F
100
AcDbEntity
  8
Top Overlay
100
AcDbLine
 10
1.2990248
 20
1.7269587
 30
0.0
 11
1.2990248
 21
1.7275143
 31
0.0
  0
LINE
  5
704
330
1F
100
AcDbEntity
  8
Top Overlay
100
AcDbLine
 10
1.2990248
 20
1.7275143
 30
0.0
 11
1.3006918
 21
1.7275143
 31
0.0
  0
LINE
  5
705
330
1F
100
AcDbEntity
  8
Top Overlay
100
AcDbLine
 10
1.3006918
 20
1.7275143
 30
0.0
 11
1.3006918
 21
1.72807
 31
0.0
  0
LINE
  5
706
330
1F
100
AcDbEntity
  8
Top Overlay
100
AcDbLine
 10
1.3006918
 20
1.72807
 30
0.0
 11
1.3012474
 21
1.72807
 31
0.0
  0
LINE
  5
707
330
1F
100
AcDbEntity
  8
Top Overlay
100
AcDbLine
 10
1.3012474
 20
1.72807
 30
0.0
 11
1.3012474
 21
1.7286256
 31
0.0
  0
LINE
  5
708
330
1F
100
AcDbEntity
  8
Top Overlay
100
AcDbLine
 10
1.3012474
 20
1.7286256
 30
0.0
 11
1.3029144
 21
1.7286256
 31
0.0
  0
LINE
  5
709
330
1F
100
AcDbEntity
  8
Top Overlay
100
AcDbLine
 10
1.3029144
 20
1.7286256
 30
0.0
 11
1.3029144
 21
1.72807
 31
0.0
  0
LINE
  5
70A
330
1F
100
AcDbEntity
  8
Top Overlay
100
AcDbLine
 10
1.3029144
 20
1.72807
 30
0.0
 11
1.30347
 21
1.72807
 31
0.0
  0
LINE
  5
70B
330
1F
100
AcDbEntity
  8
Top Overlay
100
AcDbLine
 10
1.30347
 20
1.72807
 30
0.0
 11
1.30347
 21
1.7269587
 31
0.0
  0
LINE
  5
70C
330
1F
100
AcDbEntity
  8
Top Overlay
100
AcDbLine
 10
1.30347
 20
1.7269587
 30
0.0
 11
1.3040257
 21
1.7269587
 31
0.0
  0
LINE
  5
70D
330
1F
100
AcDbEntity
  8
Top Overlay
100
AcDbLine
 10
1.3040257
 20
1.7269587
 30
0.0
 11
1.3040257
 21
1.7258474
 31
0.0
  0
LINE
  5
70E
330
1F
100
AcDbEntity
  8
Top Overlay
100
AcDbLine
 10
1.3040257
 20
1.7258474
 30
0.0
 11
1.3045813
 21
1.7258474
 31
0.0
  0
LINE
  5
70F
330
1F
100
AcDbEntity
  8
Top Overlay
100
AcDbLine
 10
1.3045813
 20
1.7258474
 30
0.0
 11
1.3045813
 21
1.7247361
 31
0.0
  0
LINE
  5
710
330
1F
100
AcDbEntity
  8
Top Overlay
100
AcDbLine
 10
1.3045813
 20
1.7247361
 30
0.0
 11
1.305137
 21
1.7247361
 31
0.0
  0
LINE
  5
711
330
1F
100
AcDbEntity
  8
Top Overlay
100
AcDbLine
 10
1.305137
 20
1.7247361
 30
0.0
 11
1.305137
 21
1.7236248
 31
0.0
  0
LINE
  5
712
330
1F
100
AcDbEntity
  8
Top Overlay
100
AcDbLine
 10
1.305137
 20
1.7236248
 30
0.0
 11
1.3056926
 21
1.7236248
 31
0.0
  0
LINE
  5
713
330
1F
100
AcDbEntity
  8
Top Overlay
100
AcDbLine
 10
1.3056926
 20
1.7236248
 30
0.0
 11
1.3056926
 21
1.7225134
 31
0.0
  0
LINE
  5
714
330
1F
100
AcDbEntity
  8
Top Overlay
100
AcDbLine
 10
1.3056926
 20
1.7225134
 30
0.0
 11
1.3062483
 21
1.7225134
 31
0.0
  0
LINE
  5
715
330
1F
100
AcDbEntity
  8
Top Overlay
100
AcDbLine
 10
1.3062483
 20
1.7225134
 30
0.0
 11
1.3062483
 21
1.7214021
 31
0.0
  0
LINE
  5
716
330
1F
100
AcDbEntity
  8
Top Overlay
100
AcDbLine
 10
1.3062483
 20
1.7214021
 30
0.0
 11
1.306804
 21
1.7214021
 31
0.0
  0
LINE
  5
717
330
1F
100
AcDbEntity
  8
Top Overlay
100
AcDbLine
 10
1.306804
 20
1.7214021
 30
0.0
 11
1.306804
 21
1.7202908
 31
0.0
  0
LINE
  5
718
330
1F
100
AcDbEntity
  8
Top Overlay
100
AcDbLine
 10
1.306804
 20
1.7202908
 30
0.0
 11
1.3062483
 21
1.7202908
 31
0.0
  0
LINE
  5
719
330
1F
100
AcDbEntity
  8
Top Overlay
100
AcDbLine
 10
1.3062483
 20
1.7202908
 30
0.0
 11
1.3062483
 21
1.7197352
 31
0.0
  0
LINE
  5
71A
330
1F
100
AcDbEntity
  8
Top Overlay
100
AcDbLine
 10
1.3062483
 20
1.7197352
 30
0.0
 11
1.3045813
 21
1.7197352
 31
0.0
  0
LINE
  5
71B
330
1F
100
AcDbEntity
  8
Top Overlay
100
AcDbLine
 10
1.3045813
 20
1.7197352
 30
0.0
 11
1.3045813
 21
1.7191795
 31
0.0
  0
LINE
  5
71C
330
1F
100
AcDbEntity
  8
Top Overlay
100
AcDbLine
 10
1.3045813
 20
1.7191795
 30
0.0
 11
1.3029144
 21
1.7191795
 31
0.0
  0
LINE
  5
71D
330
1F
100
AcDbEntity
  8
Top Overlay
100
AcDbLine
 10
1.3029144
 20
1.7191795
 30
0.0
 11
1.3029144
 21
1.7186239
 31
0.0
  0
LINE
  5
71E
330
1F
100
AcDbEntity
  8
Top Overlay
100
AcDbLine
 10
1.3029144
 20
1.7186239
 30
0.0
 11
1.3018031
 21
1.7186239
 31
0.0
  0
LINE
  5
71F
330
1F
100
AcDbEntity
  8
Top Overlay
100
AcDbLine
 10
1.3018031
 20
1.7186239
 30
0.0
 11
1.3018031
 21
1.7180682
 31
0.0
  0
LINE
  5
720
330
1F
100
AcDbEntity
  8
Top Overlay
100
AcDbLine
 10
1.3018031
 20
1.7180682
 30
0.0
 11
1.3001361
 21
1.7180682
 31
0.0
  0
LINE
  5
721
330
1F
100
AcDbEntity
  8
Top Overlay
100
AcDbLine
 10
1.3001361
 20
1.7180682
 30
0.0
 11
1.3001361
 21
1.7175126
 31
0.0
  0
LINE
  5
722
330
1F
100
AcDbEntity
  8
Top Overlay
100
AcDbLine
 10
1.3001361
 20
1.7175126
 30
0.0
 11
1.2995805
 21
1.7175126
 31
0.0
  0
LINE
  5
723
330
1F
100
AcDbEntity
  8
Top Overlay
100
AcDbLine
 10
1.2995805
 20
1.7175126
 30
0.0
 11
1.2995805
 21
1.7180682
 31
0.0
  0
LINE
  5
724
330
1F
100
AcDbEntity
  8
Top Overlay
100
AcDbLine
 10
1.2995805
 20
1.7180682
 30
0.0
 11
1.2990248
 21
1.7180682
 31
0.0
  0
LINE
  5
725
330
1F
100
AcDbEntity
  8
Top Overlay
100
AcDbLine
 10
1.2990248
 20
1.7180682
 30
0.0
 11
1.2990248
 21
1.7191795
 31
0.0
  0
LINE
  5
726
330
1F
100
AcDbEntity
  8
Top Overlay
100
AcDbLine
 10
1.2990248
 20
1.7191795
 30
0.0
 11
1.2984691
 21
1.7191795
 31
0.0
  0
LINE
  5
727
330
1F
100
AcDbEntity
  8
Top Overlay
100
AcDbLine
 10
1.2984691
 20
1.7191795
 30
0.0
 11
1.2984691
 21
1.7202908
 31
0.0
  0
LINE
  5
728
330
1F
100
AcDbEntity
  8
Top Overlay
100
AcDbLine
 10
1.2984691
 20
1.7202908
 30
0.0
 11
1.2979135
 21
1.7202908
 31
0.0
  0
LINE
  5
729
330
1F
100
AcDbEntity
  8
Top Overlay
100
AcDbLine
 10
1.2979135
 20
1.7202908
 30
0.0
 11
1.2979135
 21
1.7214021
 31
0.0
  0
LINE
  5
72A
330
1F
100
AcDbEntity
  8
Top Overlay
100
AcDbLine
 10
1.2979135
 20
1.7214021
 30
0.0
 11
1.2973578
 21
1.7214021
 31
0.0
  0
LINE
  5
72B
330
1F
100
AcDbEntity
  8
Top Overlay
100
AcDbLine
 10
1.2973578
 20
1.7214021
 30
0.0
 11
1.2973578
 21
1.7225134
 31
0.0
  0
LINE
  5
72C
330
1F
100
AcDbEntity
  8
Top Overlay
100
AcDbLine
 10
1.2973578
 20
1.7225134
 30
0.0
 11
1.2968022
 21
1.7225134
 31
0.0
  0
LINE
  5
72D
330
1F
100
AcDbEntity
  8
Top Overlay
100
AcDbLine
 10
1.2968022
 20
1.7225134
 30
0.0
 11
1.2968022
 21
1.7236248
 31
0.0
  0
LINE
  5
72E
330
1F
100
AcDbEntity
  8
Top Overlay
100
AcDbLine
 10
1.2968022
 20
1.7236248
 30
0.0
 11
1.2962465
 21
1.7236248
 31
0.0
  0
LINE
  5
72F
330
1F
100
AcDbEntity
  8
Top Overlay
100
AcDbLine
 10
1.2962465
 20
1.7236248
 30
0.0
 11
1.2962465
 21
1.7247361
 31
0.0
  0
LINE
  5
730
330
1F
100
AcDbEntity
  8
Top Overlay
100
AcDbLine
 10
1.2962465
 20
1.7247361
 30
0.0
 11
1.2956909
 21
1.7247361
 31
0.0
  0
LINE
  5
731
330
1F
100
AcDbEntity
  8
Top Overlay
100
AcDbLine
 10
1.2956909
 20
1.7247361
 30
0.0
 11
1.2956909
 21
1.7252917
 31
0.0
  0
LINE
  5
732
330
1F
100
AcDbEntity
  8
Top Overlay
100
AcDbLine
 10
1.5946326
 20
1.683062
 30
0.0
 11
1.5946326
 21
1.6825064
 31
0.0
  0
LINE
  5
733
330
1F
100
AcDbEntity
  8
Top Overlay
100
AcDbLine
 10
1.5946326
 20
1.6825064
 30
0.0
 11
1.5996335
 21
1.6825064
 31
0.0
  0
LINE
  5
734
330
1F
100
AcDbEntity
  8
Top Overlay
100
AcDbLine
 10
1.5996335
 20
1.6825064
 30
0.0
 11
1.5996335
 21
1.6819507
 31
0.0
  0
LINE
  5
735
330
1F
100
AcDbEntity
  8
Top Overlay
100
AcDbLine
 10
1.5996335
 20
1.6819507
 30
0.0
 11
1.6007448
 21
1.6819507
 31
0.0
  0
LINE
  5
736
330
1F
100
AcDbEntity
  8
Top Overlay
100
AcDbLine
 10
1.6007448
 20
1.6819507
 30
0.0
 11
1.6007448
 21
1.6813951
 31
0.0
  0
LINE
  5
737
330
1F
100
AcDbEntity
  8
Top Overlay
100
AcDbLine
 10
1.6007448
 20
1.6813951
 30
0.0
 11
1.6018561
 21
1.6813951
 31
0.0
  0
LINE
  5
738
330
1F
100
AcDbEntity
  8
Top Overlay
100
AcDbLine
 10
1.6018561
 20
1.6813951
 30
0.0
 11
1.6018561
 21
1.6808394
 31
0.0
  0
LINE
  5
739
330
1F
100
AcDbEntity
  8
Top Overlay
100
AcDbLine
 10
1.6018561
 20
1.6808394
 30
0.0
 11
1.6029674
 21
1.6808394
 31
0.0
  0
LINE
  5
73A
330
1F
100
AcDbEntity
  8
Top Overlay
100
AcDbLine
 10
1.6029674
 20
1.6808394
 30
0.0
 11
1.6029674
 21
1.6802838
 31
0.0
  0
LINE
  5
73B
330
1F
100
AcDbEntity
  8
Top Overlay
100
AcDbLine
 10
1.6029674
 20
1.6802838
 30
0.0
 11
1.6035231
 21
1.6802838
 31
0.0
  0
LINE
  5
73C
330
1F
100
AcDbEntity
  8
Top Overlay
100
AcDbLine
 10
1.6035231
 20
1.6802838
 30
0.0
 11
1.6035231
 21
1.6797281
 31
0.0
  0
LINE
  5
73D
330
1F
100
AcDbEntity
  8
Top Overlay
100
AcDbLine
 10
1.6035231
 20
1.6797281
 30
0.0
 11
1.6040787
 21
1.6797281
 31
0.0
  0
LINE
  5
73E
330
1F
100
AcDbEntity
  8
Top Overlay
100
AcDbLine
 10
1.6040787
 20
1.6797281
 30
0.0
 11
1.6040787
 21
1.6791725
 31
0.0
  0
LINE
  5
73F
330
1F
100
AcDbEntity
  8
Top Overlay
100
AcDbLine
 10
1.6040787
 20
1.6791725
 30
0.0
 11
1.6046344
 21
1.6791725
 31
0.0
  0
LINE
  5
740
330
1F
100
AcDbEntity
  8
Top Overlay
100
AcDbLine
 10
1.6046344
 20
1.6791725
 30
0.0
 11
1.6046344
 21
1.6786168
 31
0.0
  0
LINE
  5
741
330
1F
100
AcDbEntity
  8
Top Overlay
100
AcDbLine
 10
1.6046344
 20
1.6786168
 30
0.0
 11
1.6051901
 21
1.6786168
 31
0.0
  0
LINE
  5
742
330
1F
100
AcDbEntity
  8
Top Overlay
100
AcDbLine
 10
1.6051901
 20
1.6786168
 30
0.0
 11
1.6051901
 21
1.6780611
 31
0.0
  0
LINE
  5
743
330
1F
100
AcDbEntity
  8
Top Overlay
100
AcDbLine
 10
1.6051901
 20
1.6780611
 30
0.0
 11
1.6057457
 21
1.6780611
 31
0.0
  0
LINE
  5
744
330
1F
100
AcDbEntity
  8
Top Overlay
100
AcDbLine
 10
1.6057457
 20
1.6780611
 30
0.0
 11
1.6057457
 21
1.6775055
 31
0.0
  0
LINE
  5
745
330
1F
100
AcDbEntity
  8
Top Overlay
100
AcDbLine
 10
1.6057457
 20
1.6775055
 30
0.0
 11
1.6063014
 21
1.6775055
 31
0.0
  0
LINE
  5
746
330
1F
100
AcDbEntity
  8
Top Overlay
100
AcDbLine
 10
1.6063014
 20
1.6775055
 30
0.0
 11
1.6063014
 21
1.6769498
 31
0.0
  0
LINE
  5
747
330
1F
100
AcDbEntity
  8
Top Overlay
100
AcDbLine
 10
1.6063014
 20
1.6769498
 30
0.0
 11
1.606857
 21
1.6769498
 31
0.0
  0
LINE
  5
748
330
1F
100
AcDbEntity
  8
Top Overlay
100
AcDbLine
 10
1.606857
 20
1.6769498
 30
0.0
 11
1.606857
 21
1.6763942
 31
0.0
  0
LINE
  5
749
330
1F
100
AcDbEntity
  8
Top Overlay
100
AcDbLine
 10
1.606857
 20
1.6763942
 30
0.0
 11
1.6074127
 21
1.6763942
 31
0.0
  0
LINE
  5
74A
330
1F
100
AcDbEntity
  8
Top Overlay
100
AcDbLine
 10
1.6074127
 20
1.6763942
 30
0.0
 11
1.6074127
 21
1.6747272
 31
0.0
  0
LINE
  5
74B
330
1F
100
AcDbEntity
  8
Top Overlay
100
AcDbLine
 10
1.6074127
 20
1.6747272
 30
0.0
 11
1.6079683
 21
1.6747272
 31
0.0
  0
LINE
  5
74C
330
1F
100
AcDbEntity
  8
Top Overlay
100
AcDbLine
 10
1.6079683
 20
1.6747272
 30
0.0
 11
1.6079683
 21
1.6730603
 31
0.0
  0
LINE
  5
74D
330
1F
100
AcDbEntity
  8
Top Overlay
100
AcDbLine
 10
1.6079683
 20
1.6730603
 30
0.0
 11
1.608524
 21
1.6730603
 31
0.0
  0
LINE
  5
74E
330
1F
100
AcDbEntity
  8
Top Overlay
100
AcDbLine
 10
1.608524
 20
1.6730603
 30
0.0
 11
1.608524
 21
1.670282
 31
0.0
  0
LINE
  5
74F
330
1F
100
AcDbEntity
  8
Top Overlay
100
AcDbLine
 10
1.608524
 20
1.670282
 30
0.0
 11
1.6090796
 21
1.670282
 31
0.0
  0
LINE
  5
750
330
1F
100
AcDbEntity
  8
Top Overlay
100
AcDbLine
 10
1.6090796
 20
1.670282
 30
0.0
 11
1.6090796
 21
1.6424993
 31
0.0
  0
LINE
  5
751
330
1F
100
AcDbEntity
  8
Top Overlay
100
AcDbLine
 10
1.6090796
 20
1.6424993
 30
0.0
 11
1.5757404
 21
1.6424993
 31
0.0
  0
LINE
  5
752
330
1F
100
AcDbEntity
  8
Top Overlay
100
AcDbLine
 10
1.5757404
 20
1.6424993
 30
0.0
 11
1.5757404
 21
1.643055
 31
0.0
  0
LINE
  5
753
330
1F
100
AcDbEntity
  8
Top Overlay
100
AcDbLine
 10
1.5757404
 20
1.643055
 30
0.0
 11
1.5746291
 21
1.643055
 31
0.0
  0
LINE
  5
754
330
1F
100
AcDbEntity
  8
Top Overlay
100
AcDbLine
 10
1.5746291
 20
1.643055
 30
0.0
 11
1.5746291
 21
1.6436106
 31
0.0
  0
LINE
  5
755
330
1F
100
AcDbEntity
  8
Top Overlay
100
AcDbLine
 10
1.5746291
 20
1.6436106
 30
0.0
 11
1.5729621
 21
1.6436106
 31
0.0
  0
LINE
  5
756
330
1F
100
AcDbEntity
  8
Top Overlay
100
AcDbLine
 10
1.5729621
 20
1.6436106
 30
0.0
 11
1.5729621
 21
1.6441663
 31
0.0
  0
LINE
  5
757
330
1F
100
AcDbEntity
  8
Top Overlay
100
AcDbLine
 10
1.5729621
 20
1.6441663
 30
0.0
 11
1.5718508
 21
1.6441663
 31
0.0
  0
LINE
  5
758
330
1F
100
AcDbEntity
  8
Top Overlay
100
AcDbLine
 10
1.5718508
 20
1.6441663
 30
0.0
 11
1.5718508
 21
1.6447219
 31
0.0
  0
LINE
  5
759
330
1F
100
AcDbEntity
  8
Top Overlay
100
AcDbLine
 10
1.5718508
 20
1.6447219
 30
0.0
 11
1.5712952
 21
1.6447219
 31
0.0
  0
LINE
  5
75A
330
1F
100
AcDbEntity
  8
Top Overlay
100
AcDbLine
 10
1.5712952
 20
1.6447219
 30
0.0
 11
1.5712952
 21
1.6452776
 31
0.0
  0
LINE
  5
75B
330
1F
100
AcDbEntity
  8
Top Overlay
100
AcDbLine
 10
1.5712952
 20
1.6452776
 30
0.0
 11
1.5707395
 21
1.6452776
 31
0.0
  0
LINE
  5
75C
330
1F
100
AcDbEntity
  8
Top Overlay
100
AcDbLine
 10
1.5707395
 20
1.6452776
 30
0.0
 11
1.5707395
 21
1.6458332
 31
0.0
  0
LINE
  5
75D
330
1F
100
AcDbEntity
  8
Top Overlay
100
AcDbLine
 10
1.5707395
 20
1.6458332
 30
0.0
 11
1.5701839
 21
1.6458332
 31
0.0
  0
LINE
  5
75E
330
1F
100
AcDbEntity
  8
Top Overlay
100
AcDbLine
 10
1.5701839
 20
1.6458332
 30
0.0
 11
1.5701839
 21
1.6463889
 31
0.0
  0
LINE
  5
75F
330
1F
100
AcDbEntity
  8
Top Overlay
100
AcDbLine
 10
1.5701839
 20
1.6463889
 30
0.0
 11
1.5696282
 21
1.6463889
 31
0.0
  0
LINE
  5
760
330
1F
100
AcDbEntity
  8
Top Overlay
100
AcDbLine
 10
1.5696282
 20
1.6463889
 30
0.0
 11
1.5696282
 21
1.6469445
 31
0.0
  0
LINE
  5
761
330
1F
100
AcDbEntity
  8
Top Overlay
100
AcDbLine
 10
1.5696282
 20
1.6469445
 30
0.0
 11
1.5690726
 21
1.6469445
 31
0.0
  0
LINE
  5
762
330
1F
100
AcDbEntity
  8
Top Overlay
100
AcDbLine
 10
1.5690726
 20
1.6469445
 30
0.0
 11
1.5690726
 21
1.6486115
 31
0.0
  0
LINE
  5
763
330
1F
100
AcDbEntity
  8
Top Overlay
100
AcDbLine
 10
1.5690726
 20
1.6486115
 30
0.0
 11
1.5685169
 21
1.6486115
 31
0.0
  0
LINE
  5
764
330
1F
100
AcDbEntity
  8
Top Overlay
100
AcDbLine
 10
1.5685169
 20
1.6486115
 30
0.0
 11
1.5685169
 21
1.6497228
 31
0.0
  0
LINE
  5
765
330
1F
100
AcDbEntity
  8
Top Overlay
100
AcDbLine
 10
1.5685169
 20
1.6497228
 30
0.0
 11
1.5679612
 21
1.6497228
 31
0.0
  0
LINE
  5
766
330
1F
100
AcDbEntity
  8
Top Overlay
100
AcDbLine
 10
1.5679612
 20
1.6497228
 30
0.0
 11
1.5679612
 21
1.6519454
 31
0.0
  0
LINE
  5
767
330
1F
100
AcDbEntity
  8
Top Overlay
100
AcDbLine
 10
1.5679612
 20
1.6519454
 30
0.0
 11
1.5674056
 21
1.6519454
 31
0.0
  0
LINE
  5
768
330
1F
100
AcDbEntity
  8
Top Overlay
100
AcDbLine
 10
1.5674056
 20
1.6519454
 30
0.0
 11
1.5674056
 21
1.657502
 31
0.0
  0
LINE
  5
769
330
1F
100
AcDbEntity
  8
Top Overlay
100
AcDbLine
 10
1.5674056
 20
1.657502
 30
0.0
 11
1.5679612
 21
1.657502
 31
0.0
  0
LINE
  5
76A
330
1F
100
AcDbEntity
  8
Top Overlay
100
AcDbLine
 10
1.5679612
 20
1.657502
 30
0.0
 11
1.5679612
 21
1.6591689
 31
0.0
  0
LINE
  5
76B
330
1F
100
AcDbEntity
  8
Top Overlay
100
AcDbLine
 10
1.5679612
 20
1.6591689
 30
0.0
 11
1.5685169
 21
1.6591689
 31
0.0
  0
LINE
  5
76C
330
1F
100
AcDbEntity
  8
Top Overlay
100
AcDbLine
 10
1.5685169
 20
1.6591689
 30
0.0
 11
1.5685169
 21
1.6602802
 31
0.0
  0
LINE
  5
76D
330
1F
100
AcDbEntity
  8
Top Overlay
100
AcDbLine
 10
1.5685169
 20
1.6602802
 30
0.0
 11
1.5690726
 21
1.6602802
 31
0.0
  0
LINE
  5
76E
330
1F
100
AcDbEntity
  8
Top Overlay
100
AcDbLine
 10
1.5690726
 20
1.6602802
 30
0.0
 11
1.5690726
 21
1.6613915
 31
0.0
  0
LINE
  5
76F
330
1F
100
AcDbEntity
  8
Top Overlay
100
AcDbLine
 10
1.5690726
 20
1.6613915
 30
0.0
 11
1.5696282
 21
1.6613915
 31
0.0
  0
LINE
  5
770
330
1F
100
AcDbEntity
  8
Top Overlay
100
AcDbLine
 10
1.5696282
 20
1.6613915
 30
0.0
 11
1.5696282
 21
1.6619472
 31
0.0
  0
LINE
  5
771
330
1F
100
AcDbEntity
  8
Top Overlay
100
AcDbLine
 10
1.5696282
 20
1.6619472
 30
0.0
 11
1.5701839
 21
1.6619472
 31
0.0
  0
LINE
  5
772
330
1F
100
AcDbEntity
  8
Top Overlay
100
AcDbLine
 10
1.5701839
 20
1.6619472
 30
0.0
 11
1.5701839
 21
1.6625028
 31
0.0
  0
LINE
  5
773
330
1F
100
AcDbEntity
  8
Top Overlay
100
AcDbLine
 10
1.5701839
 20
1.6625028
 30
0.0
 11
1.5707395
 21
1.6625028
 31
0.0
  0
LINE
  5
774
330
1F
100
AcDbEntity
  8
Top Overlay
100
AcDbLine
 10
1.5707395
 20
1.6625028
 30
0.0
 11
1.5707395
 21
1.6636141
 31
0.0
  0
LINE
  5
775
330
1F
100
AcDbEntity
  8
Top Overlay
100
AcDbLine
 10
1.5707395
 20
1.6636141
 30
0.0
 11
1.5718508
 21
1.6636141
 31
0.0
  0
LINE
  5
776
330
1F
100
AcDbEntity
  8
Top Overlay
100
AcDbLine
 10
1.5718508
 20
1.6636141
 30
0.0
 11
1.5718508
 21
1.6641698
 31
0.0
  0
LINE
  5
777
330
1F
100
AcDbEntity
  8
Top Overlay
100
AcDbLine
 10
1.5718508
 20
1.6641698
 30
0.0
 11
1.5724065
 21
1.6641698
 31
0.0
  0
LINE
  5
778
330
1F
100
AcDbEntity
  8
Top Overlay
100
AcDbLine
 10
1.5724065
 20
1.6641698
 30
0.0
 11
1.5724065
 21
1.6647255
 31
0.0
  0
LINE
  5
779
330
1F
100
AcDbEntity
  8
Top Overlay
100
AcDbLine
 10
1.5724065
 20
1.6647255
 30
0.0
 11
1.5735178
 21
1.6647255
 31
0.0
  0
LINE
  5
77A
330
1F
100
AcDbEntity
  8
Top Overlay
100
AcDbLine
 10
1.5735178
 20
1.6647255
 30
0.0
 11
1.5735178
 21
1.6652811
 31
0.0
  0
LINE
  5
77B
330
1F
100
AcDbEntity
  8
Top Overlay
100
AcDbLine
 10
1.5735178
 20
1.6652811
 30
0.0
 11
1.5746291
 21
1.6652811
 31
0.0
  0
LINE
  5
77C
330
1F
100
AcDbEntity
  8
Top Overlay
100
AcDbLine
 10
1.5746291
 20
1.6652811
 30
0.0
 11
1.5746291
 21
1.6658368
 31
0.0
  0
LINE
  5
77D
330
1F
100
AcDbEntity
  8
Top Overlay
100
AcDbLine
 10
1.5746291
 20
1.6658368
 30
0.0
 11
1.5768517
 21
1.6658368
 31
0.0
  0
LINE
  5
77E
330
1F
100
AcDbEntity
  8
Top Overlay
100
AcDbLine
 10
1.5768517
 20
1.6658368
 30
0.0
 11
1.5768517
 21
1.6663924
 31
0.0
  0
LINE
  5
77F
330
1F
100
AcDbEntity
  8
Top Overlay
100
AcDbLine
 10
1.5768517
 20
1.6663924
 30
0.0
 11
1.5979666
 21
1.6663924
 31
0.0
  0
LINE
  5
780
330
1F
100
AcDbEntity
  8
Top Overlay
100
AcDbLine
 10
1.5979666
 20
1.6663924
 30
0.0
 11
1.5979666
 21
1.671949
 31
0.0
  0
LINE
  5
781
330
1F
100
AcDbEntity
  8
Top Overlay
100
AcDbLine
 10
1.5979666
 20
1.671949
 30
0.0
 11
1.5974109
 21
1.671949
 31
0.0
  0
LINE
  5
782
330
1F
100
AcDbEntity
  8
Top Overlay
100
AcDbLine
 10
1.5974109
 20
1.671949
 30
0.0
 11
1.5974109
 21
1.6725046
 31
0.0
  0
LINE
  5
783
330
1F
100
AcDbEntity
  8
Top Overlay
100
AcDbLine
 10
1.5974109
 20
1.6725046
 30
0.0
 11
1.5968552
 21
1.6725046
 31
0.0
  0
LINE
  5
784
330
1F
100
AcDbEntity
  8
Top Overlay
100
AcDbLine
 10
1.5968552
 20
1.6725046
 30
0.0
 11
1.5968552
 21
1.6730603
 31
0.0
  0
LINE
  5
785
330
1F
100
AcDbEntity
  8
Top Overlay
100
AcDbLine
 10
1.5968552
 20
1.6730603
 30
0.0
 11
1.5962996
 21
1.6730603
 31
0.0
  0
LINE
  5
786
330
1F
100
AcDbEntity
  8
Top Overlay
100
AcDbLine
 10
1.5962996
 20
1.6730603
 30
0.0
 11
1.5962996
 21
1.6736159
 31
0.0
  0
LINE
  5
787
330
1F
100
AcDbEntity
  8
Top Overlay
100
AcDbLine
 10
1.5962996
 20
1.6736159
 30
0.0
 11
1.5951883
 21
1.6736159
 31
0.0
  0
LINE
  5
788
330
1F
100
AcDbEntity
  8
Top Overlay
100
AcDbLine
 10
1.5951883
 20
1.6736159
 30
0.0
 11
1.5951883
 21
1.6741716
 31
0.0
  0
LINE
  5
789
330
1F
100
AcDbEntity
  8
Top Overlay
100
AcDbLine
 10
1.5951883
 20
1.6741716
 30
0.0
 11
1.5935213
 21
1.6741716
 31
0.0
  0
LINE
  5
78A
330
1F
100
AcDbEntity
  8
Top Overlay
100
AcDbLine
 10
1.5935213
 20
1.6741716
 30
0.0
 11
1.5935213
 21
1.6747272
 31
0.0
  0
LINE
  5
78B
330
1F
100
AcDbEntity
  8
Top Overlay
100
AcDbLine
 10
1.5935213
 20
1.6747272
 30
0.0
 11
1.5707395
 21
1.6747272
 31
0.0
  0
LINE
  5
78C
330
1F
100
AcDbEntity
  8
Top Overlay
100
AcDbLine
 10
1.5707395
 20
1.6747272
 30
0.0
 11
1.5707395
 21
1.6752829
 31
0.0
  0
LINE
  5
78D
330
1F
100
AcDbEntity
  8
Top Overlay
100
AcDbLine
 10
1.5707395
 20
1.6752829
 30
0.0
 11
1.5701839
 21
1.6752829
 31
0.0
  0
LINE
  5
78E
330
1F
100
AcDbEntity
  8
Top Overlay
100
AcDbLine
 10
1.5701839
 20
1.6752829
 30
0.0
 11
1.5701839
 21
1.6758385
 31
0.0
  0
LINE
  5
78F
330
1F
100
AcDbEntity
  8
Top Overlay
100
AcDbLine
 10
1.5701839
 20
1.6758385
 30
0.0
 11
1.5701839
 21
1.6825064
 31
0.0
  0
LINE
  5
790
330
1F
100
AcDbEntity
  8
Top Overlay
100
AcDbLine
 10
1.5701839
 20
1.6825064
 30
0.0
 11
1.5712952
 21
1.6825064
 31
0.0
  0
LINE
  5
791
330
1F
100
AcDbEntity
  8
Top Overlay
100
AcDbLine
 10
1.5712952
 20
1.6825064
 30
0.0
 11
1.5712952
 21
1.683062
 31
0.0
  0
LINE
  5
792
330
1F
100
AcDbEntity
  8
Top Overlay
100
AcDbLine
 10
1.5712952
 20
1.683062
 30
0.0
 11
1.5946326
 21
1.683062
 31
0.0
  0
LINE
  5
793
330
1F
100
AcDbEntity
  8
Top Overlay
100
AcDbLine
 10
1.5979666
 20
1.6502785
 30
0.0
 11
1.5979666
 21
1.6586133
 31
0.0
  0
LINE
  5
794
330
1F
100
AcDbEntity
  8
Top Overlay
100
AcDbLine
 10
1.5979666
 20
1.6586133
 30
0.0
 11
1.5824082
 21
1.6586133
 31
0.0
  0
LINE
  5
795
330
1F
100
AcDbEntity
  8
Top Overlay
100
AcDbLine
 10
1.5824082
 20
1.6586133
 30
0.0
 11
1.5824082
 21
1.6580576
 31
0.0
  0
LINE
  5
796
330
1F
100
AcDbEntity
  8
Top Overlay
100
AcDbLine
 10
1.5824082
 20
1.6580576
 30
0.0
 11
1.5807413
 21
1.6580576
 31
0.0
  0
LINE
  5
797
330
1F
100
AcDbEntity
  8
Top Overlay
100
AcDbLine
 10
1.5807413
 20
1.6580576
 30
0.0
 11
1.5807413
 21
1.657502
 31
0.0
  0
LINE
  5
798
330
1F
100
AcDbEntity
  8
Top Overlay
100
AcDbLine
 10
1.5807413
 20
1.657502
 30
0.0
 11
1.57963
 21
1.657502
 31
0.0
  0
LINE
  5
799
330
1F
100
AcDbEntity
  8
Top Overlay
100
AcDbLine
 10
1.57963
 20
1.657502
 30
0.0
 11
1.57963
 21
1.6569463
 31
0.0
  0
LINE
  5
79A
330
1F
100
AcDbEntity
  8
Top Overlay
100
AcDbLine
 10
1.57963
 20
1.6569463
 30
0.0
 11
1.5790743
 21
1.6569463
 31
0.0
  0
LINE
  5
79B
330
1F
100
AcDbEntity
  8
Top Overlay
100
AcDbLine
 10
1.5790743
 20
1.6569463
 30
0.0
 11
1.5790743
 21
1.6525011
 31
0.0
  0
LINE
  5
79C
330
1F
100
AcDbEntity
  8
Top Overlay
100
AcDbLine
 10
1.5790743
 20
1.6525011
 30
0.0
 11
1.57963
 21
1.6525011
 31
0.0
  0
LINE
  5
79D
330
1F
100
AcDbEntity
  8
Top Overlay
100
AcDbLine
 10
1.57963
 20
1.6525011
 30
0.0
 11
1.57963
 21
1.6519454
 31
0.0
  0
LINE
  5
79E
330
1F
100
AcDbEntity
  8
Top Overlay
100
AcDbLine
 10
1.57963
 20
1.6519454
 30
0.0
 11
1.5801856
 21
1.6519454
 31
0.0
  0
LINE
  5
79F
330
1F
100
AcDbEntity
  8
Top Overlay
100
AcDbLine
 10
1.5801856
 20
1.6519454
 30
0.0
 11
1.5801856
 21
1.6513898
 31
0.0
  0
LINE
  5
7A0
330
1F
100
AcDbEntity
  8
Top Overlay
100
AcDbLine
 10
1.5801856
 20
1.6513898
 30
0.0
 11
1.5807413
 21
1.6513898
 31
0.0
  0
LINE
  5
7A1
330
1F
100
AcDbEntity
  8
Top Overlay
100
AcDbLine
 10
1.5807413
 20
1.6513898
 30
0.0
 11
1.5807413
 21
1.6508341
 31
0.0
  0
LINE
  5
7A2
330
1F
100
AcDbEntity
  8
Top Overlay
100
AcDbLine
 10
1.5807413
 20
1.6508341
 30
0.0
 11
1.5812969
 21
1.6508341
 31
0.0
  0
LINE
  5
7A3
330
1F
100
AcDbEntity
  8
Top Overlay
100
AcDbLine
 10
1.5812969
 20
1.6508341
 30
0.0
 11
1.5812969
 21
1.6502785
 31
0.0
  0
LINE
  5
7A4
330
1F
100
AcDbEntity
  8
Top Overlay
100
AcDbLine
 10
1.5812969
 20
1.6502785
 30
0.0
 11
1.5979666
 21
1.6502785
 31
0.0
  0
LINE
  5
7A5
330
1F
100
AcDbEntity
  8
Top Overlay
100
AcDbLine
 10
1.3423658
 20
1.6891742
 30
0.0
 11
1.3418101
 21
1.6891742
 31
0.0
  0
LINE
  5
7A6
330
1F
100
AcDbEntity
  8
Top Overlay
100
AcDbLine
 10
1.3418101
 20
1.6891742
 30
0.0
 11
1.334031
 21
1.6891742
 31
0.0
  0
LINE
  5
7A7
330
1F
100
AcDbEntity
  8
Top Overlay
100
AcDbLine
 10
1.334031
 20
1.6891742
 30
0.0
 11
1.334031
 21
1.6424993
 31
0.0
  0
LINE
  5
7A8
330
1F
100
AcDbEntity
  8
Top Overlay
100
AcDbLine
 10
1.334031
 20
1.6424993
 30
0.0
 11
1.3334753
 21
1.6424993
 31
0.0
  0
LINE
  5
7A9
330
1F
100
AcDbEntity
  8
Top Overlay
100
AcDbLine
 10
1.3334753
 20
1.6424993
 30
0.0
 11
1.3334753
 21
1.6419436
 31
0.0
  0
LINE
  5
7AA
330
1F
100
AcDbEntity
  8
Top Overlay
100
AcDbLine
 10
1.3334753
 20
1.6419436
 30
0.0
 11
1.3329197
 21
1.6419436
 31
0.0
  0
LINE
  5
7AB
330
1F
100
AcDbEntity
  8
Top Overlay
100
AcDbLine
 10
1.3329197
 20
1.6419436
 30
0.0
 11
1.3329197
 21
1.6424993
 31
0.0
  0
LINE
  5
7AC
330
1F
100
AcDbEntity
  8
Top Overlay
100
AcDbLine
 10
1.3329197
 20
1.6424993
 30
0.0
 11
1.3223623
 21
1.6424993
 31
0.0
  0
LINE
  5
7AD
330
1F
100
AcDbEntity
  8
Top Overlay
100
AcDbLine
 10
1.3223623
 20
1.6424993
 30
0.0
 11
1.3223623
 21
1.643055
 31
0.0
  0
LINE
  5
7AE
330
1F
100
AcDbEntity
  8
Top Overlay
100
AcDbLine
 10
1.3223623
 20
1.643055
 30
0.0
 11
1.3218066
 21
1.643055
 31
0.0
  0
LINE
  5
7AF
330
1F
100
AcDbEntity
  8
Top Overlay
100
AcDbLine
 10
1.3218066
 20
1.643055
 30
0.0
 11
1.3218066
 21
1.6447219
 31
0.0
  0
LINE
  5
7B0
330
1F
100
AcDbEntity
  8
Top Overlay
100
AcDbLine
 10
1.3218066
 20
1.6447219
 30
0.0
 11
1.3223623
 21
1.6447219
 31
0.0
  0
LINE
  5
7B1
330
1F
100
AcDbEntity
  8
Top Overlay
100
AcDbLine
 10
1.3223623
 20
1.6447219
 30
0.0
 11
1.3223623
 21
1.6452776
 31
0.0
  0
LINE
  5
7B2
330
1F
100
AcDbEntity
  8
Top Overlay
100
AcDbLine
 10
1.3223623
 20
1.6452776
 30
0.0
 11
1.3218066
 21
1.6452776
 31
0.0
  0
LINE
  5
7B3
330
1F
100
AcDbEntity
  8
Top Overlay
100
AcDbLine
 10
1.3218066
 20
1.6452776
 30
0.0
 11
1.3218066
 21
1.6858403
 31
0.0
  0
LINE
  5
7B4
330
1F
100
AcDbEntity
  8
Top Overlay
100
AcDbLine
 10
1.3218066
 20
1.6858403
 30
0.0
 11
1.3223623
 21
1.6858403
 31
0.0
  0
LINE
  5
7B5
330
1F
100
AcDbEntity
  8
Top Overlay
100
AcDbLine
 10
1.3223623
 20
1.6858403
 30
0.0
 11
1.3223623
 21
1.6891742
 31
0.0
  0
LINE
  5
7B6
330
1F
100
AcDbEntity
  8
Top Overlay
100
AcDbLine
 10
1.3223623
 20
1.6891742
 30
0.0
 11
1.3029144
 21
1.6891742
 31
0.0
  0
LINE
  5
7B7
330
1F
100
AcDbEntity
  8
Top Overlay
100
AcDbLine
 10
1.3029144
 20
1.6891742
 30
0.0
 11
1.3029144
 21
1.6897299
 31
0.0
  0
LINE
  5
7B8
330
1F
100
AcDbEntity
  8
Top Overlay
100
AcDbLine
 10
1.3029144
 20
1.6897299
 30
0.0
 11
1.3023587
 21
1.6897299
 31
0.0
  0
LINE
  5
7B9
330
1F
100
AcDbEntity
  8
Top Overlay
100
AcDbLine
 10
1.3023587
 20
1.6897299
 30
0.0
 11
1.3023587
 21
1.6986203
 31
0.0
  0
LINE
  5
7BA
330
1F
100
AcDbEntity
  8
Top Overlay
100
AcDbLine
 10
1.3023587
 20
1.6986203
 30
0.0
 11
1.3029144
 21
1.6986203
 31
0.0
  0
LINE
  5
7BB
330
1F
100
AcDbEntity
  8
Top Overlay
100
AcDbLine
 10
1.3029144
 20
1.6986203
 30
0.0
 11
1.3029144
 21
1.699176
 31
0.0
  0
LINE
  5
7BC
330
1F
100
AcDbEntity
  8
Top Overlay
100
AcDbLine
 10
1.3029144
 20
1.699176
 30
0.0
 11
1.3534789
 21
1.699176
 31
0.0
  0
LINE
  5
7BD
330
1F
100
AcDbEntity
  8
Top Overlay
100
AcDbLine
 10
1.3534789
 20
1.699176
 30
0.0
 11
1.3534789
 21
1.6897299
 31
0.0
  0
LINE
  5
7BE
330
1F
100
AcDbEntity
  8
Top Overlay
100
AcDbLine
 10
1.3534789
 20
1.6897299
 30
0.0
 11
1.3529232
 21
1.6897299
 31
0.0
  0
LINE
  5
7BF
330
1F
100
AcDbEntity
  8
Top Overlay
100
AcDbLine
 10
1.3529232
 20
1.6897299
 30
0.0
 11
1.3529232
 21
1.6891742
 31
0.0
  0
LINE
  5
7C0
330
1F
100
AcDbEntity
  8
Top Overlay
100
AcDbLine
 10
1.3529232
 20
1.6891742
 30
0.0
 11
1.3423658
 21
1.6891742
 31
0.0
  0
LINE
  5
7C1
330
1F
100
AcDbEntity
  8
Top Overlay
100
AcDbLine
 10
1.2840222
 20
1.699176
 30
0.0
 11
1.2840222
 21
1.6986203
 31
0.0
  0
LINE
  5
7C2
330
1F
100
AcDbEntity
  8
Top Overlay
100
AcDbLine
 10
1.2840222
 20
1.6986203
 30
0.0
 11
1.2873561
 21
1.6986203
 31
0.0
  0
LINE
  5
7C3
330
1F
100
AcDbEntity
  8
Top Overlay
100
AcDbLine
 10
1.2873561
 20
1.6986203
 30
0.0
 11
1.2873561
 21
1.6980647
 31
0.0
  0
LINE
  5
7C4
330
1F
100
AcDbEntity
  8
Top Overlay
100
AcDbLine
 10
1.2873561
 20
1.6980647
 30
0.0
 11
1.289023
 21
1.6980647
 31
0.0
  0
LINE
  5
7C5
330
1F
100
AcDbEntity
  8
Top Overlay
100
AcDbLine
 10
1.289023
 20
1.6980647
 30
0.0
 11
1.289023
 21
1.697509
 31
0.0
  0
LINE
  5
7C6
330
1F
100
AcDbEntity
  8
Top Overlay
100
AcDbLine
 10
1.289023
 20
1.697509
 30
0.0
 11
1.2901343
 21
1.697509
 31
0.0
  0
LINE
  5
7C7
330
1F
100
AcDbEntity
  8
Top Overlay
100
AcDbLine
 10
1.2901343
 20
1.697509
 30
0.0
 11
1.2901343
 21
1.6969534
 31
0.0
  0
LINE
  5
7C8
330
1F
100
AcDbEntity
  8
Top Overlay
100
AcDbLine
 10
1.2901343
 20
1.6969534
 30
0.0
 11
1.2912457
 21
1.6969534
 31
0.0
  0
LINE
  5
7C9
330
1F
100
AcDbEntity
  8
Top Overlay
100
AcDbLine
 10
1.2912457
 20
1.6969534
 30
0.0
 11
1.2912457
 21
1.6963977
 31
0.0
  0
LINE
  5
7CA
330
1F
100
AcDbEntity
  8
Top Overlay
100
AcDbLine
 10
1.2912457
 20
1.6963977
 30
0.0
 11
1.2918013
 21
1.6963977
 31
0.0
  0
LINE
  5
7CB
330
1F
100
AcDbEntity
  8
Top Overlay
100
AcDbLine
 10
1.2918013
 20
1.6963977
 30
0.0
 11
1.2918013
 21
1.6958421
 31
0.0
  0
LINE
  5
7CC
330
1F
100
AcDbEntity
  8
Top Overlay
100
AcDbLine
 10
1.2918013
 20
1.6958421
 30
0.0
 11
1.292357
 21
1.6958421
 31
0.0
  0
LINE
  5
7CD
330
1F
100
AcDbEntity
  8
Top Overlay
100
AcDbLine
 10
1.292357
 20
1.6958421
 30
0.0
 11
1.292357
 21
1.6952864
 31
0.0
  0
LINE
  5
7CE
330
1F
100
AcDbEntity
  8
Top Overlay
100
AcDbLine
 10
1.292357
 20
1.6952864
 30
0.0
 11
1.2934683
 21
1.6952864
 31
0.0
  0
LINE
  5
7CF
330
1F
100
AcDbEntity
  8
Top Overlay
100
AcDbLine
 10
1.2934683
 20
1.6952864
 30
0.0
 11
1.2934683
 21
1.6947308
 31
0.0
  0
LINE
  5
7D0
330
1F
100
AcDbEntity
  8
Top Overlay
100
AcDbLine
 10
1.2934683
 20
1.6947308
 30
0.0
 11
1.2940239
 21
1.6947308
 31
0.0
  0
LINE
  5
7D1
330
1F
100
AcDbEntity
  8
Top Overlay
100
AcDbLine
 10
1.2940239
 20
1.6947308
 30
0.0
 11
1.2940239
 21
1.6941751
 31
0.0
  0
LINE
  5
7D2
330
1F
100
AcDbEntity
  8
Top Overlay
100
AcDbLine
 10
1.2940239
 20
1.6941751
 30
0.0
 11
1.2945796
 21
1.6941751
 31
0.0
  0
LINE
  5
7D3
330
1F
100
AcDbEntity
  8
Top Overlay
100
AcDbLine
 10
1.2945796
 20
1.6941751
 30
0.0
 11
1.2945796
 21
1.6930638
 31
0.0
  0
LINE
  5
7D4
330
1F
100
AcDbEntity
  8
Top Overlay
100
AcDbLine
 10
1.2945796
 20
1.6930638
 30
0.0
 11
1.2951352
 21
1.6930638
 31
0.0
  0
LINE
  5
7D5
330
1F
100
AcDbEntity
  8
Top Overlay
100
AcDbLine
 10
1.2951352
 20
1.6930638
 30
0.0
 11
1.2951352
 21
1.6925081
 31
0.0
  0
LINE
  5
7D6
330
1F
100
AcDbEntity
  8
Top Overlay
100
AcDbLine
 10
1.2951352
 20
1.6925081
 30
0.0
 11
1.2956909
 21
1.6925081
 31
0.0
  0
LINE
  5
7D7
330
1F
100
AcDbEntity
  8
Top Overlay
100
AcDbLine
 10
1.2956909
 20
1.6925081
 30
0.0
 11
1.2956909
 21
1.6913968
 31
0.0
  0
LINE
  5
7D8
330
1F
100
AcDbEntity
  8
Top Overlay
100
AcDbLine
 10
1.2956909
 20
1.6913968
 30
0.0
 11
1.2962465
 21
1.6913968
 31
0.0
  0
LINE
  5
7D9
330
1F
100
AcDbEntity
  8
Top Overlay
100
AcDbLine
 10
1.2962465
 20
1.6913968
 30
0.0
 11
1.2962465
 21
1.6902855
 31
0.0
  0
LINE
  5
7DA
330
1F
100
AcDbEntity
  8
Top Overlay
100
AcDbLine
 10
1.2962465
 20
1.6902855
 30
0.0
 11
1.2968022
 21
1.6902855
 31
0.0
  0
LINE
  5
7DB
330
1F
100
AcDbEntity
  8
Top Overlay
100
AcDbLine
 10
1.2968022
 20
1.6902855
 30
0.0
 11
1.2968022
 21
1.6886186
 31
0.0
  0
LINE
  5
7DC
330
1F
100
AcDbEntity
  8
Top Overlay
100
AcDbLine
 10
1.2968022
 20
1.6886186
 30
0.0
 11
1.2973578
 21
1.6886186
 31
0.0
  0
LINE
  5
7DD
330
1F
100
AcDbEntity
  8
Top Overlay
100
AcDbLine
 10
1.2973578
 20
1.6886186
 30
0.0
 11
1.2973578
 21
1.6869516
 31
0.0
  0
LINE
  5
7DE
330
1F
100
AcDbEntity
  8
Top Overlay
100
AcDbLine
 10
1.2973578
 20
1.6869516
 30
0.0
 11
1.2979135
 21
1.6869516
 31
0.0
  0
LINE
  5
7DF
330
1F
100
AcDbEntity
  8
Top Overlay
100
AcDbLine
 10
1.2979135
 20
1.6869516
 30
0.0
 11
1.2979135
 21
1.6763942
 31
0.0
  0
LINE
  5
7E0
330
1F
100
AcDbEntity
  8
Top Overlay
100
AcDbLine
 10
1.2979135
 20
1.6763942
 30
0.0
 11
1.2973578
 21
1.6763942
 31
0.0
  0
LINE
  5
7E1
330
1F
100
AcDbEntity
  8
Top Overlay
100
AcDbLine
 10
1.2973578
 20
1.6763942
 30
0.0
 11
1.2973578
 21
1.6747272
 31
0.0
  0
LINE
  5
7E2
330
1F
100
AcDbEntity
  8
Top Overlay
100
AcDbLine
 10
1.2973578
 20
1.6747272
 30
0.0
 11
1.2968022
 21
1.6747272
 31
0.0
  0
LINE
  5
7E3
330
1F
100
AcDbEntity
  8
Top Overlay
100
AcDbLine
 10
1.2968022
 20
1.6747272
 30
0.0
 11
1.2968022
 21
1.6736159
 31
0.0
  0
LINE
  5
7E4
330
1F
100
AcDbEntity
  8
Top Overlay
100
AcDbLine
 10
1.2968022
 20
1.6736159
 30
0.0
 11
1.2962465
 21
1.6736159
 31
0.0
  0
LINE
  5
7E5
330
1F
100
AcDbEntity
  8
Top Overlay
100
AcDbLine
 10
1.2962465
 20
1.6736159
 30
0.0
 11
1.2962465
 21
1.6725046
 31
0.0
  0
LINE
  5
7E6
330
1F
100
AcDbEntity
  8
Top Overlay
100
AcDbLine
 10
1.2962465
 20
1.6725046
 30
0.0
 11
1.2956909
 21
1.6725046
 31
0.0
  0
LINE
  5
7E7
330
1F
100
AcDbEntity
  8
Top Overlay
100
AcDbLine
 10
1.2956909
 20
1.6725046
 30
0.0
 11
1.2956909
 21
1.6713933
 31
0.0
  0
LINE
  5
7E8
330
1F
100
AcDbEntity
  8
Top Overlay
100
AcDbLine
 10
1.2956909
 20
1.6713933
 30
0.0
 11
1.2951352
 21
1.6713933
 31
0.0
  0
LINE
  5
7E9
330
1F
100
AcDbEntity
  8
Top Overlay
100
AcDbLine
 10
1.2951352
 20
1.6713933
 30
0.0
 11
1.2951352
 21
1.670282
 31
0.0
  0
LINE
  5
7EA
330
1F
100
AcDbEntity
  8
Top Overlay
100
AcDbLine
 10
1.2951352
 20
1.670282
 30
0.0
 11
1.2945796
 21
1.670282
 31
0.0
  0
LINE
  5
7EB
330
1F
100
AcDbEntity
  8
Top Overlay
100
AcDbLine
 10
1.2945796
 20
1.670282
 30
0.0
 11
1.2945796
 21
1.6697263
 31
0.0
  0
LINE
  5
7EC
330
1F
100
AcDbEntity
  8
Top Overlay
100
AcDbLine
 10
1.2945796
 20
1.6697263
 30
0.0
 11
1.2940239
 21
1.6697263
 31
0.0
  0
LINE
  5
7ED
330
1F
100
AcDbEntity
  8
Top Overlay
100
AcDbLine
 10
1.2940239
 20
1.6697263
 30
0.0
 11
1.2940239
 21
1.6691707
 31
0.0
  0
LINE
  5
7EE
330
1F
100
AcDbEntity
  8
Top Overlay
100
AcDbLine
 10
1.2940239
 20
1.6691707
 30
0.0
 11
1.2934683
 21
1.6691707
 31
0.0
  0
LINE
  5
7EF
330
1F
100
AcDbEntity
  8
Top Overlay
100
AcDbLine
 10
1.2934683
 20
1.6691707
 30
0.0
 11
1.2934683
 21
1.668615
 31
0.0
  0
LINE
  5
7F0
330
1F
100
AcDbEntity
  8
Top Overlay
100
AcDbLine
 10
1.2934683
 20
1.668615
 30
0.0
 11
1.2929126
 21
1.668615
 31
0.0
  0
LINE
  5
7F1
330
1F
100
AcDbEntity
  8
Top Overlay
100
AcDbLine
 10
1.2929126
 20
1.668615
 30
0.0
 11
1.2929126
 21
1.6680594
 31
0.0
  0
LINE
  5
7F2
330
1F
100
AcDbEntity
  8
Top Overlay
100
AcDbLine
 10
1.2929126
 20
1.6680594
 30
0.0
 11
1.2918013
 21
1.6680594
 31
0.0
  0
LINE
  5
7F3
330
1F
100
AcDbEntity
  8
Top Overlay
100
AcDbLine
 10
1.2918013
 20
1.6680594
 30
0.0
 11
1.2918013
 21
1.6675037
 31
0.0
  0
LINE
  5
7F4
330
1F
100
AcDbEntity
  8
Top Overlay
100
AcDbLine
 10
1.2918013
 20
1.6675037
 30
0.0
 11
1.2912457
 21
1.6675037
 31
0.0
  0
LINE
  5
7F5
330
1F
100
AcDbEntity
  8
Top Overlay
100
AcDbLine
 10
1.2912457
 20
1.6675037
 30
0.0
 11
1.2912457
 21
1.6669481
 31
0.0
  0
LINE
  5
7F6
330
1F
100
AcDbEntity
  8
Top Overlay
100
AcDbLine
 10
1.2912457
 20
1.6669481
 30
0.0
 11
1.2901343
 21
1.6669481
 31
0.0
  0
LINE
  5
7F7
330
1F
100
AcDbEntity
  8
Top Overlay
100
AcDbLine
 10
1.2901343
 20
1.6669481
 30
0.0
 11
1.2901343
 21
1.6663924
 31
0.0
  0
LINE
  5
7F8
330
1F
100
AcDbEntity
  8
Top Overlay
100
AcDbLine
 10
1.2901343
 20
1.6663924
 30
0.0
 11
1.289023
 21
1.6663924
 31
0.0
  0
LINE
  5
7F9
330
1F
100
AcDbEntity
  8
Top Overlay
100
AcDbLine
 10
1.289023
 20
1.6663924
 30
0.0
 11
1.289023
 21
1.6658368
 31
0.0
  0
LINE
  5
7FA
330
1F
100
AcDbEntity
  8
Top Overlay
100
AcDbLine
 10
1.289023
 20
1.6658368
 30
0.0
 11
1.2879117
 21
1.6658368
 31
0.0
  0
LINE
  5
7FB
330
1F
100
AcDbEntity
  8
Top Overlay
100
AcDbLine
 10
1.2879117
 20
1.6658368
 30
0.0
 11
1.2879117
 21
1.6652811
 31
0.0
  0
LINE
  5
7FC
330
1F
100
AcDbEntity
  8
Top Overlay
100
AcDbLine
 10
1.2879117
 20
1.6652811
 30
0.0
 11
1.2873561
 21
1.6652811
 31
0.0
  0
LINE
  5
7FD
330
1F
100
AcDbEntity
  8
Top Overlay
100
AcDbLine
 10
1.2873561
 20
1.6652811
 30
0.0
 11
1.2873561
 21
1.6641698
 31
0.0
  0
LINE
  5
7FE
330
1F
100
AcDbEntity
  8
Top Overlay
100
AcDbLine
 10
1.2873561
 20
1.6641698
 30
0.0
 11
1.2879117
 21
1.6641698
 31
0.0
  0
LINE
  5
7FF
330
1F
100
AcDbEntity
  8
Top Overlay
100
AcDbLine
 10
1.2879117
 20
1.6641698
 30
0.0
 11
1.2879117
 21
1.6636141
 31
0.0
  0
LINE
  5
800
330
1F
100
AcDbEntity
  8
Top Overlay
100
AcDbLine
 10
1.2879117
 20
1.6636141
 30
0.0
 11
1.2884674
 21
1.6636141
 31
0.0
  0
LINE
  5
801
330
1F
100
AcDbEntity
  8
Top Overlay
100
AcDbLine
 10
1.2884674
 20
1.6636141
 30
0.0
 11
1.2884674
 21
1.6619472
 31
0.0
  0
LINE
  5
802
330
1F
100
AcDbEntity
  8
Top Overlay
100
AcDbLine
 10
1.2884674
 20
1.6619472
 30
0.0
 11
1.289023
 21
1.6619472
 31
0.0
  0
LINE
  5
803
330
1F
100
AcDbEntity
  8
Top Overlay
100
AcDbLine
 10
1.289023
 20
1.6619472
 30
0.0
 11
1.289023
 21
1.6613915
 31
0.0
  0
LINE
  5
804
330
1F
100
AcDbEntity
  8
Top Overlay
100
AcDbLine
 10
1.289023
 20
1.6613915
 30
0.0
 11
1.2895787
 21
1.6613915
 31
0.0
  0
LINE
  5
805
330
1F
100
AcDbEntity
  8
Top Overlay
100
AcDbLine
 10
1.2895787
 20
1.6613915
 30
0.0
 11
1.2895787
 21
1.6597246
 31
0.0
  0
LINE
  5
806
330
1F
100
AcDbEntity
  8
Top Overlay
100
AcDbLine
 10
1.2895787
 20
1.6597246
 30
0.0
 11
1.2901343
 21
1.6597246
 31
0.0
  0
LINE
  5
807
330
1F
100
AcDbEntity
  8
Top Overlay
100
AcDbLine
 10
1.2901343
 20
1.6597246
 30
0.0
 11
1.2901343
 21
1.6591689
 31
0.0
  0
LINE
  5
808
330
1F
100
AcDbEntity
  8
Top Overlay
100
AcDbLine
 10
1.2901343
 20
1.6591689
 30
0.0
 11
1.29069
 21
1.6591689
 31
0.0
  0
LINE
  5
809
330
1F
100
AcDbEntity
  8
Top Overlay
100
AcDbLine
 10
1.29069
 20
1.6591689
 30
0.0
 11
1.29069
 21
1.6580576
 31
0.0
  0
LINE
  5
80A
330
1F
100
AcDbEntity
  8
Top Overlay
100
AcDbLine
 10
1.29069
 20
1.6580576
 30
0.0
 11
1.2912457
 21
1.6580576
 31
0.0
  0
LINE
  5
80B
330
1F
100
AcDbEntity
  8
Top Overlay
100
AcDbLine
 10
1.2912457
 20
1.6580576
 30
0.0
 11
1.2912457
 21
1.6569463
 31
0.0
  0
LINE
  5
80C
330
1F
100
AcDbEntity
  8
Top Overlay
100
AcDbLine
 10
1.2912457
 20
1.6569463
 30
0.0
 11
1.2918013
 21
1.6569463
 31
0.0
  0
LINE
  5
80D
330
1F
100
AcDbEntity
  8
Top Overlay
100
AcDbLine
 10
1.2918013
 20
1.6569463
 30
0.0
 11
1.2918013
 21
1.655835
 31
0.0
  0
LINE
  5
80E
330
1F
100
AcDbEntity
  8
Top Overlay
100
AcDbLine
 10
1.2918013
 20
1.655835
 30
0.0
 11
1.292357
 21
1.655835
 31
0.0
  0
LINE
  5
80F
330
1F
100
AcDbEntity
  8
Top Overlay
100
AcDbLine
 10
1.292357
 20
1.655835
 30
0.0
 11
1.292357
 21
1.6552793
 31
0.0
  0
LINE
  5
810
330
1F
100
AcDbEntity
  8
Top Overlay
100
AcDbLine
 10
1.292357
 20
1.6552793
 30
0.0
 11
1.2929126
 21
1.6552793
 31
0.0
  0
LINE
  5
811
330
1F
100
AcDbEntity
  8
Top Overlay
100
AcDbLine
 10
1.2929126
 20
1.6552793
 30
0.0
 11
1.2929126
 21
1.6536124
 31
0.0
  0
LINE
  5
812
330
1F
100
AcDbEntity
  8
Top Overlay
100
AcDbLine
 10
1.2929126
 20
1.6536124
 30
0.0
 11
1.2934683
 21
1.6536124
 31
0.0
  0
LINE
  5
813
330
1F
100
AcDbEntity
  8
Top Overlay
100
AcDbLine
 10
1.2934683
 20
1.6536124
 30
0.0
 11
1.2934683
 21
1.6530567
 31
0.0
  0
LINE
  5
814
330
1F
100
AcDbEntity
  8
Top Overlay
100
AcDbLine
 10
1.2934683
 20
1.6530567
 30
0.0
 11
1.2940239
 21
1.6530567
 31
0.0
  0
LINE
  5
815
330
1F
100
AcDbEntity
  8
Top Overlay
100
AcDbLine
 10
1.2940239
 20
1.6530567
 30
0.0
 11
1.2940239
 21
1.6519454
 31
0.0
  0
LINE
  5
816
330
1F
100
AcDbEntity
  8
Top Overlay
100
AcDbLine
 10
1.2940239
 20
1.6519454
 30
0.0
 11
1.2945796
 21
1.6519454
 31
0.0
  0
LINE
  5
817
330
1F
100
AcDbEntity
  8
Top Overlay
100
AcDbLine
 10
1.2945796
 20
1.6519454
 30
0.0
 11
1.2945796
 21
1.6508341
 31
0.0
  0
LINE
  5
818
330
1F
100
AcDbEntity
  8
Top Overlay
100
AcDbLine
 10
1.2945796
 20
1.6508341
 30
0.0
 11
1.2951352
 21
1.6508341
 31
0.0
  0
LINE
  5
819
330
1F
100
AcDbEntity
  8
Top Overlay
100
AcDbLine
 10
1.2951352
 20
1.6508341
 30
0.0
 11
1.2951352
 21
1.6497228
 31
0.0
  0
LINE
  5
81A
330
1F
100
AcDbEntity
  8
Top Overlay
100
AcDbLine
 10
1.2951352
 20
1.6497228
 30
0.0
 11
1.2956909
 21
1.6497228
 31
0.0
  0
LINE
  5
81B
330
1F
100
AcDbEntity
  8
Top Overlay
100
AcDbLine
 10
1.2956909
 20
1.6497228
 30
0.0
 11
1.2956909
 21
1.6486115
 31
0.0
  0
LINE
  5
81C
330
1F
100
AcDbEntity
  8
Top Overlay
100
AcDbLine
 10
1.2956909
 20
1.6486115
 30
0.0
 11
1.2962465
 21
1.6486115
 31
0.0
  0
LINE
  5
81D
330
1F
100
AcDbEntity
  8
Top Overlay
100
AcDbLine
 10
1.2962465
 20
1.6486115
 30
0.0
 11
1.2962465
 21
1.6475002
 31
0.0
  0
LINE
  5
81E
330
1F
100
AcDbEntity
  8
Top Overlay
100
AcDbLine
 10
1.2962465
 20
1.6475002
 30
0.0
 11
1.2968022
 21
1.6475002
 31
0.0
  0
LINE
  5
81F
330
1F
100
AcDbEntity
  8
Top Overlay
100
AcDbLine
 10
1.2968022
 20
1.6475002
 30
0.0
 11
1.2968022
 21
1.6469445
 31
0.0
  0
LINE
  5
820
330
1F
100
AcDbEntity
  8
Top Overlay
100
AcDbLine
 10
1.2968022
 20
1.6469445
 30
0.0
 11
1.2973578
 21
1.6469445
 31
0.0
  0
LINE
  5
821
330
1F
100
AcDbEntity
  8
Top Overlay
100
AcDbLine
 10
1.2973578
 20
1.6469445
 30
0.0
 11
1.2973578
 21
1.6458332
 31
0.0
  0
LINE
  5
822
330
1F
100
AcDbEntity
  8
Top Overlay
100
AcDbLine
 10
1.2973578
 20
1.6458332
 30
0.0
 11
1.2979135
 21
1.6458332
 31
0.0
  0
LINE
  5
823
330
1F
100
AcDbEntity
  8
Top Overlay
100
AcDbLine
 10
1.2979135
 20
1.6458332
 30
0.0
 11
1.2979135
 21
1.6447219
 31
0.0
  0
LINE
  5
824
330
1F
100
AcDbEntity
  8
Top Overlay
100
AcDbLine
 10
1.2979135
 20
1.6447219
 30
0.0
 11
1.2984691
 21
1.6447219
 31
0.0
  0
LINE
  5
825
330
1F
100
AcDbEntity
  8
Top Overlay
100
AcDbLine
 10
1.2984691
 20
1.6447219
 30
0.0
 11
1.2984691
 21
1.6436106
 31
0.0
  0
LINE
  5
826
330
1F
100
AcDbEntity
  8
Top Overlay
100
AcDbLine
 10
1.2984691
 20
1.6436106
 30
0.0
 11
1.2990248
 21
1.6436106
 31
0.0
  0
LINE
  5
827
330
1F
100
AcDbEntity
  8
Top Overlay
100
AcDbLine
 10
1.2990248
 20
1.6436106
 30
0.0
 11
1.2990248
 21
1.6424993
 31
0.0
  0
LINE
  5
828
330
1F
100
AcDbEntity
  8
Top Overlay
100
AcDbLine
 10
1.2990248
 20
1.6424993
 30
0.0
 11
1.2984691
 21
1.6424993
 31
0.0
  0
LINE
  5
829
330
1F
100
AcDbEntity
  8
Top Overlay
100
AcDbLine
 10
1.2984691
 20
1.6424993
 30
0.0
 11
1.2984691
 21
1.6419436
 31
0.0
  0
LINE
  5
82A
330
1F
100
AcDbEntity
  8
Top Overlay
100
AcDbLine
 10
1.2984691
 20
1.6419436
 30
0.0
 11
1.2979135
 21
1.6419436
 31
0.0
  0
LINE
  5
82B
330
1F
100
AcDbEntity
  8
Top Overlay
100
AcDbLine
 10
1.2979135
 20
1.6419436
 30
0.0
 11
1.2979135
 21
1.6424993
 31
0.0
  0
LINE
  5
82C
330
1F
100
AcDbEntity
  8
Top Overlay
100
AcDbLine
 10
1.2979135
 20
1.6424993
 30
0.0
 11
1.2851335
 21
1.6424993
 31
0.0
  0
LINE
  5
82D
330
1F
100
AcDbEntity
  8
Top Overlay
100
AcDbLine
 10
1.2851335
 20
1.6424993
 30
0.0
 11
1.2851335
 21
1.643055
 31
0.0
  0
LINE
  5
82E
330
1F
100
AcDbEntity
  8
Top Overlay
100
AcDbLine
 10
1.2851335
 20
1.643055
 30
0.0
 11
1.2845778
 21
1.643055
 31
0.0
  0
LINE
  5
82F
330
1F
100
AcDbEntity
  8
Top Overlay
100
AcDbLine
 10
1.2845778
 20
1.643055
 30
0.0
 11
1.2845778
 21
1.6436106
 31
0.0
  0
LINE
  5
830
330
1F
100
AcDbEntity
  8
Top Overlay
100
AcDbLine
 10
1.2845778
 20
1.6436106
 30
0.0
 11
1.2840222
 21
1.6436106
 31
0.0
  0
LINE
  5
831
330
1F
100
AcDbEntity
  8
Top Overlay
100
AcDbLine
 10
1.2840222
 20
1.6436106
 30
0.0
 11
1.2840222
 21
1.6447219
 31
0.0
  0
LINE
  5
832
330
1F
100
AcDbEntity
  8
Top Overlay
100
AcDbLine
 10
1.2840222
 20
1.6447219
 30
0.0
 11
1.2834665
 21
1.6447219
 31
0.0
  0
LINE
  5
833
330
1F
100
AcDbEntity
  8
Top Overlay
100
AcDbLine
 10
1.2834665
 20
1.6447219
 30
0.0
 11
1.2834665
 21
1.6458332
 31
0.0
  0
LINE
  5
834
330
1F
100
AcDbEntity
  8
Top Overlay
100
AcDbLine
 10
1.2834665
 20
1.6458332
 30
0.0
 11
1.2829108
 21
1.6458332
 31
0.0
  0
LINE
  5
835
330
1F
100
AcDbEntity
  8
Top Overlay
100
AcDbLine
 10
1.2829108
 20
1.6458332
 30
0.0
 11
1.2829108
 21
1.6469445
 31
0.0
  0
LINE
  5
836
330
1F
100
AcDbEntity
  8
Top Overlay
100
AcDbLine
 10
1.2829108
 20
1.6469445
 30
0.0
 11
1.2823552
 21
1.6469445
 31
0.0
  0
LINE
  5
837
330
1F
100
AcDbEntity
  8
Top Overlay
100
AcDbLine
 10
1.2823552
 20
1.6469445
 30
0.0
 11
1.2823552
 21
1.6480558
 31
0.0
  0
LINE
  5
838
330
1F
100
AcDbEntity
  8
Top Overlay
100
AcDbLine
 10
1.2823552
 20
1.6480558
 30
0.0
 11
1.2817995
 21
1.6480558
 31
0.0
  0
LINE
  5
839
330
1F
100
AcDbEntity
  8
Top Overlay
100
AcDbLine
 10
1.2817995
 20
1.6480558
 30
0.0
 11
1.2817995
 21
1.6491671
 31
0.0
  0
LINE
  5
83A
330
1F
100
AcDbEntity
  8
Top Overlay
100
AcDbLine
 10
1.2817995
 20
1.6491671
 30
0.0
 11
1.2812439
 21
1.6491671
 31
0.0
  0
LINE
  5
83B
330
1F
100
AcDbEntity
  8
Top Overlay
100
AcDbLine
 10
1.2812439
 20
1.6491671
 30
0.0
 11
1.2812439
 21
1.6502785
 31
0.0
  0
LINE
  5
83C
330
1F
100
AcDbEntity
  8
Top Overlay
100
AcDbLine
 10
1.2812439
 20
1.6502785
 30
0.0
 11
1.2806882
 21
1.6502785
 31
0.0
  0
LINE
  5
83D
330
1F
100
AcDbEntity
  8
Top Overlay
100
AcDbLine
 10
1.2806882
 20
1.6502785
 30
0.0
 11
1.2806882
 21
1.6508341
 31
0.0
  0
LINE
  5
83E
330
1F
100
AcDbEntity
  8
Top Overlay
100
AcDbLine
 10
1.2806882
 20
1.6508341
 30
0.0
 11
1.2801326
 21
1.6508341
 31
0.0
  0
LINE
  5
83F
330
1F
100
AcDbEntity
  8
Top Overlay
100
AcDbLine
 10
1.2801326
 20
1.6508341
 30
0.0
 11
1.2801326
 21
1.6525011
 31
0.0
  0
LINE
  5
840
330
1F
100
AcDbEntity
  8
Top Overlay
100
AcDbLine
 10
1.2801326
 20
1.6525011
 30
0.0
 11
1.2795769
 21
1.6525011
 31
0.0
  0
LINE
  5
841
330
1F
100
AcDbEntity
  8
Top Overlay
100
AcDbLine
 10
1.2795769
 20
1.6525011
 30
0.0
 11
1.2795769
 21
1.6530567
 31
0.0
  0
LINE
  5
842
330
1F
100
AcDbEntity
  8
Top Overlay
100
AcDbLine
 10
1.2795769
 20
1.6530567
 30
0.0
 11
1.2790213
 21
1.6530567
 31
0.0
  0
LINE
  5
843
330
1F
100
AcDbEntity
  8
Top Overlay
100
AcDbLine
 10
1.2790213
 20
1.6530567
 30
0.0
 11
1.2790213
 21
1.654168
 31
0.0
  0
LINE
  5
844
330
1F
100
AcDbEntity
  8
Top Overlay
100
AcDbLine
 10
1.2790213
 20
1.654168
 30
0.0
 11
1.2784656
 21
1.654168
 31
0.0
  0
LINE
  5
845
330
1F
100
AcDbEntity
  8
Top Overlay
100
AcDbLine
 10
1.2784656
 20
1.654168
 30
0.0
 11
1.2784656
 21
1.6552793
 31
0.0
  0
LINE
  5
846
330
1F
100
AcDbEntity
  8
Top Overlay
100
AcDbLine
 10
1.2784656
 20
1.6552793
 30
0.0
 11
1.27791
 21
1.6552793
 31
0.0
  0
LINE
  5
847
330
1F
100
AcDbEntity
  8
Top Overlay
100
AcDbLine
 10
1.27791
 20
1.6552793
 30
0.0
 11
1.27791
 21
1.6563906
 31
0.0
  0
LINE
  5
848
330
1F
100
AcDbEntity
  8
Top Overlay
100
AcDbLine
 10
1.27791
 20
1.6563906
 30
0.0
 11
1.2773543
 21
1.6563906
 31
0.0
  0
LINE
  5
849
330
1F
100
AcDbEntity
  8
Top Overlay
100
AcDbLine
 10
1.2773543
 20
1.6563906
 30
0.0
 11
1.2773543
 21
1.657502
 31
0.0
  0
LINE
  5
84A
330
1F
100
AcDbEntity
  8
Top Overlay
100
AcDbLine
 10
1.2773543
 20
1.657502
 30
0.0
 11
1.2767987
 21
1.657502
 31
0.0
  0
LINE
  5
84B
330
1F
100
AcDbEntity
  8
Top Overlay
100
AcDbLine
 10
1.2767987
 20
1.657502
 30
0.0
 11
1.2767987
 21
1.6586133
 31
0.0
  0
LINE
  5
84C
330
1F
100
AcDbEntity
  8
Top Overlay
100
AcDbLine
 10
1.2767987
 20
1.6586133
 30
0.0
 11
1.276243
 21
1.6586133
 31
0.0
  0
LINE
  5
84D
330
1F
100
AcDbEntity
  8
Top Overlay
100
AcDbLine
 10
1.276243
 20
1.6586133
 30
0.0
 11
1.276243
 21
1.6591689
 31
0.0
  0
LINE
  5
84E
330
1F
100
AcDbEntity
  8
Top Overlay
100
AcDbLine
 10
1.276243
 20
1.6591689
 30
0.0
 11
1.2756873
 21
1.6591689
 31
0.0
  0
LINE
  5
84F
330
1F
100
AcDbEntity
  8
Top Overlay
100
AcDbLine
 10
1.2756873
 20
1.6591689
 30
0.0
 11
1.2756873
 21
1.6602802
 31
0.0
  0
LINE
  5
850
330
1F
100
AcDbEntity
  8
Top Overlay
100
AcDbLine
 10
1.2756873
 20
1.6602802
 30
0.0
 11
1.2751317
 21
1.6602802
 31
0.0
  0
LINE
  5
851
330
1F
100
AcDbEntity
  8
Top Overlay
100
AcDbLine
 10
1.2751317
 20
1.6602802
 30
0.0
 11
1.2751317
 21
1.6619472
 31
0.0
  0
LINE
  5
852
330
1F
100
AcDbEntity
  8
Top Overlay
100
AcDbLine
 10
1.2751317
 20
1.6619472
 30
0.0
 11
1.274576
 21
1.6619472
 31
0.0
  0
LINE
  5
853
330
1F
100
AcDbEntity
  8
Top Overlay
100
AcDbLine
 10
1.274576
 20
1.6619472
 30
0.0
 11
1.274576
 21
1.6625028
 31
0.0
  0
LINE
  5
854
330
1F
100
AcDbEntity
  8
Top Overlay
100
AcDbLine
 10
1.274576
 20
1.6625028
 30
0.0
 11
1.2740204
 21
1.6625028
 31
0.0
  0
LINE
  5
855
330
1F
100
AcDbEntity
  8
Top Overlay
100
AcDbLine
 10
1.2740204
 20
1.6625028
 30
0.0
 11
1.2740204
 21
1.6636141
 31
0.0
  0
LINE
  5
856
330
1F
100
AcDbEntity
  8
Top Overlay
100
AcDbLine
 10
1.2740204
 20
1.6636141
 30
0.0
 11
1.2734647
 21
1.6636141
 31
0.0
  0
LINE
  5
857
330
1F
100
AcDbEntity
  8
Top Overlay
100
AcDbLine
 10
1.2734647
 20
1.6636141
 30
0.0
 11
1.2734647
 21
1.6641698
 31
0.0
  0
LINE
  5
858
330
1F
100
AcDbEntity
  8
Top Overlay
100
AcDbLine
 10
1.2734647
 20
1.6641698
 30
0.0
 11
1.2729091
 21
1.6641698
 31
0.0
  0
LINE
  5
859
330
1F
100
AcDbEntity
  8
Top Overlay
100
AcDbLine
 10
1.2729091
 20
1.6641698
 30
0.0
 11
1.2729091
 21
1.6647255
 31
0.0
  0
LINE
  5
85A
330
1F
100
AcDbEntity
  8
Top Overlay
100
AcDbLine
 10
1.2729091
 20
1.6647255
 30
0.0
 11
1.260129
 21
1.6647255
 31
0.0
  0
LINE
  5
85B
330
1F
100
AcDbEntity
  8
Top Overlay
100
AcDbLine
 10
1.260129
 20
1.6647255
 30
0.0
 11
1.260129
 21
1.643055
 31
0.0
  0
LINE
  5
85C
330
1F
100
AcDbEntity
  8
Top Overlay
100
AcDbLine
 10
1.260129
 20
1.643055
 30
0.0
 11
1.2595734
 21
1.643055
 31
0.0
  0
LINE
  5
85D
330
1F
100
AcDbEntity
  8
Top Overlay
100
AcDbLine
 10
1.2595734
 20
1.643055
 30
0.0
 11
1.2595734
 21
1.6424993
 31
0.0
  0
LINE
  5
85E
330
1F
100
AcDbEntity
  8
Top Overlay
100
AcDbLine
 10
1.2595734
 20
1.6424993
 30
0.0
 11
1.2479047
 21
1.6424993
 31
0.0
  0
LINE
  5
85F
330
1F
100
AcDbEntity
  8
Top Overlay
100
AcDbLine
 10
1.2479047
 20
1.6424993
 30
0.0
 11
1.2479047
 21
1.699176
 31
0.0
  0
LINE
  5
860
330
1F
100
AcDbEntity
  8
Top Overlay
100
AcDbLine
 10
1.2479047
 20
1.699176
 30
0.0
 11
1.2840222
 21
1.699176
 31
0.0
  0
LINE
  5
861
330
1F
100
AcDbEntity
  8
Top Overlay
100
AcDbLine
 10
1.2784656
 20
1.6886186
 30
0.0
 11
1.2784656
 21
1.6891742
 31
0.0
  0
LINE
  5
862
330
1F
100
AcDbEntity
  8
Top Overlay
100
AcDbLine
 10
1.2784656
 20
1.6891742
 30
0.0
 11
1.260129
 21
1.6891742
 31
0.0
  0
LINE
  5
863
330
1F
100
AcDbEntity
  8
Top Overlay
100
AcDbLine
 10
1.260129
 20
1.6891742
 30
0.0
 11
1.260129
 21
1.6736159
 31
0.0
  0
LINE
  5
864
330
1F
100
AcDbEntity
  8
Top Overlay
100
AcDbLine
 10
1.260129
 20
1.6736159
 30
0.0
 11
1.27791
 21
1.6736159
 31
0.0
  0
LINE
  5
865
330
1F
100
AcDbEntity
  8
Top Overlay
100
AcDbLine
 10
1.27791
 20
1.6736159
 30
0.0
 11
1.27791
 21
1.6741716
 31
0.0
  0
LINE
  5
866
330
1F
100
AcDbEntity
  8
Top Overlay
100
AcDbLine
 10
1.27791
 20
1.6741716
 30
0.0
 11
1.2795769
 21
1.6741716
 31
0.0
  0
LINE
  5
867
330
1F
100
AcDbEntity
  8
Top Overlay
100
AcDbLine
 10
1.2795769
 20
1.6741716
 30
0.0
 11
1.2795769
 21
1.6747272
 31
0.0
  0
LINE
  5
868
330
1F
100
AcDbEntity
  8
Top Overlay
100
AcDbLine
 10
1.2795769
 20
1.6747272
 30
0.0
 11
1.2806882
 21
1.6747272
 31
0.0
  0
LINE
  5
869
330
1F
100
AcDbEntity
  8
Top Overlay
100
AcDbLine
 10
1.2806882
 20
1.6747272
 30
0.0
 11
1.2806882
 21
1.6752829
 31
0.0
  0
LINE
  5
86A
330
1F
100
AcDbEntity
  8
Top Overlay
100
AcDbLine
 10
1.2806882
 20
1.6752829
 30
0.0
 11
1.2812439
 21
1.6752829
 31
0.0
  0
LINE
  5
86B
330
1F
100
AcDbEntity
  8
Top Overlay
100
AcDbLine
 10
1.2812439
 20
1.6752829
 30
0.0
 11
1.2812439
 21
1.6758385
 31
0.0
  0
LINE
  5
86C
330
1F
100
AcDbEntity
  8
Top Overlay
100
AcDbLine
 10
1.2812439
 20
1.6758385
 30
0.0
 11
1.2817995
 21
1.6758385
 31
0.0
  0
LINE
  5
86D
330
1F
100
AcDbEntity
  8
Top Overlay
100
AcDbLine
 10
1.2817995
 20
1.6758385
 30
0.0
 11
1.2817995
 21
1.6763942
 31
0.0
  0
LINE
  5
86E
330
1F
100
AcDbEntity
  8
Top Overlay
100
AcDbLine
 10
1.2817995
 20
1.6763942
 30
0.0
 11
1.2823552
 21
1.6763942
 31
0.0
  0
LINE
  5
86F
330
1F
100
AcDbEntity
  8
Top Overlay
100
AcDbLine
 10
1.2823552
 20
1.6763942
 30
0.0
 11
1.2823552
 21
1.6775055
 31
0.0
  0
LINE
  5
870
330
1F
100
AcDbEntity
  8
Top Overlay
100
AcDbLine
 10
1.2823552
 20
1.6775055
 30
0.0
 11
1.2829108
 21
1.6775055
 31
0.0
  0
LINE
  5
871
330
1F
100
AcDbEntity
  8
Top Overlay
100
AcDbLine
 10
1.2829108
 20
1.6775055
 30
0.0
 11
1.2829108
 21
1.6786168
 31
0.0
  0
LINE
  5
872
330
1F
100
AcDbEntity
  8
Top Overlay
100
AcDbLine
 10
1.2829108
 20
1.6786168
 30
0.0
 11
1.2834665
 21
1.6786168
 31
0.0
  0
LINE
  5
873
330
1F
100
AcDbEntity
  8
Top Overlay
100
AcDbLine
 10
1.2834665
 20
1.6786168
 30
0.0
 11
1.2834665
 21
1.6841733
 31
0.0
  0
LINE
  5
874
330
1F
100
AcDbEntity
  8
Top Overlay
100
AcDbLine
 10
1.2834665
 20
1.6841733
 30
0.0
 11
1.2829108
 21
1.6841733
 31
0.0
  0
LINE
  5
875
330
1F
100
AcDbEntity
  8
Top Overlay
100
AcDbLine
 10
1.2829108
 20
1.6841733
 30
0.0
 11
1.2829108
 21
1.6858403
 31
0.0
  0
LINE
  5
876
330
1F
100
AcDbEntity
  8
Top Overlay
100
AcDbLine
 10
1.2829108
 20
1.6858403
 30
0.0
 11
1.2823552
 21
1.6858403
 31
0.0
  0
LINE
  5
877
330
1F
100
AcDbEntity
  8
Top Overlay
100
AcDbLine
 10
1.2823552
 20
1.6858403
 30
0.0
 11
1.2823552
 21
1.686396
 31
0.0
  0
LINE
  5
878
330
1F
100
AcDbEntity
  8
Top Overlay
100
AcDbLine
 10
1.2823552
 20
1.686396
 30
0.0
 11
1.2817995
 21
1.686396
 31
0.0
  0
LINE
  5
879
330
1F
100
AcDbEntity
  8
Top Overlay
100
AcDbLine
 10
1.2817995
 20
1.686396
 30
0.0
 11
1.2817995
 21
1.6869516
 31
0.0
  0
LINE
  5
87A
330
1F
100
AcDbEntity
  8
Top Overlay
100
AcDbLine
 10
1.2817995
 20
1.6869516
 30
0.0
 11
1.2812439
 21
1.6869516
 31
0.0
  0
LINE
  5
87B
330
1F
100
AcDbEntity
  8
Top Overlay
100
AcDbLine
 10
1.2812439
 20
1.6869516
 30
0.0
 11
1.2812439
 21
1.6875073
 31
0.0
  0
LINE
  5
87C
330
1F
100
AcDbEntity
  8
Top Overlay
100
AcDbLine
 10
1.2812439
 20
1.6875073
 30
0.0
 11
1.2806882
 21
1.6875073
 31
0.0
  0
LINE
  5
87D
330
1F
100
AcDbEntity
  8
Top Overlay
100
AcDbLine
 10
1.2806882
 20
1.6875073
 30
0.0
 11
1.2806882
 21
1.6880629
 31
0.0
  0
LINE
  5
87E
330
1F
100
AcDbEntity
  8
Top Overlay
100
AcDbLine
 10
1.2806882
 20
1.6880629
 30
0.0
 11
1.2795769
 21
1.6880629
 31
0.0
  0
LINE
  5
87F
330
1F
100
AcDbEntity
  8
Top Overlay
100
AcDbLine
 10
1.2795769
 20
1.6880629
 30
0.0
 11
1.2795769
 21
1.6886186
 31
0.0
  0
LINE
  5
880
330
1F
100
AcDbEntity
  8
Top Overlay
100
AcDbLine
 10
1.2795769
 20
1.6886186
 30
0.0
 11
1.2784656
 21
1.6886186
 31
0.0
  0
LINE
  5
881
330
1F
100
AcDbEntity
  8
Top Overlay
100
AcDbLine
 10
0.324748
 20
1.6386302
 30
0.0
 11
0.498874
 21
1.6386302
 31
0.0
  0
LINE
  5
882
330
1F
100
AcDbEntity
  8
Top Overlay
100
AcDbLine
 10
0.498874
 20
1.4267242
 30
0.0
 11
0.498874
 21
1.6386302
 31
0.0
  0
LINE
  5
883
330
1F
100
AcDbEntity
  8
Top Overlay
100
AcDbLine
 10
0.324748
 20
1.4267242
 30
0.0
 11
0.498874
 21
1.4267242
 31
0.0
  0
LINE
  5
884
330
1F
100
AcDbEntity
  8
Top Overlay
100
AcDbLine
 10
0.324748
 20
1.4267242
 30
0.0
 11
0.324748
 21
1.6386302
 31
0.0
  0
CIRCLE
  5
885
330
1F
100
AcDbEntity
  8
Top Overlay
100
AcDbCircle
 10
0.354371
 20
1.6076772
 30
0.0
 40
0.00591
  0
CIRCLE
  5
886
330
1F
100
AcDbEntity
  8
Top Overlay
100
AcDbCircle
 10
0.272351
 20
1.6374772
 30
0.0
 40
0.00591
  0
ARC
  5
887
330
1F
100
AcDbEntity
  8
Top Paste
100
AcDbCircle
 10
0.2409435
 20
1.6076772
 30
0.0
 40
0.013988
100
AcDbArc
 50
90.0
 51
270.0
  0
LINE
  5
888
330
1F
100
AcDbEntity
  8
Top Paste
100
AcDbLine
 10
0.2409435
 20
1.5936892
 30
0.0
 11
0.3037585
 21
1.5936892
 31
0.0
  0
ARC
  5
889
330
1F
100
AcDbEntity
  8
Top Paste
100
AcDbCircle
 10
0.3037585
 20
1.6076772
 30
0.0
 40
0.013988
100
AcDbArc
 50
270.0
 51
90.0
  0
LINE
  5
88A
330
1F
100
AcDbEntity
  8
Top Paste
100
AcDbLine
 10
0.3037585
 20
1.6216652
 30
0.0
 11
0.2409435
 21
1.6216652
 31
0.0
  0
ARC
  5
88B
330
1F
100
AcDbEntity
  8
Top Solder
100
AcDbCircle
 10
0.2409435
 20
1.6076772
 30
0.0
 40
0.015988
100
AcDbArc
 50
90.0
 51
270.0
  0
LINE
  5
88C
330
1F
100
AcDbEntity
  8
Top Solder
100
AcDbLine
 10
0.2409435
 20
1.5916892
 30
0.0
 11
0.3037585
 21
1.5916892
 31
0.0
  0
ARC
  5
88D
330
1F
100
AcDbEntity
  8
Top Solder
100
AcDbCircle
 10
0.3037585
 20
1.6076772
 30
0.0
 40
0.015988
100
AcDbArc
 50
270.0
 51
90.0
  0
LINE
  5
88E
330
1F
100
AcDbEntity
  8
Top Solder
100
AcDbLine
 10
0.3037585
 20
1.6236652
 30
0.0
 11
0.2409435
 21
1.6236652
 31
0.0
  0
ARC
  5
88F
330
1F
100
AcDbEntity
  8
Top Paste
100
AcDbCircle
 10
0.2409435
 20
1.5576772
 30
0.0
 40
0.013988
100
AcDbArc
 50
90.0
 51
270.0
  0
LINE
  5
890
330
1F
100
AcDbEntity
  8
Top Paste
100
AcDbLine
 10
0.2409435
 20
1.5436892
 30
0.0
 11
0.3037585
 21
1.5436892
 31
0.0
  0
ARC
  5
891
330
1F
100
AcDbEntity
  8
Top Paste
100
AcDbCircle
 10
0.3037585
 20
1.5576772
 30
0.0
 40
0.013988
100
AcDbArc
 50
270.0
 51
90.0
  0
LINE
  5
892
330
1F
100
AcDbEntity
  8
Top Paste
100
AcDbLine
 10
0.3037585
 20
1.5716652
 30
0.0
 11
0.2409435
 21
1.5716652
 31
0.0
  0
ARC
  5
893
330
1F
100
AcDbEntity
  8
Top Solder
100
AcDbCircle
 10
0.2409435
 20
1.5576772
 30
0.0
 40
0.015988
100
AcDbArc
 50
90.0
 51
270.0
  0
LINE
  5
894
330
1F
100
AcDbEntity
  8
Top Solder
100
AcDbLine
 10
0.2409435
 20
1.5416892
 30
0.0
 11
0.3037585
 21
1.5416892
 31
0.0
  0
ARC
  5
895
330
1F
100
AcDbEntity
  8
Top Solder
100
AcDbCircle
 10
0.3037585
 20
1.5576772
 30
0.0
 40
0.015988
100
AcDbArc
 50
270.0
 51
90.0
  0
LINE
  5
896
330
1F
100
AcDbEntity
  8
Top Solder
100
AcDbLine
 10
0.3037585
 20
1.5736652
 30
0.0
 11
0.2409435
 21
1.5736652
 31
0.0
  0
ARC
  5
897
330
1F
100
AcDbEntity
  8
Top Paste
100
AcDbCircle
 10
0.2409435
 20
1.5076772
 30
0.0
 40
0.013988
100
AcDbArc
 50
90.0
 51
270.0
  0
LINE
  5
898
330
1F
100
AcDbEntity
  8
Top Paste
100
AcDbLine
 10
0.2409435
 20
1.4936892
 30
0.0
 11
0.3037585
 21
1.4936892
 31
0.0
  0
ARC
  5
899
330
1F
100
AcDbEntity
  8
Top Paste
100
AcDbCircle
 10
0.3037585
 20
1.5076772
 30
0.0
 40
0.013988
100
AcDbArc
 50
270.0
 51
90.0
  0
LINE
  5
89A
330
1F
100
AcDbEntity
  8
Top Paste
100
AcDbLine
 10
0.3037585
 20
1.5216652
 30
0.0
 11
0.2409435
 21
1.5216652
 31
0.0
  0
ARC
  5
89B
330
1F
100
AcDbEntity
  8
Top Solder
100
AcDbCircle
 10
0.2409435
 20
1.5076772
 30
0.0
 40
0.015988
100
AcDbArc
 50
90.0
 51
270.0
  0
LINE
  5
89C
330
1F
100
AcDbEntity
  8
Top Solder
100
AcDbLine
 10
0.2409435
 20
1.4916892
 30
0.0
 11
0.3037585
 21
1.4916892
 31
0.0
  0
ARC
  5
89D
330
1F
100
AcDbEntity
  8
Top Solder
100
AcDbCircle
 10
0.3037585
 20
1.5076772
 30
0.0
 40
0.015988
100
AcDbArc
 50
270.0
 51
90.0
  0
LINE
  5
89E
330
1F
100
AcDbEntity
  8
Top Solder
100
AcDbLine
 10
0.3037585
 20
1.5236652
 30
0.0
 11
0.2409435
 21
1.5236652
 31
0.0
  0
ARC
  5
89F
330
1F
100
AcDbEntity
  8
Top Paste
100
AcDbCircle
 10
0.2409435
 20
1.4576772
 30
0.0
 40
0.013988
100
AcDbArc
 50
90.0
 51
270.0
  0
LINE
  5
8A0
330
1F
100
AcDbEntity
  8
Top Paste
100
AcDbLine
 10
0.2409435
 20
1.4436892
 30
0.0
 11
0.3037585
 21
1.4436892
 31
0.0
  0
ARC
  5
8A1
330
1F
100
AcDbEntity
  8
Top Paste
100
AcDbCircle
 10
0.3037585
 20
1.4576772
 30
0.0
 40
0.013988
100
AcDbArc
 50
270.0
 51
90.0
  0
LINE
  5
8A2
330
1F
100
AcDbEntity
  8
Top Paste
100
AcDbLine
 10
0.3037585
 20
1.4716652
 30
0.0
 11
0.2409435
 21
1.4716652
 31
0.0
  0
ARC
  5
8A3
330
1F
100
AcDbEntity
  8
Top Solder
100
AcDbCircle
 10
0.2409435
 20
1.4576772
 30
0.0
 40
0.015988
100
AcDbArc
 50
90.0
 51
270.0
  0
LINE
  5
8A4
330
1F
100
AcDbEntity
  8
Top Solder
100
AcDbLine
 10
0.2409435
 20
1.4416892
 30
0.0
 11
0.3037585
 21
1.4416892
 31
0.0
  0
ARC
  5
8A5
330
1F
100
AcDbEntity
  8
Top Solder
100
AcDbCircle
 10
0.3037585
 20
1.4576772
 30
0.0
 40
0.015988
100
AcDbArc
 50
270.0
 51
90.0
  0
LINE
  5
8A6
330
1F
100
AcDbEntity
  8
Top Solder
100
AcDbLine
 10
0.3037585
 20
1.4736652
 30
0.0
 11
0.2409435
 21
1.4736652
 31
0.0
  0
ARC
  5
8A7
330
1F
100
AcDbEntity
  8
Top Paste
100
AcDbCircle
 10
0.5198635
 20
1.6076772
 30
0.0
 40
0.013988
100
AcDbArc
 50
90.0
 51
270.0
  0
LINE
  5
8A8
330
1F
100
AcDbEntity
  8
Top Paste
100
AcDbLine
 10
0.5198635
 20
1.5936892
 30
0.0
 11
0.5826785
 21
1.5936892
 31
0.0
  0
ARC
  5
8A9
330
1F
100
AcDbEntity
  8
Top Paste
100
AcDbCircle
 10
0.5826785
 20
1.6076772
 30
0.0
 40
0.013988
100
AcDbArc
 50
270.0
 51
90.0
  0
LINE
  5
8AA
330
1F
100
AcDbEntity
  8
Top Paste
100
AcDbLine
 10
0.5826785
 20
1.6216652
 30
0.0
 11
0.5198635
 21
1.6216652
 31
0.0
  0
ARC
  5
8AB
330
1F
100
AcDbEntity
  8
Top Solder
100
AcDbCircle
 10
0.5198635
 20
1.6076772
 30
0.0
 40
0.015988
100
AcDbArc
 50
90.0
 51
270.0
  0
LINE
  5
8AC
330
1F
100
AcDbEntity
  8
Top Solder
100
AcDbLine
 10
0.5198635
 20
1.5916892
 30
0.0
 11
0.5826785
 21
1.5916892
 31
0.0
  0
ARC
  5
8AD
330
1F
100
AcDbEntity
  8
Top Solder
100
AcDbCircle
 10
0.5826785
 20
1.6076772
 30
0.0
 40
0.015988
100
AcDbArc
 50
270.0
 51
90.0
  0
LINE
  5
8AE
330
1F
100
AcDbEntity
  8
Top Solder
100
AcDbLine
 10
0.5826785
 20
1.6236652
 30
0.0
 11
0.5198635
 21
1.6236652
 31
0.0
  0
ARC
  5
8AF
330
1F
100
AcDbEntity
  8
Top Paste
100
AcDbCircle
 10
0.5198635
 20
1.5576772
 30
0.0
 40
0.013988
100
AcDbArc
 50
90.0
 51
270.0
  0
LINE
  5
8B0
330
1F
100
AcDbEntity
  8
Top Paste
100
AcDbLine
 10
0.5198635
 20
1.5436892
 30
0.0
 11
0.5826785
 21
1.5436892
 31
0.0
  0
ARC
  5
8B1
330
1F
100
AcDbEntity
  8
Top Paste
100
AcDbCircle
 10
0.5826785
 20
1.5576772
 30
0.0
 40
0.013988
100
AcDbArc
 50
270.0
 51
90.0
  0
LINE
  5
8B2
330
1F
100
AcDbEntity
  8
Top Paste
100
AcDbLine
 10
0.5826785
 20
1.5716652
 30
0.0
 11
0.5198635
 21
1.5716652
 31
0.0
  0
ARC
  5
8B3
330
1F
100
AcDbEntity
  8
Top Solder
100
AcDbCircle
 10
0.5198635
 20
1.5576772
 30
0.0
 40
0.015988
100
AcDbArc
 50
90.0
 51
270.0
  0
LINE
  5
8B4
330
1F
100
AcDbEntity
  8
Top Solder
100
AcDbLine
 10
0.5198635
 20
1.5416892
 30
0.0
 11
0.5826785
 21
1.5416892
 31
0.0
  0
ARC
  5
8B5
330
1F
100
AcDbEntity
  8
Top Solder
100
AcDbCircle
 10
0.5826785
 20
1.5576772
 30
0.0
 40
0.015988
100
AcDbArc
 50
270.0
 51
90.0
  0
LINE
  5
8B6
330
1F
100
AcDbEntity
  8
Top Solder
100
AcDbLine
 10
0.5826785
 20
1.5736652
 30
0.0
 11
0.5198635
 21
1.5736652
 31
0.0
  0
ARC
  5
8B7
330
1F
100
AcDbEntity
  8
Top Paste
100
AcDbCircle
 10
0.5198635
 20
1.5076772
 30
0.0
 40
0.013988
100
AcDbArc
 50
90.0
 51
270.0
  0
LINE
  5
8B8
330
1F
100
AcDbEntity
  8
Top Paste
100
AcDbLine
 10
0.5198635
 20
1.4936892
 30
0.0
 11
0.5826785
 21
1.4936892
 31
0.0
  0
ARC
  5
8B9
330
1F
100
AcDbEntity
  8
Top Paste
100
AcDbCircle
 10
0.5826785
 20
1.5076772
 30
0.0
 40
0.013988
100
AcDbArc
 50
270.0
 51
90.0
  0
LINE
  5
8BA
330
1F
100
AcDbEntity
  8
Top Paste
100
AcDbLine
 10
0.5826785
 20
1.5216652
 30
0.0
 11
0.5198635
 21
1.5216652
 31
0.0
  0
ARC
  5
8BB
330
1F
100
AcDbEntity
  8
Top Solder
100
AcDbCircle
 10
0.5198635
 20
1.5076772
 30
0.0
 40
0.015988
100
AcDbArc
 50
90.0
 51
270.0
  0
LINE
  5
8BC
330
1F
100
AcDbEntity
  8
Top Solder
100
AcDbLine
 10
0.5198635
 20
1.4916892
 30
0.0
 11
0.5826785
 21
1.4916892
 31
0.0
  0
ARC
  5
8BD
330
1F
100
AcDbEntity
  8
Top Solder
100
AcDbCircle
 10
0.5826785
 20
1.5076772
 30
0.0
 40
0.015988
100
AcDbArc
 50
270.0
 51
90.0
  0
LINE
  5
8BE
330
1F
100
AcDbEntity
  8
Top Solder
100
AcDbLine
 10
0.5826785
 20
1.5236652
 30
0.0
 11
0.5198635
 21
1.5236652
 31
0.0
  0
ARC
  5
8BF
330
1F
100
AcDbEntity
  8
Top Paste
100
AcDbCircle
 10
0.5198635
 20
1.4576772
 30
0.0
 40
0.013988
100
AcDbArc
 50
90.0
 51
270.0
  0
LINE
  5
8C0
330
1F
100
AcDbEntity
  8
Top Paste
100
AcDbLine
 10
0.5198635
 20
1.4436892
 30
0.0
 11
0.5826785
 21
1.4436892
 31
0.0
  0
ARC
  5
8C1
330
1F
100
AcDbEntity
  8
Top Paste
100
AcDbCircle
 10
0.5826785
 20
1.4576772
 30
0.0
 40
0.013988
100
AcDbArc
 50
270.0
 51
90.0
  0
LINE
  5
8C2
330
1F
100
AcDbEntity
  8
Top Paste
100
AcDbLine
 10
0.5826785
 20
1.4716652
 30
0.0
 11
0.5198635
 21
1.4716652
 31
0.0
  0
ARC
  5
8C3
330
1F
100
AcDbEntity
  8
Top Solder
100
AcDbCircle
 10
0.5198635
 20
1.4576772
 30
0.0
 40
0.015988
100
AcDbArc
 50
90.0
 51
270.0
  0
LINE
  5
8C4
330
1F
100
AcDbEntity
  8
Top Solder
100
AcDbLine
 10
0.5198635
 20
1.4416892
 30
0.0
 11
0.5826785
 21
1.4416892
 31
0.0
  0
ARC
  5
8C5
330
1F
100
AcDbEntity
  8
Top Solder
100
AcDbCircle
 10
0.5826785
 20
1.4576772
 30
0.0
 40
0.015988
100
AcDbArc
 50
270.0
 51
90.0
  0
LINE
  5
8C6
330
1F
100
AcDbEntity
  8
Top Solder
100
AcDbLine
 10
0.5826785
 20
1.4736652
 30
0.0
 11
0.5198635
 21
1.4736652
 31
0.0
  0
LINE
  5
8C7
330
1F
100
AcDbEntity
  8
Top Overlay
100
AcDbLine
 10
0.1158583
 20
1.4900866
 30
0.0
 11
0.2038583
 21
1.4900866
 31
0.0
  0
LINE
  5
8C8
330
1F
100
AcDbEntity
  8
Top Overlay
100
AcDbLine
 10
0.1158583
 20
1.5240866
 30
0.0
 11
0.2038583
 21
1.5240866
 31
0.0
  0
LINE
  5
8C9
330
1F
100
AcDbEntity
  8
Top Overlay
100
AcDbLine
 10
0.2038583
 20
1.4900866
 30
0.0
 11
0.2038583
 21
1.5240866
 31
0.0
  0
LINE
  5
8CA
330
1F
100
AcDbEntity
  8
Top Overlay
100
AcDbLine
 10
0.1158583
 20
1.4900866
 30
0.0
 11
0.1158583
 21
1.5240866
 31
0.0
  0
LINE
  5
8CB
330
1F
100
AcDbEntity
  8
Top Paste
100
AcDbLine
 10
0.1968583
 20
1.4970866
 30
0.0
 11
0.1708583
 21
1.4970866
 31
0.0
  0
LINE
  5
8CC
330
1F
100
AcDbEntity
  8
Top Paste
100
AcDbLine
 10
0.1708583
 20
1.4970866
 30
0.0
 11
0.1708583
 21
1.5170866
 31
0.0
  0
LINE
  5
8CD
330
1F
100
AcDbEntity
  8
Top Paste
100
AcDbLine
 10
0.1708583
 20
1.5170866
 30
0.0
 11
0.1968583
 21
1.5170866
 31
0.0
  0
LINE
  5
8CE
330
1F
100
AcDbEntity
  8
Top Paste
100
AcDbLine
 10
0.1968583
 20
1.5170866
 30
0.0
 11
0.1968583
 21
1.4970866
 31
0.0
  0
LINE
  5
8CF
330
1F
100
AcDbEntity
  8
Top Solder
100
AcDbLine
 10
0.2008583
 20
1.4930866
 30
0.0
 11
0.1668583
 21
1.4930866
 31
0.0
  0
LINE
  5
8D0
330
1F
100
AcDbEntity
  8
Top Solder
100
AcDbLine
 10
0.1668583
 20
1.4930866
 30
0.0
 11
0.1668583
 21
1.5210866
 31
0.0
  0
LINE
  5
8D1
330
1F
100
AcDbEntity
  8
Top Solder
100
AcDbLine
 10
0.1668583
 20
1.5210866
 30
0.0
 11
0.2008583
 21
1.5210866
 31
0.0
  0
LINE
  5
8D2
330
1F
100
AcDbEntity
  8
Top Solder
100
AcDbLine
 10
0.2008583
 20
1.5210866
 30
0.0
 11
0.2008583
 21
1.4930866
 31
0.0
  0
LINE
  5
8D3
330
1F
100
AcDbEntity
  8
Top Paste
100
AcDbLine
 10
0.1488583
 20
1.4970866
 30
0.0
 11
0.1228583
 21
1.4970866
 31
0.0
  0
LINE
  5
8D4
330
1F
100
AcDbEntity
  8
Top Paste
100
AcDbLine
 10
0.1228583
 20
1.4970866
 30
0.0
 11
0.1228583
 21
1.5170866
 31
0.0
  0
LINE
  5
8D5
330
1F
100
AcDbEntity
  8
Top Paste
100
AcDbLine
 10
0.1228583
 20
1.5170866
 30
0.0
 11
0.1488583
 21
1.5170866
 31
0.0
  0
LINE
  5
8D6
330
1F
100
AcDbEntity
  8
Top Paste
100
AcDbLine
 10
0.1488583
 20
1.5170866
 30
0.0
 11
0.1488583
 21
1.4970866
 31
0.0
  0
LINE
  5
8D7
330
1F
100
AcDbEntity
  8
Top Solder
100
AcDbLine
 10
0.1528583
 20
1.4930866
 30
0.0
 11
0.1188583
 21
1.4930866
 31
0.0
  0
LINE
  5
8D8
330
1F
100
AcDbEntity
  8
Top Solder
100
AcDbLine
 10
0.1188583
 20
1.4930866
 30
0.0
 11
0.1188583
 21
1.5210866
 31
0.0
  0
LINE
  5
8D9
330
1F
100
AcDbEntity
  8
Top Solder
100
AcDbLine
 10
0.1188583
 20
1.5210866
 30
0.0
 11
0.1528583
 21
1.5210866
 31
0.0
  0
LINE
  5
8DA
330
1F
100
AcDbEntity
  8
Top Solder
100
AcDbLine
 10
0.1528583
 20
1.5210866
 30
0.0
 11
0.1528583
 21
1.4930866
 31
0.0
  0
LINE
  5
8DB
330
1F
100
AcDbEntity
  8
Top Overlay
100
AcDbLine
 10
0.7207953
 20
1.5252913
 30
0.0
 11
0.7207953
 21
1.6132913
 31
0.0
  0
LINE
  5
8DC
330
1F
100
AcDbEntity
  8
Top Overlay
100
AcDbLine
 10
0.7547953
 20
1.5252913
 30
0.0
 11
0.7547953
 21
1.6132913
 31
0.0
  0
LINE
  5
8DD
330
1F
100
AcDbEntity
  8
Top Overlay
100
AcDbLine
 10
0.7207953
 20
1.5252913
 30
0.0
 11
0.7547953
 21
1.5252913
 31
0.0
  0
LINE
  5
8DE
330
1F
100
AcDbEntity
  8
Top Overlay
100
AcDbLine
 10
0.7207953
 20
1.6132913
 30
0.0
 11
0.7547953
 21
1.6132913
 31
0.0
  0
LINE
  5
8DF
330
1F
100
AcDbEntity
  8
Top Paste
100
AcDbLine
 10
0.7277953
 20
1.5322913
 30
0.0
 11
0.7277953
 21
1.5582913
 31
0.0
  0
LINE
  5
8E0
330
1F
100
AcDbEntity
  8
Top Paste
100
AcDbLine
 10
0.7277953
 20
1.5582913
 30
0.0
 11
0.7477953
 21
1.5582913
 31
0.0
  0
LINE
  5
8E1
330
1F
100
AcDbEntity
  8
Top Paste
100
AcDbLine
 10
0.7477953
 20
1.5582913
 30
0.0
 11
0.7477953
 21
1.5322913
 31
0.0
  0
LINE
  5
8E2
330
1F
100
AcDbEntity
  8
Top Paste
100
AcDbLine
 10
0.7477953
 20
1.5322913
 30
0.0
 11
0.7277953
 21
1.5322913
 31
0.0
  0
LINE
  5
8E3
330
1F
100
AcDbEntity
  8
Top Solder
100
AcDbLine
 10
0.7237953
 20
1.5282913
 30
0.0
 11
0.7237953
 21
1.5622913
 31
0.0
  0
LINE
  5
8E4
330
1F
100
AcDbEntity
  8
Top Solder
100
AcDbLine
 10
0.7237953
 20
1.5622913
 30
0.0
 11
0.7517953
 21
1.5622913
 31
0.0
  0
LINE
  5
8E5
330
1F
100
AcDbEntity
  8
Top Solder
100
AcDbLine
 10
0.7517953
 20
1.5622913
 30
0.0
 11
0.7517953
 21
1.5282913
 31
0.0
  0
LINE
  5
8E6
330
1F
100
AcDbEntity
  8
Top Solder
100
AcDbLine
 10
0.7517953
 20
1.5282913
 30
0.0
 11
0.7237953
 21
1.5282913
 31
0.0
  0
LINE
  5
8E7
330
1F
100
AcDbEntity
  8
Top Paste
100
AcDbLine
 10
0.7277953
 20
1.5802913
 30
0.0
 11
0.7277953
 21
1.6062913
 31
0.0
  0
LINE
  5
8E8
330
1F
100
AcDbEntity
  8
Top Paste
100
AcDbLine
 10
0.7277953
 20
1.6062913
 30
0.0
 11
0.7477953
 21
1.6062913
 31
0.0
  0
LINE
  5
8E9
330
1F
100
AcDbEntity
  8
Top Paste
100
AcDbLine
 10
0.7477953
 20
1.6062913
 30
0.0
 11
0.7477953
 21
1.5802913
 31
0.0
  0
LINE
  5
8EA
330
1F
100
AcDbEntity
  8
Top Paste
100
AcDbLine
 10
0.7477953
 20
1.5802913
 30
0.0
 11
0.7277953
 21
1.5802913
 31
0.0
  0
LINE
  5
8EB
330
1F
100
AcDbEntity
  8
Top Solder
100
AcDbLine
 10
0.7237953
 20
1.5762913
 30
0.0
 11
0.7237953
 21
1.6102913
 31
0.0
  0
LINE
  5
8EC
330
1F
100
AcDbEntity
  8
Top Solder
100
AcDbLine
 10
0.7237953
 20
1.6102913
 30
0.0
 11
0.7517953
 21
1.6102913
 31
0.0
  0
LINE
  5
8ED
330
1F
100
AcDbEntity
  8
Top Solder
100
AcDbLine
 10
0.7517953
 20
1.6102913
 30
0.0
 11
0.7517953
 21
1.5762913
 31
0.0
  0
LINE
  5
8EE
330
1F
100
AcDbEntity
  8
Top Solder
100
AcDbLine
 10
0.7517953
 20
1.5762913
 30
0.0
 11
0.7237953
 21
1.5762913
 31
0.0
  0
LINE
  5
8EF
330
1F
100
AcDbEntity
  8
Top Overlay
100
AcDbLine
 10
0.1166299
 20
1.5889055
 30
0.0
 11
0.2046299
 21
1.5889055
 31
0.0
  0
LINE
  5
8F0
330
1F
100
AcDbEntity
  8
Top Overlay
100
AcDbLine
 10
0.1166299
 20
1.6229055
 30
0.0
 11
0.2046299
 21
1.6229055
 31
0.0
  0
LINE
  5
8F1
330
1F
100
AcDbEntity
  8
Top Overlay
100
AcDbLine
 10
0.2046299
 20
1.5889055
 30
0.0
 11
0.2046299
 21
1.6229055
 31
0.0
  0
LINE
  5
8F2
330
1F
100
AcDbEntity
  8
Top Overlay
100
AcDbLine
 10
0.1166299
 20
1.5889055
 30
0.0
 11
0.1166299
 21
1.6229055
 31
0.0
  0
LINE
  5
8F3
330
1F
100
AcDbEntity
  8
Top Paste
100
AcDbLine
 10
0.1976299
 20
1.5959055
 30
0.0
 11
0.1716299
 21
1.5959055
 31
0.0
  0
LINE
  5
8F4
330
1F
100
AcDbEntity
  8
Top Paste
100
AcDbLine
 10
0.1716299
 20
1.5959055
 30
0.0
 11
0.1716299
 21
1.6159055
 31
0.0
  0
LINE
  5
8F5
330
1F
100
AcDbEntity
  8
Top Paste
100
AcDbLine
 10
0.1716299
 20
1.6159055
 30
0.0
 11
0.1976299
 21
1.6159055
 31
0.0
  0
LINE
  5
8F6
330
1F
100
AcDbEntity
  8
Top Paste
100
AcDbLine
 10
0.1976299
 20
1.6159055
 30
0.0
 11
0.1976299
 21
1.5959055
 31
0.0
  0
LINE
  5
8F7
330
1F
100
AcDbEntity
  8
Top Solder
100
AcDbLine
 10
0.2016299
 20
1.5919055
 30
0.0
 11
0.1676299
 21
1.5919055
 31
0.0
  0
LINE
  5
8F8
330
1F
100
AcDbEntity
  8
Top Solder
100
AcDbLine
 10
0.1676299
 20
1.5919055
 30
0.0
 11
0.1676299
 21
1.6199055
 31
0.0
  0
LINE
  5
8F9
330
1F
100
AcDbEntity
  8
Top Solder
100
AcDbLine
 10
0.1676299
 20
1.6199055
 30
0.0
 11
0.2016299
 21
1.6199055
 31
0.0
  0
LINE
  5
8FA
330
1F
100
AcDbEntity
  8
Top Solder
100
AcDbLine
 10
0.2016299
 20
1.6199055
 30
0.0
 11
0.2016299
 21
1.5919055
 31
0.0
  0
LINE
  5
8FB
330
1F
100
AcDbEntity
  8
Top Paste
100
AcDbLine
 10
0.1496299
 20
1.5959055
 30
0.0
 11
0.1236299
 21
1.5959055
 31
0.0
  0
LINE
  5
8FC
330
1F
100
AcDbEntity
  8
Top Paste
100
AcDbLine
 10
0.1236299
 20
1.5959055
 30
0.0
 11
0.1236299
 21
1.6159055
 31
0.0
  0
LINE
  5
8FD
330
1F
100
AcDbEntity
  8
Top Paste
100
AcDbLine
 10
0.1236299
 20
1.6159055
 30
0.0
 11
0.1496299
 21
1.6159055
 31
0.0
  0
LINE
  5
8FE
330
1F
100
AcDbEntity
  8
Top Paste
100
AcDbLine
 10
0.1496299
 20
1.6159055
 30
0.0
 11
0.1496299
 21
1.5959055
 31
0.0
  0
LINE
  5
8FF
330
1F
100
AcDbEntity
  8
Top Solder
100
AcDbLine
 10
0.1536299
 20
1.5919055
 30
0.0
 11
0.1196299
 21
1.5919055
 31
0.0
  0
LINE
  5
900
330
1F
100
AcDbEntity
  8
Top Solder
100
AcDbLine
 10
0.1196299
 20
1.5919055
 30
0.0
 11
0.1196299
 21
1.6199055
 31
0.0
  0
LINE
  5
901
330
1F
100
AcDbEntity
  8
Top Solder
100
AcDbLine
 10
0.1196299
 20
1.6199055
 30
0.0
 11
0.1536299
 21
1.6199055
 31
0.0
  0
LINE
  5
902
330
1F
100
AcDbEntity
  8
Top Solder
100
AcDbLine
 10
0.1536299
 20
1.6199055
 30
0.0
 11
0.1536299
 21
1.5919055
 31
0.0
  0
LINE
  5
903
330
1F
100
AcDbEntity
  8
Top Overlay
100
AcDbLine
 10
0.6690394
 20
1.5921969
 30
0.0
 11
0.7010394
 21
1.5921969
 31
0.0
  0
LINE
  5
904
330
1F
100
AcDbEntity
  8
Top Overlay
100
AcDbLine
 10
0.6690394
 20
1.6581969
 30
0.0
 11
0.7010394
 21
1.6581969
 31
0.0
  0
LINE
  5
905
330
1F
100
AcDbEntity
  8
Top Overlay
100
AcDbLine
 10
0.7010394
 20
1.5921969
 30
0.0
 11
0.7010394
 21
1.6181969
 31
0.0
  0
LINE
  5
906
330
1F
100
AcDbEntity
  8
Top Overlay
100
AcDbLine
 10
0.7010394
 20
1.6321969
 30
0.0
 11
0.7010394
 21
1.6581969
 31
0.0
  0
LINE
  5
907
330
1F
100
AcDbEntity
  8
Top Overlay
100
AcDbLine
 10
0.6690394
 20
1.6321969
 30
0.0
 11
0.6690394
 21
1.6581969
 31
0.0
  0
LINE
  5
908
330
1F
100
AcDbEntity
  8
Top Overlay
100
AcDbLine
 10
0.6690394
 20
1.5921969
 30
0.0
 11
0.6690394
 21
1.6181969
 31
0.0
  0
LINE
  5
909
330
1F
100
AcDbEntity
  8
Top Paste
100
AcDbLine
 10
0.6968504
 20
1.6541969
 30
0.0
 11
0.6968504
 21
1.6341969
 31
0.0
  0
LINE
  5
90A
330
1F
100
AcDbEntity
  8
Top Paste
100
AcDbLine
 10
0.6968504
 20
1.6341969
 30
0.0
 11
0.6732284
 21
1.6341969
 31
0.0
  0
LINE
  5
90B
330
1F
100
AcDbEntity
  8
Top Paste
100
AcDbLine
 10
0.6732284
 20
1.6341969
 30
0.0
 11
0.6732284
 21
1.6541969
 31
0.0
  0
LINE
  5
90C
330
1F
100
AcDbEntity
  8
Top Paste
100
AcDbLine
 10
0.6732284
 20
1.6541969
 30
0.0
 11
0.6968504
 21
1.6541969
 31
0.0
  0
LINE
  5
90D
330
1F
100
AcDbEntity
  8
Top Solder
100
AcDbLine
 10
0.6988504
 20
1.6561969
 30
0.0
 11
0.6988504
 21
1.6321969
 31
0.0
  0
LINE
  5
90E
330
1F
100
AcDbEntity
  8
Top Solder
100
AcDbLine
 10
0.6988504
 20
1.6321969
 30
0.0
 11
0.6712284
 21
1.6321969
 31
0.0
  0
LINE
  5
90F
330
1F
100
AcDbEntity
  8
Top Solder
100
AcDbLine
 10
0.6712284
 20
1.6321969
 30
0.0
 11
0.6712284
 21
1.6561969
 31
0.0
  0
LINE
  5
910
330
1F
100
AcDbEntity
  8
Top Solder
100
AcDbLine
 10
0.6712284
 20
1.6561969
 30
0.0
 11
0.6988504
 21
1.6561969
 31
0.0
  0
LINE
  5
911
330
1F
100
AcDbEntity
  8
Top Paste
100
AcDbLine
 10
0.6968504
 20
1.6161969
 30
0.0
 11
0.6968504
 21
1.5961969
 31
0.0
  0
LINE
  5
912
330
1F
100
AcDbEntity
  8
Top Paste
100
AcDbLine
 10
0.6968504
 20
1.5961969
 30
0.0
 11
0.6732284
 21
1.5961969
 31
0.0
  0
LINE
  5
913
330
1F
100
AcDbEntity
  8
Top Paste
100
AcDbLine
 10
0.6732284
 20
1.5961969
 30
0.0
 11
0.6732284
 21
1.6161969
 31
0.0
  0
LINE
  5
914
330
1F
100
AcDbEntity
  8
Top Paste
100
AcDbLine
 10
0.6732284
 20
1.6161969
 30
0.0
 11
0.6968504
 21
1.6161969
 31
0.0
  0
LINE
  5
915
330
1F
100
AcDbEntity
  8
Top Solder
100
AcDbLine
 10
0.6988504
 20
1.6181969
 30
0.0
 11
0.6988504
 21
1.5941969
 31
0.0
  0
LINE
  5
916
330
1F
100
AcDbEntity
  8
Top Solder
100
AcDbLine
 10
0.6988504
 20
1.5941969
 30
0.0
 11
0.6712284
 21
1.5941969
 31
0.0
  0
LINE
  5
917
330
1F
100
AcDbEntity
  8
Top Solder
100
AcDbLine
 10
0.6712284
 20
1.5941969
 30
0.0
 11
0.6712284
 21
1.6181969
 31
0.0
  0
LINE
  5
918
330
1F
100
AcDbEntity
  8
Top Solder
100
AcDbLine
 10
0.6712284
 20
1.6181969
 30
0.0
 11
0.6988504
 21
1.6181969
 31
0.0
  0
LINE
  5
919
330
1F
100
AcDbEntity
  8
Top Overlay
100
AcDbLine
 10
1.7851496
 20
1.5150315
 30
0.0
 11
1.8731496
 21
1.5150315
 31
0.0
  0
LINE
  5
91A
330
1F
100
AcDbEntity
  8
Top Overlay
100
AcDbLine
 10
1.7851496
 20
1.4810315
 30
0.0
 11
1.8731496
 21
1.4810315
 31
0.0
  0
LINE
  5
91B
330
1F
100
AcDbEntity
  8
Top Overlay
100
AcDbLine
 10
1.7851496
 20
1.4810315
 30
0.0
 11
1.7851496
 21
1.5150315
 31
0.0
  0
LINE
  5
91C
330
1F
100
AcDbEntity
  8
Top Overlay
100
AcDbLine
 10
1.8731496
 20
1.4810315
 30
0.0
 11
1.8731496
 21
1.5150315
 31
0.0
  0
LINE
  5
91D
330
1F
100
AcDbEntity
  8
Top Paste
100
AcDbLine
 10
1.7921496
 20
1.5080315
 30
0.0
 11
1.8181496
 21
1.5080315
 31
0.0
  0
LINE
  5
91E
330
1F
100
AcDbEntity
  8
Top Paste
100
AcDbLine
 10
1.8181496
 20
1.5080315
 30
0.0
 11
1.8181496
 21
1.4880315
 31
0.0
  0
LINE
  5
91F
330
1F
100
AcDbEntity
  8
Top Paste
100
AcDbLine
 10
1.8181496
 20
1.4880315
 30
0.0
 11
1.7921496
 21
1.4880315
 31
0.0
  0
LINE
  5
920
330
1F
100
AcDbEntity
  8
Top Paste
100
AcDbLine
 10
1.7921496
 20
1.4880315
 30
0.0
 11
1.7921496
 21
1.5080315
 31
0.0
  0
LINE
  5
921
330
1F
100
AcDbEntity
  8
Top Solder
100
AcDbLine
 10
1.7881496
 20
1.5120315
 30
0.0
 11
1.8221496
 21
1.5120315
 31
0.0
  0
LINE
  5
922
330
1F
100
AcDbEntity
  8
Top Solder
100
AcDbLine
 10
1.8221496
 20
1.5120315
 30
0.0
 11
1.8221496
 21
1.4840315
 31
0.0
  0
LINE
  5
923
330
1F
100
AcDbEntity
  8
Top Solder
100
AcDbLine
 10
1.8221496
 20
1.4840315
 30
0.0
 11
1.7881496
 21
1.4840315
 31
0.0
  0
LINE
  5
924
330
1F
100
AcDbEntity
  8
Top Solder
100
AcDbLine
 10
1.7881496
 20
1.4840315
 30
0.0
 11
1.7881496
 21
1.5120315
 31
0.0
  0
LINE
  5
925
330
1F
100
AcDbEntity
  8
Top Paste
100
AcDbLine
 10
1.8401496
 20
1.5080315
 30
0.0
 11
1.8661496
 21
1.5080315
 31
0.0
  0
LINE
  5
926
330
1F
100
AcDbEntity
  8
Top Paste
100
AcDbLine
 10
1.8661496
 20
1.5080315
 30
0.0
 11
1.8661496
 21
1.4880315
 31
0.0
  0
LINE
  5
927
330
1F
100
AcDbEntity
  8
Top Paste
100
AcDbLine
 10
1.8661496
 20
1.4880315
 30
0.0
 11
1.8401496
 21
1.4880315
 31
0.0
  0
LINE
  5
928
330
1F
100
AcDbEntity
  8
Top Paste
100
AcDbLine
 10
1.8401496
 20
1.4880315
 30
0.0
 11
1.8401496
 21
1.5080315
 31
0.0
  0
LINE
  5
929
330
1F
100
AcDbEntity
  8
Top Solder
100
AcDbLine
 10
1.8361496
 20
1.5120315
 30
0.0
 11
1.8701496
 21
1.5120315
 31
0.0
  0
LINE
  5
92A
330
1F
100
AcDbEntity
  8
Top Solder
100
AcDbLine
 10
1.8701496
 20
1.5120315
 30
0.0
 11
1.8701496
 21
1.4840315
 31
0.0
  0
LINE
  5
92B
330
1F
100
AcDbEntity
  8
Top Solder
100
AcDbLine
 10
1.8701496
 20
1.4840315
 30
0.0
 11
1.8361496
 21
1.4840315
 31
0.0
  0
LINE
  5
92C
330
1F
100
AcDbEntity
  8
Top Solder
100
AcDbLine
 10
1.8361496
 20
1.4840315
 30
0.0
 11
1.8361496
 21
1.5120315
 31
0.0
  0
LINE
  5
92D
330
1F
100
AcDbEntity
  8
Top Overlay
100
AcDbLine
 10
0.0343508
 20
0.8771633
 30
0.0
 11
0.0343508
 21
0.9722003
 31
0.0
  0
LINE
  5
92E
330
1F
100
AcDbEntity
  8
Top Overlay
100
AcDbLine
 10
0.0343508
 20
0.9722003
 30
0.0
 11
0.1193338
 21
0.9722003
 31
0.0
  0
LINE
  5
92F
330
1F
100
AcDbEntity
  8
Top Overlay
100
AcDbLine
 10
0.1193338
 20
0.9722003
 30
0.0
 11
0.1193338
 21
1.0472003
 31
0.0
  0
LINE
  5
930
330
1F
100
AcDbEntity
  8
Top Overlay
100
AcDbLine
 10
0.0343338
 20
1.0472003
 30
0.0
 11
0.1193338
 21
1.0472003
 31
0.0
  0
LINE
  5
931
330
1F
100
AcDbEntity
  8
Top Overlay
100
AcDbLine
 10
0.0343338
 20
1.0472003
 30
0.0
 11
0.0343338
 21
1.1222003
 31
0.0
  0
LINE
  5
932
330
1F
100
AcDbEntity
  8
Top Overlay
100
AcDbLine
 10
0.0343338
 20
1.1222003
 30
0.0
 11
0.1193338
 21
1.1222003
 31
0.0
  0
LINE
  5
933
330
1F
100
AcDbEntity
  8
Top Overlay
100
AcDbLine
 10
0.1193338
 20
1.1222003
 30
0.0
 11
0.1193338
 21
1.2022003
 31
0.0
  0
LINE
  5
934
330
1F
100
AcDbEntity
  8
Top Overlay
100
AcDbLine
 10
0.0343338
 20
1.2022003
 30
0.0
 11
0.1193338
 21
1.2022003
 31
0.0
  0
LINE
  5
935
330
1F
100
AcDbEntity
  8
Top Overlay
100
AcDbLine
 10
0.0343338
 20
1.2022003
 30
0.0
 11
0.0343338
 21
1.2622003
 31
0.0
  0
LINE
  5
936
330
1F
100
AcDbEntity
  8
Top Overlay
100
AcDbLine
 10
0.0343338
 20
0.8772003
 30
0.0
 11
0.1643338
 21
0.8772003
 31
0.0
  0
LINE
  5
937
330
1F
100
AcDbEntity
  8
Top Overlay
100
AcDbLine
 10
0.0027618
 20
0.8181053
 30
0.0
 11
0.0027618
 21
1.3062943
 31
0.0
  0
LINE
  5
938
330
1F
100
AcDbEntity
  8
Top Overlay
100
AcDbLine
 10
0.0027618
 20
1.3062943
 30
0.0
 11
0.5933108
 21
1.3062943
 31
0.0
  0
LINE
  5
939
330
1F
100
AcDbEntity
  8
Top Overlay
100
AcDbLine
 10
0.0027618
 20
0.8181053
 30
0.0
 11
0.5933108
 21
0.8181053
 31
0.0
  0
LINE
  5
93A
330
1F
100
AcDbEntity
  8
Top Overlay
100
AcDbLine
 10
0.2153568
 20
1.3062943
 30
0.0
 11
0.5933108
 21
1.3062943
 31
0.0
  0
LINE
  5
93B
330
1F
100
AcDbEntity
  8
Top Overlay
100
AcDbLine
 10
0.2153568
 20
0.8181053
 30
0.0
 11
0.5933108
 21
0.8181053
 31
0.0
  0
LINE
  5
93C
330
1F
100
AcDbEntity
  8
Top Overlay
100
AcDbLine
 10
0.5933108
 20
0.8181053
 30
0.0
 11
0.5933108
 21
1.3062943
 31
0.0
  0
LINE
  5
93D
330
1F
100
AcDbEntity
  8
Top Overlay
100
AcDbLine
 10
0.2153568
 20
0.8181053
 30
0.0
 11
0.2153568
 21
1.3062943
 31
0.0
  0
LINE
  5
93E
330
1F
100
AcDbEntity
  8
Top Paste
100
AcDbLine
 10
0.2685043
 20
0.8279528
 30
0.0
 11
0.2685043
 21
0.8633858
 31
0.0
  0
LINE
  5
93F
330
1F
100
AcDbEntity
  8
Top Paste
100
AcDbLine
 10
0.2685043
 20
0.8633858
 30
0.0
 11
0.2881893
 21
0.8633858
 31
0.0
  0
LINE
  5
940
330
1F
100
AcDbEntity
  8
Top Paste
100
AcDbLine
 10
0.2881893
 20
0.8633858
 30
0.0
 11
0.2881893
 21
0.8279528
 31
0.0
  0
LINE
  5
941
330
1F
100
AcDbEntity
  8
Top Paste
100
AcDbLine
 10
0.2881893
 20
0.8279528
 30
0.0
 11
0.2685043
 21
0.8279528
 31
0.0
  0
LINE
  5
942
330
1F
100
AcDbEntity
  8
Top Solder
100
AcDbLine
 10
0.2645043
 20
0.8239528
 30
0.0
 11
0.2645043
 21
0.8673858
 31
0.0
  0
LINE
  5
943
330
1F
100
AcDbEntity
  8
Top Solder
100
AcDbLine
 10
0.2645043
 20
0.8673858
 30
0.0
 11
0.2921893
 21
0.8673858
 31
0.0
  0
LINE
  5
944
330
1F
100
AcDbEntity
  8
Top Solder
100
AcDbLine
 10
0.2921893
 20
0.8673858
 30
0.0
 11
0.2921893
 21
0.8239528
 31
0.0
  0
LINE
  5
945
330
1F
100
AcDbEntity
  8
Top Solder
100
AcDbLine
 10
0.2921893
 20
0.8239528
 30
0.0
 11
0.2645043
 21
0.8239528
 31
0.0
  0
LINE
  5
946
330
1F
100
AcDbEntity
  8
Top Paste
100
AcDbLine
 10
0.3000043
 20
0.8279528
 30
0.0
 11
0.3000043
 21
0.8633858
 31
0.0
  0
LINE
  5
947
330
1F
100
AcDbEntity
  8
Top Paste
100
AcDbLine
 10
0.3000043
 20
0.8633858
 30
0.0
 11
0.3196893
 21
0.8633858
 31
0.0
  0
LINE
  5
948
330
1F
100
AcDbEntity
  8
Top Paste
100
AcDbLine
 10
0.3196893
 20
0.8633858
 30
0.0
 11
0.3196893
 21
0.8279528
 31
0.0
  0
LINE
  5
949
330
1F
100
AcDbEntity
  8
Top Paste
100
AcDbLine
 10
0.3196893
 20
0.8279528
 30
0.0
 11
0.3000043
 21
0.8279528
 31
0.0
  0
LINE
  5
94A
330
1F
100
AcDbEntity
  8
Top Solder
100
AcDbLine
 10
0.2960043
 20
0.8239528
 30
0.0
 11
0.2960043
 21
0.8673858
 31
0.0
  0
LINE
  5
94B
330
1F
100
AcDbEntity
  8
Top Solder
100
AcDbLine
 10
0.2960043
 20
0.8673858
 30
0.0
 11
0.3236893
 21
0.8673858
 31
0.0
  0
LINE
  5
94C
330
1F
100
AcDbEntity
  8
Top Solder
100
AcDbLine
 10
0.3236893
 20
0.8673858
 30
0.0
 11
0.3236893
 21
0.8239528
 31
0.0
  0
LINE
  5
94D
330
1F
100
AcDbEntity
  8
Top Solder
100
AcDbLine
 10
0.3236893
 20
0.8239528
 30
0.0
 11
0.2960043
 21
0.8239528
 31
0.0
  0
LINE
  5
94E
330
1F
100
AcDbEntity
  8
Top Paste
100
AcDbLine
 10
0.3315043
 20
0.8279528
 30
0.0
 11
0.3315043
 21
0.8633858
 31
0.0
  0
LINE
  5
94F
330
1F
100
AcDbEntity
  8
Top Paste
100
AcDbLine
 10
0.3315043
 20
0.8633858
 30
0.0
 11
0.3511893
 21
0.8633858
 31
0.0
  0
LINE
  5
950
330
1F
100
AcDbEntity
  8
Top Paste
100
AcDbLine
 10
0.3511893
 20
0.8633858
 30
0.0
 11
0.3511893
 21
0.8279528
 31
0.0
  0
LINE
  5
951
330
1F
100
AcDbEntity
  8
Top Paste
100
AcDbLine
 10
0.3511893
 20
0.8279528
 30
0.0
 11
0.3315043
 21
0.8279528
 31
0.0
  0
LINE
  5
952
330
1F
100
AcDbEntity
  8
Top Solder
100
AcDbLine
 10
0.3275043
 20
0.8239528
 30
0.0
 11
0.3275043
 21
0.8673858
 31
0.0
  0
LINE
  5
953
330
1F
100
AcDbEntity
  8
Top Solder
100
AcDbLine
 10
0.3275043
 20
0.8673858
 30
0.0
 11
0.3551893
 21
0.8673858
 31
0.0
  0
LINE
  5
954
330
1F
100
AcDbEntity
  8
Top Solder
100
AcDbLine
 10
0.3551893
 20
0.8673858
 30
0.0
 11
0.3551893
 21
0.8239528
 31
0.0
  0
LINE
  5
955
330
1F
100
AcDbEntity
  8
Top Solder
100
AcDbLine
 10
0.3551893
 20
0.8239528
 30
0.0
 11
0.3275043
 21
0.8239528
 31
0.0
  0
LINE
  5
956
330
1F
100
AcDbEntity
  8
Top Paste
100
AcDbLine
 10
0.3629943
 20
0.8279528
 30
0.0
 11
0.3629943
 21
0.8633858
 31
0.0
  0
LINE
  5
957
330
1F
100
AcDbEntity
  8
Top Paste
100
AcDbLine
 10
0.3629943
 20
0.8633858
 30
0.0
 11
0.3826793
 21
0.8633858
 31
0.0
  0
LINE
  5
958
330
1F
100
AcDbEntity
  8
Top Paste
100
AcDbLine
 10
0.3826793
 20
0.8633858
 30
0.0
 11
0.3826793
 21
0.8279528
 31
0.0
  0
LINE
  5
959
330
1F
100
AcDbEntity
  8
Top Paste
100
AcDbLine
 10
0.3826793
 20
0.8279528
 30
0.0
 11
0.3629943
 21
0.8279528
 31
0.0
  0
LINE
  5
95A
330
1F
100
AcDbEntity
  8
Top Solder
100
AcDbLine
 10
0.3589943
 20
0.8239528
 30
0.0
 11
0.3589943
 21
0.8673858
 31
0.0
  0
LINE
  5
95B
330
1F
100
AcDbEntity
  8
Top Solder
100
AcDbLine
 10
0.3589943
 20
0.8673858
 30
0.0
 11
0.3866793
 21
0.8673858
 31
0.0
  0
LINE
  5
95C
330
1F
100
AcDbEntity
  8
Top Solder
100
AcDbLine
 10
0.3866793
 20
0.8673858
 30
0.0
 11
0.3866793
 21
0.8239528
 31
0.0
  0
LINE
  5
95D
330
1F
100
AcDbEntity
  8
Top Solder
100
AcDbLine
 10
0.3866793
 20
0.8239528
 30
0.0
 11
0.3589943
 21
0.8239528
 31
0.0
  0
LINE
  5
95E
330
1F
100
AcDbEntity
  8
Top Paste
100
AcDbLine
 10
0.3944943
 20
0.8279528
 30
0.0
 11
0.3944943
 21
0.8633858
 31
0.0
  0
LINE
  5
95F
330
1F
100
AcDbEntity
  8
Top Paste
100
AcDbLine
 10
0.3944943
 20
0.8633858
 30
0.0
 11
0.4141793
 21
0.8633858
 31
0.0
  0
LINE
  5
960
330
1F
100
AcDbEntity
  8
Top Paste
100
AcDbLine
 10
0.4141793
 20
0.8633858
 30
0.0
 11
0.4141793
 21
0.8279528
 31
0.0
  0
LINE
  5
961
330
1F
100
AcDbEntity
  8
Top Paste
100
AcDbLine
 10
0.4141793
 20
0.8279528
 30
0.0
 11
0.3944943
 21
0.8279528
 31
0.0
  0
LINE
  5
962
330
1F
100
AcDbEntity
  8
Top Solder
100
AcDbLine
 10
0.3904943
 20
0.8239528
 30
0.0
 11
0.3904943
 21
0.8673858
 31
0.0
  0
LINE
  5
963
330
1F
100
AcDbEntity
  8
Top Solder
100
AcDbLine
 10
0.3904943
 20
0.8673858
 30
0.0
 11
0.4181793
 21
0.8673858
 31
0.0
  0
LINE
  5
964
330
1F
100
AcDbEntity
  8
Top Solder
100
AcDbLine
 10
0.4181793
 20
0.8673858
 30
0.0
 11
0.4181793
 21
0.8239528
 31
0.0
  0
LINE
  5
965
330
1F
100
AcDbEntity
  8
Top Solder
100
AcDbLine
 10
0.4181793
 20
0.8239528
 30
0.0
 11
0.3904943
 21
0.8239528
 31
0.0
  0
LINE
  5
966
330
1F
100
AcDbEntity
  8
Top Paste
100
AcDbLine
 10
0.4259843
 20
0.8279528
 30
0.0
 11
0.4259843
 21
0.8633858
 31
0.0
  0
LINE
  5
967
330
1F
100
AcDbEntity
  8
Top Paste
100
AcDbLine
 10
0.4259843
 20
0.8633858
 30
0.0
 11
0.4456693
 21
0.8633858
 31
0.0
  0
LINE
  5
968
330
1F
100
AcDbEntity
  8
Top Paste
100
AcDbLine
 10
0.4456693
 20
0.8633858
 30
0.0
 11
0.4456693
 21
0.8279528
 31
0.0
  0
LINE
  5
969
330
1F
100
AcDbEntity
  8
Top Paste
100
AcDbLine
 10
0.4456693
 20
0.8279528
 30
0.0
 11
0.4259843
 21
0.8279528
 31
0.0
  0
LINE
  5
96A
330
1F
100
AcDbEntity
  8
Top Solder
100
AcDbLine
 10
0.4219843
 20
0.8239528
 30
0.0
 11
0.4219843
 21
0.8673858
 31
0.0
  0
LINE
  5
96B
330
1F
100
AcDbEntity
  8
Top Solder
100
AcDbLine
 10
0.4219843
 20
0.8673858
 30
0.0
 11
0.4496693
 21
0.8673858
 31
0.0
  0
LINE
  5
96C
330
1F
100
AcDbEntity
  8
Top Solder
100
AcDbLine
 10
0.4496693
 20
0.8673858
 30
0.0
 11
0.4496693
 21
0.8239528
 31
0.0
  0
LINE
  5
96D
330
1F
100
AcDbEntity
  8
Top Solder
100
AcDbLine
 10
0.4496693
 20
0.8239528
 30
0.0
 11
0.4219843
 21
0.8239528
 31
0.0
  0
LINE
  5
96E
330
1F
100
AcDbEntity
  8
Top Paste
100
AcDbLine
 10
0.4574843
 20
0.8279528
 30
0.0
 11
0.4574843
 21
0.8633858
 31
0.0
  0
LINE
  5
96F
330
1F
100
AcDbEntity
  8
Top Paste
100
AcDbLine
 10
0.4574843
 20
0.8633858
 30
0.0
 11
0.4771693
 21
0.8633858
 31
0.0
  0
LINE
  5
970
330
1F
100
AcDbEntity
  8
Top Paste
100
AcDbLine
 10
0.4771693
 20
0.8633858
 30
0.0
 11
0.4771693
 21
0.8279528
 31
0.0
  0
LINE
  5
971
330
1F
100
AcDbEntity
  8
Top Paste
100
AcDbLine
 10
0.4771693
 20
0.8279528
 30
0.0
 11
0.4574843
 21
0.8279528
 31
0.0
  0
LINE
  5
972
330
1F
100
AcDbEntity
  8
Top Solder
100
AcDbLine
 10
0.4534843
 20
0.8239528
 30
0.0
 11
0.4534843
 21
0.8673858
 31
0.0
  0
LINE
  5
973
330
1F
100
AcDbEntity
  8
Top Solder
100
AcDbLine
 10
0.4534843
 20
0.8673858
 30
0.0
 11
0.4811693
 21
0.8673858
 31
0.0
  0
LINE
  5
974
330
1F
100
AcDbEntity
  8
Top Solder
100
AcDbLine
 10
0.4811693
 20
0.8673858
 30
0.0
 11
0.4811693
 21
0.8239528
 31
0.0
  0
LINE
  5
975
330
1F
100
AcDbEntity
  8
Top Solder
100
AcDbLine
 10
0.4811693
 20
0.8239528
 30
0.0
 11
0.4534843
 21
0.8239528
 31
0.0
  0
LINE
  5
976
330
1F
100
AcDbEntity
  8
Top Paste
100
AcDbLine
 10
0.4889843
 20
0.8279528
 30
0.0
 11
0.4889843
 21
0.8633858
 31
0.0
  0
LINE
  5
977
330
1F
100
AcDbEntity
  8
Top Paste
100
AcDbLine
 10
0.4889843
 20
0.8633858
 30
0.0
 11
0.5086693
 21
0.8633858
 31
0.0
  0
LINE
  5
978
330
1F
100
AcDbEntity
  8
Top Paste
100
AcDbLine
 10
0.5086693
 20
0.8633858
 30
0.0
 11
0.5086693
 21
0.8279528
 31
0.0
  0
LINE
  5
979
330
1F
100
AcDbEntity
  8
Top Paste
100
AcDbLine
 10
0.5086693
 20
0.8279528
 30
0.0
 11
0.4889843
 21
0.8279528
 31
0.0
  0
LINE
  5
97A
330
1F
100
AcDbEntity
  8
Top Solder
100
AcDbLine
 10
0.4849843
 20
0.8239528
 30
0.0
 11
0.4849843
 21
0.8673858
 31
0.0
  0
LINE
  5
97B
330
1F
100
AcDbEntity
  8
Top Solder
100
AcDbLine
 10
0.4849843
 20
0.8673858
 30
0.0
 11
0.5126693
 21
0.8673858
 31
0.0
  0
LINE
  5
97C
330
1F
100
AcDbEntity
  8
Top Solder
100
AcDbLine
 10
0.5126693
 20
0.8673858
 30
0.0
 11
0.5126693
 21
0.8239528
 31
0.0
  0
LINE
  5
97D
330
1F
100
AcDbEntity
  8
Top Solder
100
AcDbLine
 10
0.5126693
 20
0.8239528
 30
0.0
 11
0.4849843
 21
0.8239528
 31
0.0
  0
LINE
  5
97E
330
1F
100
AcDbEntity
  8
Top Paste
100
AcDbLine
 10
0.5204743
 20
0.8279528
 30
0.0
 11
0.5204743
 21
0.8633858
 31
0.0
  0
LINE
  5
97F
330
1F
100
AcDbEntity
  8
Top Paste
100
AcDbLine
 10
0.5204743
 20
0.8633858
 30
0.0
 11
0.5401593
 21
0.8633858
 31
0.0
  0
LINE
  5
980
330
1F
100
AcDbEntity
  8
Top Paste
100
AcDbLine
 10
0.5401593
 20
0.8633858
 30
0.0
 11
0.5401593
 21
0.8279528
 31
0.0
  0
LINE
  5
981
330
1F
100
AcDbEntity
  8
Top Paste
100
AcDbLine
 10
0.5401593
 20
0.8279528
 30
0.0
 11
0.5204743
 21
0.8279528
 31
0.0
  0
LINE
  5
982
330
1F
100
AcDbEntity
  8
Top Solder
100
AcDbLine
 10
0.5164743
 20
0.8239528
 30
0.0
 11
0.5164743
 21
0.8673858
 31
0.0
  0
LINE
  5
983
330
1F
100
AcDbEntity
  8
Top Solder
100
AcDbLine
 10
0.5164743
 20
0.8673858
 30
0.0
 11
0.5441593
 21
0.8673858
 31
0.0
  0
LINE
  5
984
330
1F
100
AcDbEntity
  8
Top Solder
100
AcDbLine
 10
0.5441593
 20
0.8673858
 30
0.0
 11
0.5441593
 21
0.8239528
 31
0.0
  0
LINE
  5
985
330
1F
100
AcDbEntity
  8
Top Solder
100
AcDbLine
 10
0.5441593
 20
0.8239528
 30
0.0
 11
0.5164743
 21
0.8239528
 31
0.0
  0
LINE
  5
986
330
1F
100
AcDbEntity
  8
Top Paste
100
AcDbLine
 10
0.5834633
 20
0.8791268
 30
0.0
 11
0.5480303
 21
0.8791268
 31
0.0
  0
LINE
  5
987
330
1F
100
AcDbEntity
  8
Top Paste
100
AcDbLine
 10
0.5480303
 20
0.8791268
 30
0.0
 11
0.5480303
 21
0.8988118
 31
0.0
  0
LINE
  5
988
330
1F
100
AcDbEntity
  8
Top Paste
100
AcDbLine
 10
0.5480303
 20
0.8988118
 30
0.0
 11
0.5834633
 21
0.8988118
 31
0.0
  0
LINE
  5
989
330
1F
100
AcDbEntity
  8
Top Paste
100
AcDbLine
 10
0.5834633
 20
0.8988118
 30
0.0
 11
0.5834633
 21
0.8791268
 31
0.0
  0
LINE
  5
98A
330
1F
100
AcDbEntity
  8
Top Solder
100
AcDbLine
 10
0.5874633
 20
0.8751268
 30
0.0
 11
0.5440303
 21
0.8751268
 31
0.0
  0
LINE
  5
98B
330
1F
100
AcDbEntity
  8
Top Solder
100
AcDbLine
 10
0.5440303
 20
0.8751268
 30
0.0
 11
0.5440303
 21
0.9028118
 31
0.0
  0
LINE
  5
98C
330
1F
100
AcDbEntity
  8
Top Solder
100
AcDbLine
 10
0.5440303
 20
0.9028118
 30
0.0
 11
0.5874633
 21
0.9028118
 31
0.0
  0
LINE
  5
98D
330
1F
100
AcDbEntity
  8
Top Solder
100
AcDbLine
 10
0.5874633
 20
0.9028118
 30
0.0
 11
0.5874633
 21
0.8751268
 31
0.0
  0
LINE
  5
98E
330
1F
100
AcDbEntity
  8
Top Paste
100
AcDbLine
 10
0.5834633
 20
0.9106268
 30
0.0
 11
0.5480303
 21
0.9106268
 31
0.0
  0
LINE
  5
98F
330
1F
100
AcDbEntity
  8
Top Paste
100
AcDbLine
 10
0.5480303
 20
0.9106268
 30
0.0
 11
0.5480303
 21
0.9303118
 31
0.0
  0
LINE
  5
990
330
1F
100
AcDbEntity
  8
Top Paste
100
AcDbLine
 10
0.5480303
 20
0.9303118
 30
0.0
 11
0.5834633
 21
0.9303118
 31
0.0
  0
LINE
  5
991
330
1F
100
AcDbEntity
  8
Top Paste
100
AcDbLine
 10
0.5834633
 20
0.9303118
 30
0.0
 11
0.5834633
 21
0.9106268
 31
0.0
  0
LINE
  5
992
330
1F
100
AcDbEntity
  8
Top Solder
100
AcDbLine
 10
0.5874633
 20
0.9066268
 30
0.0
 11
0.5440303
 21
0.9066268
 31
0.0
  0
LINE
  5
993
330
1F
100
AcDbEntity
  8
Top Solder
100
AcDbLine
 10
0.5440303
 20
0.9066268
 30
0.0
 11
0.5440303
 21
0.9343118
 31
0.0
  0
LINE
  5
994
330
1F
100
AcDbEntity
  8
Top Solder
100
AcDbLine
 10
0.5440303
 20
0.9343118
 30
0.0
 11
0.5874633
 21
0.9343118
 31
0.0
  0
LINE
  5
995
330
1F
100
AcDbEntity
  8
Top Solder
100
AcDbLine
 10
0.5874633
 20
0.9343118
 30
0.0
 11
0.5874633
 21
0.9066268
 31
0.0
  0
LINE
  5
996
330
1F
100
AcDbEntity
  8
Top Paste
100
AcDbLine
 10
0.5834633
 20
0.9421168
 30
0.0
 11
0.5480303
 21
0.9421168
 31
0.0
  0
LINE
  5
997
330
1F
100
AcDbEntity
  8
Top Paste
100
AcDbLine
 10
0.5480303
 20
0.9421168
 30
0.0
 11
0.5480303
 21
0.9618018
 31
0.0
  0
LINE
  5
998
330
1F
100
AcDbEntity
  8
Top Paste
100
AcDbLine
 10
0.5480303
 20
0.9618018
 30
0.0
 11
0.5834633
 21
0.9618018
 31
0.0
  0
LINE
  5
999
330
1F
100
AcDbEntity
  8
Top Paste
100
AcDbLine
 10
0.5834633
 20
0.9618018
 30
0.0
 11
0.5834633
 21
0.9421168
 31
0.0
  0
LINE
  5
99A
330
1F
100
AcDbEntity
  8
Top Solder
100
AcDbLine
 10
0.5874633
 20
0.9381168
 30
0.0
 11
0.5440303
 21
0.9381168
 31
0.0
  0
LINE
  5
99B
330
1F
100
AcDbEntity
  8
Top Solder
100
AcDbLine
 10
0.5440303
 20
0.9381168
 30
0.0
 11
0.5440303
 21
0.9658018
 31
0.0
  0
LINE
  5
99C
330
1F
100
AcDbEntity
  8
Top Solder
100
AcDbLine
 10
0.5440303
 20
0.9658018
 30
0.0
 11
0.5874633
 21
0.9658018
 31
0.0
  0
LINE
  5
99D
330
1F
100
AcDbEntity
  8
Top Solder
100
AcDbLine
 10
0.5874633
 20
0.9658018
 30
0.0
 11
0.5874633
 21
0.9381168
 31
0.0
  0
LINE
  5
99E
330
1F
100
AcDbEntity
  8
Top Paste
100
AcDbLine
 10
0.5834633
 20
0.9736168
 30
0.0
 11
0.5480303
 21
0.9736168
 31
0.0
  0
LINE
  5
99F
330
1F
100
AcDbEntity
  8
Top Paste
100
AcDbLine
 10
0.5480303
 20
0.9736168
 30
0.0
 11
0.5480303
 21
0.9933018
 31
0.0
  0
LINE
  5
9A0
330
1F
100
AcDbEntity
  8
Top Paste
100
AcDbLine
 10
0.5480303
 20
0.9933018
 30
0.0
 11
0.5834633
 21
0.9933018
 31
0.0
  0
LINE
  5
9A1
330
1F
100
AcDbEntity
  8
Top Paste
100
AcDbLine
 10
0.5834633
 20
0.9933018
 30
0.0
 11
0.5834633
 21
0.9736168
 31
0.0
  0
LINE
  5
9A2
330
1F
100
AcDbEntity
  8
Top Solder
100
AcDbLine
 10
0.5874633
 20
0.9696168
 30
0.0
 11
0.5440303
 21
0.9696168
 31
0.0
  0
LINE
  5
9A3
330
1F
100
AcDbEntity
  8
Top Solder
100
AcDbLine
 10
0.5440303
 20
0.9696168
 30
0.0
 11
0.5440303
 21
0.9973018
 31
0.0
  0
LINE
  5
9A4
330
1F
100
AcDbEntity
  8
Top Solder
100
AcDbLine
 10
0.5440303
 20
0.9973018
 30
0.0
 11
0.5874633
 21
0.9973018
 31
0.0
  0
LINE
  5
9A5
330
1F
100
AcDbEntity
  8
Top Solder
100
AcDbLine
 10
0.5874633
 20
0.9973018
 30
0.0
 11
0.5874633
 21
0.9696168
 31
0.0
  0
LINE
  5
9A6
330
1F
100
AcDbEntity
  8
Top Paste
100
AcDbLine
 10
0.5834633
 20
1.0051168
 30
0.0
 11
0.5480303
 21
1.0051168
 31
0.0
  0
LINE
  5
9A7
330
1F
100
AcDbEntity
  8
Top Paste
100
AcDbLine
 10
0.5480303
 20
1.0051168
 30
0.0
 11
0.5480303
 21
1.0248018
 31
0.0
  0
LINE
  5
9A8
330
1F
100
AcDbEntity
  8
Top Paste
100
AcDbLine
 10
0.5480303
 20
1.0248018
 30
0.0
 11
0.5834633
 21
1.0248018
 31
0.0
  0
LINE
  5
9A9
330
1F
100
AcDbEntity
  8
Top Paste
100
AcDbLine
 10
0.5834633
 20
1.0248018
 30
0.0
 11
0.5834633
 21
1.0051168
 31
0.0
  0
LINE
  5
9AA
330
1F
100
AcDbEntity
  8
Top Solder
100
AcDbLine
 10
0.5874633
 20
1.0011168
 30
0.0
 11
0.5440303
 21
1.0011168
 31
0.0
  0
LINE
  5
9AB
330
1F
100
AcDbEntity
  8
Top Solder
100
AcDbLine
 10
0.5440303
 20
1.0011168
 30
0.0
 11
0.5440303
 21
1.0288018
 31
0.0
  0
LINE
  5
9AC
330
1F
100
AcDbEntity
  8
Top Solder
100
AcDbLine
 10
0.5440303
 20
1.0288018
 30
0.0
 11
0.5874633
 21
1.0288018
 31
0.0
  0
LINE
  5
9AD
330
1F
100
AcDbEntity
  8
Top Solder
100
AcDbLine
 10
0.5874633
 20
1.0288018
 30
0.0
 11
0.5874633
 21
1.0011168
 31
0.0
  0
LINE
  5
9AE
330
1F
100
AcDbEntity
  8
Top Paste
100
AcDbLine
 10
0.5834633
 20
1.0366068
 30
0.0
 11
0.5480303
 21
1.0366068
 31
0.0
  0
LINE
  5
9AF
330
1F
100
AcDbEntity
  8
Top Paste
100
AcDbLine
 10
0.5480303
 20
1.0366068
 30
0.0
 11
0.5480303
 21
1.0562918
 31
0.0
  0
LINE
  5
9B0
330
1F
100
AcDbEntity
  8
Top Paste
100
AcDbLine
 10
0.5480303
 20
1.0562918
 30
0.0
 11
0.5834633
 21
1.0562918
 31
0.0
  0
LINE
  5
9B1
330
1F
100
AcDbEntity
  8
Top Paste
100
AcDbLine
 10
0.5834633
 20
1.0562918
 30
0.0
 11
0.5834633
 21
1.0366068
 31
0.0
  0
LINE
  5
9B2
330
1F
100
AcDbEntity
  8
Top Solder
100
AcDbLine
 10
0.5874633
 20
1.0326068
 30
0.0
 11
0.5440303
 21
1.0326068
 31
0.0
  0
LINE
  5
9B3
330
1F
100
AcDbEntity
  8
Top Solder
100
AcDbLine
 10
0.5440303
 20
1.0326068
 30
0.0
 11
0.5440303
 21
1.0602918
 31
0.0
  0
LINE
  5
9B4
330
1F
100
AcDbEntity
  8
Top Solder
100
AcDbLine
 10
0.5440303
 20
1.0602918
 30
0.0
 11
0.5874633
 21
1.0602918
 31
0.0
  0
LINE
  5
9B5
330
1F
100
AcDbEntity
  8
Top Solder
100
AcDbLine
 10
0.5874633
 20
1.0602918
 30
0.0
 11
0.5874633
 21
1.0326068
 31
0.0
  0
LINE
  5
9B6
330
1F
100
AcDbEntity
  8
Top Paste
100
AcDbLine
 10
0.5834633
 20
1.0681068
 30
0.0
 11
0.5480303
 21
1.0681068
 31
0.0
  0
LINE
  5
9B7
330
1F
100
AcDbEntity
  8
Top Paste
100
AcDbLine
 10
0.5480303
 20
1.0681068
 30
0.0
 11
0.5480303
 21
1.0877918
 31
0.0
  0
LINE
  5
9B8
330
1F
100
AcDbEntity
  8
Top Paste
100
AcDbLine
 10
0.5480303
 20
1.0877918
 30
0.0
 11
0.5834633
 21
1.0877918
 31
0.0
  0
LINE
  5
9B9
330
1F
100
AcDbEntity
  8
Top Paste
100
AcDbLine
 10
0.5834633
 20
1.0877918
 30
0.0
 11
0.5834633
 21
1.0681068
 31
0.0
  0
LINE
  5
9BA
330
1F
100
AcDbEntity
  8
Top Solder
100
AcDbLine
 10
0.5874633
 20
1.0641068
 30
0.0
 11
0.5440303
 21
1.0641068
 31
0.0
  0
LINE
  5
9BB
330
1F
100
AcDbEntity
  8
Top Solder
100
AcDbLine
 10
0.5440303
 20
1.0641068
 30
0.0
 11
0.5440303
 21
1.0917918
 31
0.0
  0
LINE
  5
9BC
330
1F
100
AcDbEntity
  8
Top Solder
100
AcDbLine
 10
0.5440303
 20
1.0917918
 30
0.0
 11
0.5874633
 21
1.0917918
 31
0.0
  0
LINE
  5
9BD
330
1F
100
AcDbEntity
  8
Top Solder
100
AcDbLine
 10
0.5874633
 20
1.0917918
 30
0.0
 11
0.5874633
 21
1.0641068
 31
0.0
  0
LINE
  5
9BE
330
1F
100
AcDbEntity
  8
Top Paste
100
AcDbLine
 10
0.5834633
 20
1.0995968
 30
0.0
 11
0.5480303
 21
1.0995968
 31
0.0
  0
LINE
  5
9BF
330
1F
100
AcDbEntity
  8
Top Paste
100
AcDbLine
 10
0.5480303
 20
1.0995968
 30
0.0
 11
0.5480303
 21
1.1192818
 31
0.0
  0
LINE
  5
9C0
330
1F
100
AcDbEntity
  8
Top Paste
100
AcDbLine
 10
0.5480303
 20
1.1192818
 30
0.0
 11
0.5834633
 21
1.1192818
 31
0.0
  0
LINE
  5
9C1
330
1F
100
AcDbEntity
  8
Top Paste
100
AcDbLine
 10
0.5834633
 20
1.1192818
 30
0.0
 11
0.5834633
 21
1.0995968
 31
0.0
  0
LINE
  5
9C2
330
1F
100
AcDbEntity
  8
Top Solder
100
AcDbLine
 10
0.5874633
 20
1.0955968
 30
0.0
 11
0.5440303
 21
1.0955968
 31
0.0
  0
LINE
  5
9C3
330
1F
100
AcDbEntity
  8
Top Solder
100
AcDbLine
 10
0.5440303
 20
1.0955968
 30
0.0
 11
0.5440303
 21
1.1232818
 31
0.0
  0
LINE
  5
9C4
330
1F
100
AcDbEntity
  8
Top Solder
100
AcDbLine
 10
0.5440303
 20
1.1232818
 30
0.0
 11
0.5874633
 21
1.1232818
 31
0.0
  0
LINE
  5
9C5
330
1F
100
AcDbEntity
  8
Top Solder
100
AcDbLine
 10
0.5874633
 20
1.1232818
 30
0.0
 11
0.5874633
 21
1.0955968
 31
0.0
  0
LINE
  5
9C6
330
1F
100
AcDbEntity
  8
Top Paste
100
AcDbLine
 10
0.5834633
 20
1.1310968
 30
0.0
 11
0.5480303
 21
1.1310968
 31
0.0
  0
LINE
  5
9C7
330
1F
100
AcDbEntity
  8
Top Paste
100
AcDbLine
 10
0.5480303
 20
1.1310968
 30
0.0
 11
0.5480303
 21
1.1507818
 31
0.0
  0
LINE
  5
9C8
330
1F
100
AcDbEntity
  8
Top Paste
100
AcDbLine
 10
0.5480303
 20
1.1507818
 30
0.0
 11
0.5834633
 21
1.1507818
 31
0.0
  0
LINE
  5
9C9
330
1F
100
AcDbEntity
  8
Top Paste
100
AcDbLine
 10
0.5834633
 20
1.1507818
 30
0.0
 11
0.5834633
 21
1.1310968
 31
0.0
  0
LINE
  5
9CA
330
1F
100
AcDbEntity
  8
Top Solder
100
AcDbLine
 10
0.5874633
 20
1.1270968
 30
0.0
 11
0.5440303
 21
1.1270968
 31
0.0
  0
LINE
  5
9CB
330
1F
100
AcDbEntity
  8
Top Solder
100
AcDbLine
 10
0.5440303
 20
1.1270968
 30
0.0
 11
0.5440303
 21
1.1547818
 31
0.0
  0
LINE
  5
9CC
330
1F
100
AcDbEntity
  8
Top Solder
100
AcDbLine
 10
0.5440303
 20
1.1547818
 30
0.0
 11
0.5874633
 21
1.1547818
 31
0.0
  0
LINE
  5
9CD
330
1F
100
AcDbEntity
  8
Top Solder
100
AcDbLine
 10
0.5874633
 20
1.1547818
 30
0.0
 11
0.5874633
 21
1.1270968
 31
0.0
  0
LINE
  5
9CE
330
1F
100
AcDbEntity
  8
Top Paste
100
AcDbLine
 10
0.5834633
 20
1.1625968
 30
0.0
 11
0.5480303
 21
1.1625968
 31
0.0
  0
LINE
  5
9CF
330
1F
100
AcDbEntity
  8
Top Paste
100
AcDbLine
 10
0.5480303
 20
1.1625968
 30
0.0
 11
0.5480303
 21
1.1822818
 31
0.0
  0
LINE
  5
9D0
330
1F
100
AcDbEntity
  8
Top Paste
100
AcDbLine
 10
0.5480303
 20
1.1822818
 30
0.0
 11
0.5834633
 21
1.1822818
 31
0.0
  0
LINE
  5
9D1
330
1F
100
AcDbEntity
  8
Top Paste
100
AcDbLine
 10
0.5834633
 20
1.1822818
 30
0.0
 11
0.5834633
 21
1.1625968
 31
0.0
  0
LINE
  5
9D2
330
1F
100
AcDbEntity
  8
Top Solder
100
AcDbLine
 10
0.5874633
 20
1.1585968
 30
0.0
 11
0.5440303
 21
1.1585968
 31
0.0
  0
LINE
  5
9D3
330
1F
100
AcDbEntity
  8
Top Solder
100
AcDbLine
 10
0.5440303
 20
1.1585968
 30
0.0
 11
0.5440303
 21
1.1862818
 31
0.0
  0
LINE
  5
9D4
330
1F
100
AcDbEntity
  8
Top Solder
100
AcDbLine
 10
0.5440303
 20
1.1862818
 30
0.0
 11
0.5874633
 21
1.1862818
 31
0.0
  0
LINE
  5
9D5
330
1F
100
AcDbEntity
  8
Top Solder
100
AcDbLine
 10
0.5874633
 20
1.1862818
 30
0.0
 11
0.5874633
 21
1.1585968
 31
0.0
  0
LINE
  5
9D6
330
1F
100
AcDbEntity
  8
Top Paste
100
AcDbLine
 10
0.5834633
 20
1.1940868
 30
0.0
 11
0.5480303
 21
1.1940868
 31
0.0
  0
LINE
  5
9D7
330
1F
100
AcDbEntity
  8
Top Paste
100
AcDbLine
 10
0.5480303
 20
1.1940868
 30
0.0
 11
0.5480303
 21
1.2137718
 31
0.0
  0
LINE
  5
9D8
330
1F
100
AcDbEntity
  8
Top Paste
100
AcDbLine
 10
0.5480303
 20
1.2137718
 30
0.0
 11
0.5834633
 21
1.2137718
 31
0.0
  0
LINE
  5
9D9
330
1F
100
AcDbEntity
  8
Top Paste
100
AcDbLine
 10
0.5834633
 20
1.2137718
 30
0.0
 11
0.5834633
 21
1.1940868
 31
0.0
  0
LINE
  5
9DA
330
1F
100
AcDbEntity
  8
Top Solder
100
AcDbLine
 10
0.5874633
 20
1.1900868
 30
0.0
 11
0.5440303
 21
1.1900868
 31
0.0
  0
LINE
  5
9DB
330
1F
100
AcDbEntity
  8
Top Solder
100
AcDbLine
 10
0.5440303
 20
1.1900868
 30
0.0
 11
0.5440303
 21
1.2177718
 31
0.0
  0
LINE
  5
9DC
330
1F
100
AcDbEntity
  8
Top Solder
100
AcDbLine
 10
0.5440303
 20
1.2177718
 30
0.0
 11
0.5874633
 21
1.2177718
 31
0.0
  0
LINE
  5
9DD
330
1F
100
AcDbEntity
  8
Top Solder
100
AcDbLine
 10
0.5874633
 20
1.2177718
 30
0.0
 11
0.5874633
 21
1.1900868
 31
0.0
  0
LINE
  5
9DE
330
1F
100
AcDbEntity
  8
Top Paste
100
AcDbLine
 10
0.5834633
 20
1.2255868
 30
0.0
 11
0.5480303
 21
1.2255868
 31
0.0
  0
LINE
  5
9DF
330
1F
100
AcDbEntity
  8
Top Paste
100
AcDbLine
 10
0.5480303
 20
1.2255868
 30
0.0
 11
0.5480303
 21
1.2452718
 31
0.0
  0
LINE
  5
9E0
330
1F
100
AcDbEntity
  8
Top Paste
100
AcDbLine
 10
0.5480303
 20
1.2452718
 30
0.0
 11
0.5834633
 21
1.2452718
 31
0.0
  0
LINE
  5
9E1
330
1F
100
AcDbEntity
  8
Top Paste
100
AcDbLine
 10
0.5834633
 20
1.2452718
 30
0.0
 11
0.5834633
 21
1.2255868
 31
0.0
  0
LINE
  5
9E2
330
1F
100
AcDbEntity
  8
Top Solder
100
AcDbLine
 10
0.5874633
 20
1.2215868
 30
0.0
 11
0.5440303
 21
1.2215868
 31
0.0
  0
LINE
  5
9E3
330
1F
100
AcDbEntity
  8
Top Solder
100
AcDbLine
 10
0.5440303
 20
1.2215868
 30
0.0
 11
0.5440303
 21
1.2492718
 31
0.0
  0
LINE
  5
9E4
330
1F
100
AcDbEntity
  8
Top Solder
100
AcDbLine
 10
0.5440303
 20
1.2492718
 30
0.0
 11
0.5874633
 21
1.2492718
 31
0.0
  0
LINE
  5
9E5
330
1F
100
AcDbEntity
  8
Top Solder
100
AcDbLine
 10
0.5874633
 20
1.2492718
 30
0.0
 11
0.5874633
 21
1.2215868
 31
0.0
  0
LINE
  5
9E6
330
1F
100
AcDbEntity
  8
Top Paste
100
AcDbLine
 10
0.5401593
 20
1.2964558
 30
0.0
 11
0.5401593
 21
1.2610228
 31
0.0
  0
LINE
  5
9E7
330
1F
100
AcDbEntity
  8
Top Paste
100
AcDbLine
 10
0.5401593
 20
1.2610228
 30
0.0
 11
0.5204743
 21
1.2610228
 31
0.0
  0
LINE
  5
9E8
330
1F
100
AcDbEntity
  8
Top Paste
100
AcDbLine
 10
0.5204743
 20
1.2610228
 30
0.0
 11
0.5204743
 21
1.2964558
 31
0.0
  0
LINE
  5
9E9
330
1F
100
AcDbEntity
  8
Top Paste
100
AcDbLine
 10
0.5204743
 20
1.2964558
 30
0.0
 11
0.5401593
 21
1.2964558
 31
0.0
  0
LINE
  5
9EA
330
1F
100
AcDbEntity
  8
Top Solder
100
AcDbLine
 10
0.5441593
 20
1.3004558
 30
0.0
 11
0.5441593
 21
1.2570228
 31
0.0
  0
LINE
  5
9EB
330
1F
100
AcDbEntity
  8
Top Solder
100
AcDbLine
 10
0.5441593
 20
1.2570228
 30
0.0
 11
0.5164743
 21
1.2570228
 31
0.0
  0
LINE
  5
9EC
330
1F
100
AcDbEntity
  8
Top Solder
100
AcDbLine
 10
0.5164743
 20
1.2570228
 30
0.0
 11
0.5164743
 21
1.3004558
 31
0.0
  0
LINE
  5
9ED
330
1F
100
AcDbEntity
  8
Top Solder
100
AcDbLine
 10
0.5164743
 20
1.3004558
 30
0.0
 11
0.5441593
 21
1.3004558
 31
0.0
  0
LINE
  5
9EE
330
1F
100
AcDbEntity
  8
Top Paste
100
AcDbLine
 10
0.5086693
 20
1.2964558
 30
0.0
 11
0.5086693
 21
1.2610228
 31
0.0
  0
LINE
  5
9EF
330
1F
100
AcDbEntity
  8
Top Paste
100
AcDbLine
 10
0.5086693
 20
1.2610228
 30
0.0
 11
0.4889843
 21
1.2610228
 31
0.0
  0
LINE
  5
9F0
330
1F
100
AcDbEntity
  8
Top Paste
100
AcDbLine
 10
0.4889843
 20
1.2610228
 30
0.0
 11
0.4889843
 21
1.2964558
 31
0.0
  0
LINE
  5
9F1
330
1F
100
AcDbEntity
  8
Top Paste
100
AcDbLine
 10
0.4889843
 20
1.2964558
 30
0.0
 11
0.5086693
 21
1.2964558
 31
0.0
  0
LINE
  5
9F2
330
1F
100
AcDbEntity
  8
Top Solder
100
AcDbLine
 10
0.5126693
 20
1.3004558
 30
0.0
 11
0.5126693
 21
1.2570228
 31
0.0
  0
LINE
  5
9F3
330
1F
100
AcDbEntity
  8
Top Solder
100
AcDbLine
 10
0.5126693
 20
1.2570228
 30
0.0
 11
0.4849843
 21
1.2570228
 31
0.0
  0
LINE
  5
9F4
330
1F
100
AcDbEntity
  8
Top Solder
100
AcDbLine
 10
0.4849843
 20
1.2570228
 30
0.0
 11
0.4849843
 21
1.3004558
 31
0.0
  0
LINE
  5
9F5
330
1F
100
AcDbEntity
  8
Top Solder
100
AcDbLine
 10
0.4849843
 20
1.3004558
 30
0.0
 11
0.5126693
 21
1.3004558
 31
0.0
  0
LINE
  5
9F6
330
1F
100
AcDbEntity
  8
Top Paste
100
AcDbLine
 10
0.4771693
 20
1.2964558
 30
0.0
 11
0.4771693
 21
1.2610228
 31
0.0
  0
LINE
  5
9F7
330
1F
100
AcDbEntity
  8
Top Paste
100
AcDbLine
 10
0.4771693
 20
1.2610228
 30
0.0
 11
0.4574843
 21
1.2610228
 31
0.0
  0
LINE
  5
9F8
330
1F
100
AcDbEntity
  8
Top Paste
100
AcDbLine
 10
0.4574843
 20
1.2610228
 30
0.0
 11
0.4574843
 21
1.2964558
 31
0.0
  0
LINE
  5
9F9
330
1F
100
AcDbEntity
  8
Top Paste
100
AcDbLine
 10
0.4574843
 20
1.2964558
 30
0.0
 11
0.4771693
 21
1.2964558
 31
0.0
  0
LINE
  5
9FA
330
1F
100
AcDbEntity
  8
Top Solder
100
AcDbLine
 10
0.4811693
 20
1.3004558
 30
0.0
 11
0.4811693
 21
1.2570228
 31
0.0
  0
LINE
  5
9FB
330
1F
100
AcDbEntity
  8
Top Solder
100
AcDbLine
 10
0.4811693
 20
1.2570228
 30
0.0
 11
0.4534843
 21
1.2570228
 31
0.0
  0
LINE
  5
9FC
330
1F
100
AcDbEntity
  8
Top Solder
100
AcDbLine
 10
0.4534843
 20
1.2570228
 30
0.0
 11
0.4534843
 21
1.3004558
 31
0.0
  0
LINE
  5
9FD
330
1F
100
AcDbEntity
  8
Top Solder
100
AcDbLine
 10
0.4534843
 20
1.3004558
 30
0.0
 11
0.4811693
 21
1.3004558
 31
0.0
  0
LINE
  5
9FE
330
1F
100
AcDbEntity
  8
Top Paste
100
AcDbLine
 10
0.4456693
 20
1.2964558
 30
0.0
 11
0.4456693
 21
1.2610228
 31
0.0
  0
LINE
  5
9FF
330
1F
100
AcDbEntity
  8
Top Paste
100
AcDbLine
 10
0.4456693
 20
1.2610228
 30
0.0
 11
0.4259843
 21
1.2610228
 31
0.0
  0
LINE
  5
A00
330
1F
100
AcDbEntity
  8
Top Paste
100
AcDbLine
 10
0.4259843
 20
1.2610228
 30
0.0
 11
0.4259843
 21
1.2964558
 31
0.0
  0
LINE
  5
A01
330
1F
100
AcDbEntity
  8
Top Paste
100
AcDbLine
 10
0.4259843
 20
1.2964558
 30
0.0
 11
0.4456693
 21
1.2964558
 31
0.0
  0
LINE
  5
A02
330
1F
100
AcDbEntity
  8
Top Solder
100
AcDbLine
 10
0.4496693
 20
1.3004558
 30
0.0
 11
0.4496693
 21
1.2570228
 31
0.0
  0
LINE
  5
A03
330
1F
100
AcDbEntity
  8
Top Solder
100
AcDbLine
 10
0.4496693
 20
1.2570228
 30
0.0
 11
0.4219843
 21
1.2570228
 31
0.0
  0
LINE
  5
A04
330
1F
100
AcDbEntity
  8
Top Solder
100
AcDbLine
 10
0.4219843
 20
1.2570228
 30
0.0
 11
0.4219843
 21
1.3004558
 31
0.0
  0
LINE
  5
A05
330
1F
100
AcDbEntity
  8
Top Solder
100
AcDbLine
 10
0.4219843
 20
1.3004558
 30
0.0
 11
0.4496693
 21
1.3004558
 31
0.0
  0
LINE
  5
A06
330
1F
100
AcDbEntity
  8
Top Paste
100
AcDbLine
 10
0.4141793
 20
1.2964558
 30
0.0
 11
0.4141793
 21
1.2610228
 31
0.0
  0
LINE
  5
A07
330
1F
100
AcDbEntity
  8
Top Paste
100
AcDbLine
 10
0.4141793
 20
1.2610228
 30
0.0
 11
0.3944943
 21
1.2610228
 31
0.0
  0
LINE
  5
A08
330
1F
100
AcDbEntity
  8
Top Paste
100
AcDbLine
 10
0.3944943
 20
1.2610228
 30
0.0
 11
0.3944943
 21
1.2964558
 31
0.0
  0
LINE
  5
A09
330
1F
100
AcDbEntity
  8
Top Paste
100
AcDbLine
 10
0.3944943
 20
1.2964558
 30
0.0
 11
0.4141793
 21
1.2964558
 31
0.0
  0
LINE
  5
A0A
330
1F
100
AcDbEntity
  8
Top Solder
100
AcDbLine
 10
0.4181793
 20
1.3004558
 30
0.0
 11
0.4181793
 21
1.2570228
 31
0.0
  0
LINE
  5
A0B
330
1F
100
AcDbEntity
  8
Top Solder
100
AcDbLine
 10
0.4181793
 20
1.2570228
 30
0.0
 11
0.3904943
 21
1.2570228
 31
0.0
  0
LINE
  5
A0C
330
1F
100
AcDbEntity
  8
Top Solder
100
AcDbLine
 10
0.3904943
 20
1.2570228
 30
0.0
 11
0.3904943
 21
1.3004558
 31
0.0
  0
LINE
  5
A0D
330
1F
100
AcDbEntity
  8
Top Solder
100
AcDbLine
 10
0.3904943
 20
1.3004558
 30
0.0
 11
0.4181793
 21
1.3004558
 31
0.0
  0
LINE
  5
A0E
330
1F
100
AcDbEntity
  8
Top Paste
100
AcDbLine
 10
0.3826793
 20
1.2964558
 30
0.0
 11
0.3826793
 21
1.2610228
 31
0.0
  0
LINE
  5
A0F
330
1F
100
AcDbEntity
  8
Top Paste
100
AcDbLine
 10
0.3826793
 20
1.2610228
 30
0.0
 11
0.3629943
 21
1.2610228
 31
0.0
  0
LINE
  5
A10
330
1F
100
AcDbEntity
  8
Top Paste
100
AcDbLine
 10
0.3629943
 20
1.2610228
 30
0.0
 11
0.3629943
 21
1.2964558
 31
0.0
  0
LINE
  5
A11
330
1F
100
AcDbEntity
  8
Top Paste
100
AcDbLine
 10
0.3629943
 20
1.2964558
 30
0.0
 11
0.3826793
 21
1.2964558
 31
0.0
  0
LINE
  5
A12
330
1F
100
AcDbEntity
  8
Top Solder
100
AcDbLine
 10
0.3866793
 20
1.3004558
 30
0.0
 11
0.3866793
 21
1.2570228
 31
0.0
  0
LINE
  5
A13
330
1F
100
AcDbEntity
  8
Top Solder
100
AcDbLine
 10
0.3866793
 20
1.2570228
 30
0.0
 11
0.3589943
 21
1.2570228
 31
0.0
  0
LINE
  5
A14
330
1F
100
AcDbEntity
  8
Top Solder
100
AcDbLine
 10
0.3589943
 20
1.2570228
 30
0.0
 11
0.3589943
 21
1.3004558
 31
0.0
  0
LINE
  5
A15
330
1F
100
AcDbEntity
  8
Top Solder
100
AcDbLine
 10
0.3589943
 20
1.3004558
 30
0.0
 11
0.3866793
 21
1.3004558
 31
0.0
  0
LINE
  5
A16
330
1F
100
AcDbEntity
  8
Top Paste
100
AcDbLine
 10
0.3511893
 20
1.2964558
 30
0.0
 11
0.3511893
 21
1.2610228
 31
0.0
  0
LINE
  5
A17
330
1F
100
AcDbEntity
  8
Top Paste
100
AcDbLine
 10
0.3511893
 20
1.2610228
 30
0.0
 11
0.3315043
 21
1.2610228
 31
0.0
  0
LINE
  5
A18
330
1F
100
AcDbEntity
  8
Top Paste
100
AcDbLine
 10
0.3315043
 20
1.2610228
 30
0.0
 11
0.3315043
 21
1.2964558
 31
0.0
  0
LINE
  5
A19
330
1F
100
AcDbEntity
  8
Top Paste
100
AcDbLine
 10
0.3315043
 20
1.2964558
 30
0.0
 11
0.3511893
 21
1.2964558
 31
0.0
  0
LINE
  5
A1A
330
1F
100
AcDbEntity
  8
Top Solder
100
AcDbLine
 10
0.3551893
 20
1.3004558
 30
0.0
 11
0.3551893
 21
1.2570228
 31
0.0
  0
LINE
  5
A1B
330
1F
100
AcDbEntity
  8
Top Solder
100
AcDbLine
 10
0.3551893
 20
1.2570228
 30
0.0
 11
0.3275043
 21
1.2570228
 31
0.0
  0
LINE
  5
A1C
330
1F
100
AcDbEntity
  8
Top Solder
100
AcDbLine
 10
0.3275043
 20
1.2570228
 30
0.0
 11
0.3275043
 21
1.3004558
 31
0.0
  0
LINE
  5
A1D
330
1F
100
AcDbEntity
  8
Top Solder
100
AcDbLine
 10
0.3275043
 20
1.3004558
 30
0.0
 11
0.3551893
 21
1.3004558
 31
0.0
  0
LINE
  5
A1E
330
1F
100
AcDbEntity
  8
Top Paste
100
AcDbLine
 10
0.3196893
 20
1.2964558
 30
0.0
 11
0.3196893
 21
1.2610228
 31
0.0
  0
LINE
  5
A1F
330
1F
100
AcDbEntity
  8
Top Paste
100
AcDbLine
 10
0.3196893
 20
1.2610228
 30
0.0
 11
0.3000043
 21
1.2610228
 31
0.0
  0
LINE
  5
A20
330
1F
100
AcDbEntity
  8
Top Paste
100
AcDbLine
 10
0.3000043
 20
1.2610228
 30
0.0
 11
0.3000043
 21
1.2964558
 31
0.0
  0
LINE
  5
A21
330
1F
100
AcDbEntity
  8
Top Paste
100
AcDbLine
 10
0.3000043
 20
1.2964558
 30
0.0
 11
0.3196893
 21
1.2964558
 31
0.0
  0
LINE
  5
A22
330
1F
100
AcDbEntity
  8
Top Solder
100
AcDbLine
 10
0.3236893
 20
1.3004558
 30
0.0
 11
0.3236893
 21
1.2570228
 31
0.0
  0
LINE
  5
A23
330
1F
100
AcDbEntity
  8
Top Solder
100
AcDbLine
 10
0.3236893
 20
1.2570228
 30
0.0
 11
0.2960043
 21
1.2570228
 31
0.0
  0
LINE
  5
A24
330
1F
100
AcDbEntity
  8
Top Solder
100
AcDbLine
 10
0.2960043
 20
1.2570228
 30
0.0
 11
0.2960043
 21
1.3004558
 31
0.0
  0
LINE
  5
A25
330
1F
100
AcDbEntity
  8
Top Solder
100
AcDbLine
 10
0.2960043
 20
1.3004558
 30
0.0
 11
0.3236893
 21
1.3004558
 31
0.0
  0
LINE
  5
A26
330
1F
100
AcDbEntity
  8
Top Paste
100
AcDbLine
 10
0.2881893
 20
1.2964558
 30
0.0
 11
0.2881893
 21
1.2610228
 31
0.0
  0
LINE
  5
A27
330
1F
100
AcDbEntity
  8
Top Paste
100
AcDbLine
 10
0.2881893
 20
1.2610228
 30
0.0
 11
0.2685043
 21
1.2610228
 31
0.0
  0
LINE
  5
A28
330
1F
100
AcDbEntity
  8
Top Paste
100
AcDbLine
 10
0.2685043
 20
1.2610228
 30
0.0
 11
0.2685043
 21
1.2964558
 31
0.0
  0
LINE
  5
A29
330
1F
100
AcDbEntity
  8
Top Paste
100
AcDbLine
 10
0.2685043
 20
1.2964558
 30
0.0
 11
0.2881893
 21
1.2964558
 31
0.0
  0
LINE
  5
A2A
330
1F
100
AcDbEntity
  8
Top Solder
100
AcDbLine
 10
0.2921893
 20
1.3004558
 30
0.0
 11
0.2921893
 21
1.2570228
 31
0.0
  0
LINE
  5
A2B
330
1F
100
AcDbEntity
  8
Top Solder
100
AcDbLine
 10
0.2921893
 20
1.2570228
 30
0.0
 11
0.2645043
 21
1.2570228
 31
0.0
  0
LINE
  5
A2C
330
1F
100
AcDbEntity
  8
Top Solder
100
AcDbLine
 10
0.2645043
 20
1.2570228
 30
0.0
 11
0.2645043
 21
1.3004558
 31
0.0
  0
LINE
  5
A2D
330
1F
100
AcDbEntity
  8
Top Solder
100
AcDbLine
 10
0.2645043
 20
1.3004558
 30
0.0
 11
0.2921893
 21
1.3004558
 31
0.0
  0
LINE
  5
A2E
330
1F
100
AcDbEntity
  8
Top Paste
100
AcDbLine
 10
0.2252003
 20
1.2452718
 30
0.0
 11
0.2606333
 21
1.2452718
 31
0.0
  0
LINE
  5
A2F
330
1F
100
AcDbEntity
  8
Top Paste
100
AcDbLine
 10
0.2606333
 20
1.2452718
 30
0.0
 11
0.2606333
 21
1.2255868
 31
0.0
  0
LINE
  5
A30
330
1F
100
AcDbEntity
  8
Top Paste
100
AcDbLine
 10
0.2606333
 20
1.2255868
 30
0.0
 11
0.2252003
 21
1.2255868
 31
0.0
  0
LINE
  5
A31
330
1F
100
AcDbEntity
  8
Top Paste
100
AcDbLine
 10
0.2252003
 20
1.2255868
 30
0.0
 11
0.2252003
 21
1.2452718
 31
0.0
  0
LINE
  5
A32
330
1F
100
AcDbEntity
  8
Top Solder
100
AcDbLine
 10
0.2212003
 20
1.2492718
 30
0.0
 11
0.2646333
 21
1.2492718
 31
0.0
  0
LINE
  5
A33
330
1F
100
AcDbEntity
  8
Top Solder
100
AcDbLine
 10
0.2646333
 20
1.2492718
 30
0.0
 11
0.2646333
 21
1.2215868
 31
0.0
  0
LINE
  5
A34
330
1F
100
AcDbEntity
  8
Top Solder
100
AcDbLine
 10
0.2646333
 20
1.2215868
 30
0.0
 11
0.2212003
 21
1.2215868
 31
0.0
  0
LINE
  5
A35
330
1F
100
AcDbEntity
  8
Top Solder
100
AcDbLine
 10
0.2212003
 20
1.2215868
 30
0.0
 11
0.2212003
 21
1.2492718
 31
0.0
  0
LINE
  5
A36
330
1F
100
AcDbEntity
  8
Top Paste
100
AcDbLine
 10
0.2252003
 20
1.2137718
 30
0.0
 11
0.2606333
 21
1.2137718
 31
0.0
  0
LINE
  5
A37
330
1F
100
AcDbEntity
  8
Top Paste
100
AcDbLine
 10
0.2606333
 20
1.2137718
 30
0.0
 11
0.2606333
 21
1.1940868
 31
0.0
  0
LINE
  5
A38
330
1F
100
AcDbEntity
  8
Top Paste
100
AcDbLine
 10
0.2606333
 20
1.1940868
 30
0.0
 11
0.2252003
 21
1.1940868
 31
0.0
  0
LINE
  5
A39
330
1F
100
AcDbEntity
  8
Top Paste
100
AcDbLine
 10
0.2252003
 20
1.1940868
 30
0.0
 11
0.2252003
 21
1.2137718
 31
0.0
  0
LINE
  5
A3A
330
1F
100
AcDbEntity
  8
Top Solder
100
AcDbLine
 10
0.2212003
 20
1.2177718
 30
0.0
 11
0.2646333
 21
1.2177718
 31
0.0
  0
LINE
  5
A3B
330
1F
100
AcDbEntity
  8
Top Solder
100
AcDbLine
 10
0.2646333
 20
1.2177718
 30
0.0
 11
0.2646333
 21
1.1900868
 31
0.0
  0
LINE
  5
A3C
330
1F
100
AcDbEntity
  8
Top Solder
100
AcDbLine
 10
0.2646333
 20
1.1900868
 30
0.0
 11
0.2212003
 21
1.1900868
 31
0.0
  0
LINE
  5
A3D
330
1F
100
AcDbEntity
  8
Top Solder
100
AcDbLine
 10
0.2212003
 20
1.1900868
 30
0.0
 11
0.2212003
 21
1.2177718
 31
0.0
  0
LINE
  5
A3E
330
1F
100
AcDbEntity
  8
Top Paste
100
AcDbLine
 10
0.2252003
 20
1.1822818
 30
0.0
 11
0.2606333
 21
1.1822818
 31
0.0
  0
LINE
  5
A3F
330
1F
100
AcDbEntity
  8
Top Paste
100
AcDbLine
 10
0.2606333
 20
1.1822818
 30
0.0
 11
0.2606333
 21
1.1625968
 31
0.0
  0
LINE
  5
A40
330
1F
100
AcDbEntity
  8
Top Paste
100
AcDbLine
 10
0.2606333
 20
1.1625968
 30
0.0
 11
0.2252003
 21
1.1625968
 31
0.0
  0
LINE
  5
A41
330
1F
100
AcDbEntity
  8
Top Paste
100
AcDbLine
 10
0.2252003
 20
1.1625968
 30
0.0
 11
0.2252003
 21
1.1822818
 31
0.0
  0
LINE
  5
A42
330
1F
100
AcDbEntity
  8
Top Solder
100
AcDbLine
 10
0.2212003
 20
1.1862818
 30
0.0
 11
0.2646333
 21
1.1862818
 31
0.0
  0
LINE
  5
A43
330
1F
100
AcDbEntity
  8
Top Solder
100
AcDbLine
 10
0.2646333
 20
1.1862818
 30
0.0
 11
0.2646333
 21
1.1585968
 31
0.0
  0
LINE
  5
A44
330
1F
100
AcDbEntity
  8
Top Solder
100
AcDbLine
 10
0.2646333
 20
1.1585968
 30
0.0
 11
0.2212003
 21
1.1585968
 31
0.0
  0
LINE
  5
A45
330
1F
100
AcDbEntity
  8
Top Solder
100
AcDbLine
 10
0.2212003
 20
1.1585968
 30
0.0
 11
0.2212003
 21
1.1862818
 31
0.0
  0
LINE
  5
A46
330
1F
100
AcDbEntity
  8
Top Paste
100
AcDbLine
 10
0.2252003
 20
1.1507818
 30
0.0
 11
0.2606333
 21
1.1507818
 31
0.0
  0
LINE
  5
A47
330
1F
100
AcDbEntity
  8
Top Paste
100
AcDbLine
 10
0.2606333
 20
1.1507818
 30
0.0
 11
0.2606333
 21
1.1310968
 31
0.0
  0
LINE
  5
A48
330
1F
100
AcDbEntity
  8
Top Paste
100
AcDbLine
 10
0.2606333
 20
1.1310968
 30
0.0
 11
0.2252003
 21
1.1310968
 31
0.0
  0
LINE
  5
A49
330
1F
100
AcDbEntity
  8
Top Paste
100
AcDbLine
 10
0.2252003
 20
1.1310968
 30
0.0
 11
0.2252003
 21
1.1507818
 31
0.0
  0
LINE
  5
A4A
330
1F
100
AcDbEntity
  8
Top Solder
100
AcDbLine
 10
0.2212003
 20
1.1547818
 30
0.0
 11
0.2646333
 21
1.1547818
 31
0.0
  0
LINE
  5
A4B
330
1F
100
AcDbEntity
  8
Top Solder
100
AcDbLine
 10
0.2646333
 20
1.1547818
 30
0.0
 11
0.2646333
 21
1.1270968
 31
0.0
  0
LINE
  5
A4C
330
1F
100
AcDbEntity
  8
Top Solder
100
AcDbLine
 10
0.2646333
 20
1.1270968
 30
0.0
 11
0.2212003
 21
1.1270968
 31
0.0
  0
LINE
  5
A4D
330
1F
100
AcDbEntity
  8
Top Solder
100
AcDbLine
 10
0.2212003
 20
1.1270968
 30
0.0
 11
0.2212003
 21
1.1547818
 31
0.0
  0
LINE
  5
A4E
330
1F
100
AcDbEntity
  8
Top Paste
100
AcDbLine
 10
0.2252003
 20
1.1192818
 30
0.0
 11
0.2606333
 21
1.1192818
 31
0.0
  0
LINE
  5
A4F
330
1F
100
AcDbEntity
  8
Top Paste
100
AcDbLine
 10
0.2606333
 20
1.1192818
 30
0.0
 11
0.2606333
 21
1.0995968
 31
0.0
  0
LINE
  5
A50
330
1F
100
AcDbEntity
  8
Top Paste
100
AcDbLine
 10
0.2606333
 20
1.0995968
 30
0.0
 11
0.2252003
 21
1.0995968
 31
0.0
  0
LINE
  5
A51
330
1F
100
AcDbEntity
  8
Top Paste
100
AcDbLine
 10
0.2252003
 20
1.0995968
 30
0.0
 11
0.2252003
 21
1.1192818
 31
0.0
  0
LINE
  5
A52
330
1F
100
AcDbEntity
  8
Top Solder
100
AcDbLine
 10
0.2212003
 20
1.1232818
 30
0.0
 11
0.2646333
 21
1.1232818
 31
0.0
  0
LINE
  5
A53
330
1F
100
AcDbEntity
  8
Top Solder
100
AcDbLine
 10
0.2646333
 20
1.1232818
 30
0.0
 11
0.2646333
 21
1.0955968
 31
0.0
  0
LINE
  5
A54
330
1F
100
AcDbEntity
  8
Top Solder
100
AcDbLine
 10
0.2646333
 20
1.0955968
 30
0.0
 11
0.2212003
 21
1.0955968
 31
0.0
  0
LINE
  5
A55
330
1F
100
AcDbEntity
  8
Top Solder
100
AcDbLine
 10
0.2212003
 20
1.0955968
 30
0.0
 11
0.2212003
 21
1.1232818
 31
0.0
  0
LINE
  5
A56
330
1F
100
AcDbEntity
  8
Top Paste
100
AcDbLine
 10
0.2252003
 20
1.0877918
 30
0.0
 11
0.2606333
 21
1.0877918
 31
0.0
  0
LINE
  5
A57
330
1F
100
AcDbEntity
  8
Top Paste
100
AcDbLine
 10
0.2606333
 20
1.0877918
 30
0.0
 11
0.2606333
 21
1.0681068
 31
0.0
  0
LINE
  5
A58
330
1F
100
AcDbEntity
  8
Top Paste
100
AcDbLine
 10
0.2606333
 20
1.0681068
 30
0.0
 11
0.2252003
 21
1.0681068
 31
0.0
  0
LINE
  5
A59
330
1F
100
AcDbEntity
  8
Top Paste
100
AcDbLine
 10
0.2252003
 20
1.0681068
 30
0.0
 11
0.2252003
 21
1.0877918
 31
0.0
  0
LINE
  5
A5A
330
1F
100
AcDbEntity
  8
Top Solder
100
AcDbLine
 10
0.2212003
 20
1.0917918
 30
0.0
 11
0.2646333
 21
1.0917918
 31
0.0
  0
LINE
  5
A5B
330
1F
100
AcDbEntity
  8
Top Solder
100
AcDbLine
 10
0.2646333
 20
1.0917918
 30
0.0
 11
0.2646333
 21
1.0641068
 31
0.0
  0
LINE
  5
A5C
330
1F
100
AcDbEntity
  8
Top Solder
100
AcDbLine
 10
0.2646333
 20
1.0641068
 30
0.0
 11
0.2212003
 21
1.0641068
 31
0.0
  0
LINE
  5
A5D
330
1F
100
AcDbEntity
  8
Top Solder
100
AcDbLine
 10
0.2212003
 20
1.0641068
 30
0.0
 11
0.2212003
 21
1.0917918
 31
0.0
  0
LINE
  5
A5E
330
1F
100
AcDbEntity
  8
Top Paste
100
AcDbLine
 10
0.2252003
 20
1.0562918
 30
0.0
 11
0.2606333
 21
1.0562918
 31
0.0
  0
LINE
  5
A5F
330
1F
100
AcDbEntity
  8
Top Paste
100
AcDbLine
 10
0.2606333
 20
1.0562918
 30
0.0
 11
0.2606333
 21
1.0366068
 31
0.0
  0
LINE
  5
A60
330
1F
100
AcDbEntity
  8
Top Paste
100
AcDbLine
 10
0.2606333
 20
1.0366068
 30
0.0
 11
0.2252003
 21
1.0366068
 31
0.0
  0
LINE
  5
A61
330
1F
100
AcDbEntity
  8
Top Paste
100
AcDbLine
 10
0.2252003
 20
1.0366068
 30
0.0
 11
0.2252003
 21
1.0562918
 31
0.0
  0
LINE
  5
A62
330
1F
100
AcDbEntity
  8
Top Solder
100
AcDbLine
 10
0.2212003
 20
1.0602918
 30
0.0
 11
0.2646333
 21
1.0602918
 31
0.0
  0
LINE
  5
A63
330
1F
100
AcDbEntity
  8
Top Solder
100
AcDbLine
 10
0.2646333
 20
1.0602918
 30
0.0
 11
0.2646333
 21
1.0326068
 31
0.0
  0
LINE
  5
A64
330
1F
100
AcDbEntity
  8
Top Solder
100
AcDbLine
 10
0.2646333
 20
1.0326068
 30
0.0
 11
0.2212003
 21
1.0326068
 31
0.0
  0
LINE
  5
A65
330
1F
100
AcDbEntity
  8
Top Solder
100
AcDbLine
 10
0.2212003
 20
1.0326068
 30
0.0
 11
0.2212003
 21
1.0602918
 31
0.0
  0
LINE
  5
A66
330
1F
100
AcDbEntity
  8
Top Paste
100
AcDbLine
 10
0.2252003
 20
1.0248018
 30
0.0
 11
0.2606333
 21
1.0248018
 31
0.0
  0
LINE
  5
A67
330
1F
100
AcDbEntity
  8
Top Paste
100
AcDbLine
 10
0.2606333
 20
1.0248018
 30
0.0
 11
0.2606333
 21
1.0051168
 31
0.0
  0
LINE
  5
A68
330
1F
100
AcDbEntity
  8
Top Paste
100
AcDbLine
 10
0.2606333
 20
1.0051168
 30
0.0
 11
0.2252003
 21
1.0051168
 31
0.0
  0
LINE
  5
A69
330
1F
100
AcDbEntity
  8
Top Paste
100
AcDbLine
 10
0.2252003
 20
1.0051168
 30
0.0
 11
0.2252003
 21
1.0248018
 31
0.0
  0
LINE
  5
A6A
330
1F
100
AcDbEntity
  8
Top Solder
100
AcDbLine
 10
0.2212003
 20
1.0288018
 30
0.0
 11
0.2646333
 21
1.0288018
 31
0.0
  0
LINE
  5
A6B
330
1F
100
AcDbEntity
  8
Top Solder
100
AcDbLine
 10
0.2646333
 20
1.0288018
 30
0.0
 11
0.2646333
 21
1.0011168
 31
0.0
  0
LINE
  5
A6C
330
1F
100
AcDbEntity
  8
Top Solder
100
AcDbLine
 10
0.2646333
 20
1.0011168
 30
0.0
 11
0.2212003
 21
1.0011168
 31
0.0
  0
LINE
  5
A6D
330
1F
100
AcDbEntity
  8
Top Solder
100
AcDbLine
 10
0.2212003
 20
1.0011168
 30
0.0
 11
0.2212003
 21
1.0288018
 31
0.0
  0
LINE
  5
A6E
330
1F
100
AcDbEntity
  8
Top Paste
100
AcDbLine
 10
0.2252003
 20
0.9933018
 30
0.0
 11
0.2606333
 21
0.9933018
 31
0.0
  0
LINE
  5
A6F
330
1F
100
AcDbEntity
  8
Top Paste
100
AcDbLine
 10
0.2606333
 20
0.9933018
 30
0.0
 11
0.2606333
 21
0.9736168
 31
0.0
  0
LINE
  5
A70
330
1F
100
AcDbEntity
  8
Top Paste
100
AcDbLine
 10
0.2606333
 20
0.9736168
 30
0.0
 11
0.2252003
 21
0.9736168
 31
0.0
  0
LINE
  5
A71
330
1F
100
AcDbEntity
  8
Top Paste
100
AcDbLine
 10
0.2252003
 20
0.9736168
 30
0.0
 11
0.2252003
 21
0.9933018
 31
0.0
  0
LINE
  5
A72
330
1F
100
AcDbEntity
  8
Top Solder
100
AcDbLine
 10
0.2212003
 20
0.9973018
 30
0.0
 11
0.2646333
 21
0.9973018
 31
0.0
  0
LINE
  5
A73
330
1F
100
AcDbEntity
  8
Top Solder
100
AcDbLine
 10
0.2646333
 20
0.9973018
 30
0.0
 11
0.2646333
 21
0.9696168
 31
0.0
  0
LINE
  5
A74
330
1F
100
AcDbEntity
  8
Top Solder
100
AcDbLine
 10
0.2646333
 20
0.9696168
 30
0.0
 11
0.2212003
 21
0.9696168
 31
0.0
  0
LINE
  5
A75
330
1F
100
AcDbEntity
  8
Top Solder
100
AcDbLine
 10
0.2212003
 20
0.9696168
 30
0.0
 11
0.2212003
 21
0.9973018
 31
0.0
  0
LINE
  5
A76
330
1F
100
AcDbEntity
  8
Top Paste
100
AcDbLine
 10
0.2252003
 20
0.9618018
 30
0.0
 11
0.2606333
 21
0.9618018
 31
0.0
  0
LINE
  5
A77
330
1F
100
AcDbEntity
  8
Top Paste
100
AcDbLine
 10
0.2606333
 20
0.9618018
 30
0.0
 11
0.2606333
 21
0.9421168
 31
0.0
  0
LINE
  5
A78
330
1F
100
AcDbEntity
  8
Top Paste
100
AcDbLine
 10
0.2606333
 20
0.9421168
 30
0.0
 11
0.2252003
 21
0.9421168
 31
0.0
  0
LINE
  5
A79
330
1F
100
AcDbEntity
  8
Top Paste
100
AcDbLine
 10
0.2252003
 20
0.9421168
 30
0.0
 11
0.2252003
 21
0.9618018
 31
0.0
  0
LINE
  5
A7A
330
1F
100
AcDbEntity
  8
Top Solder
100
AcDbLine
 10
0.2212003
 20
0.9658018
 30
0.0
 11
0.2646333
 21
0.9658018
 31
0.0
  0
LINE
  5
A7B
330
1F
100
AcDbEntity
  8
Top Solder
100
AcDbLine
 10
0.2646333
 20
0.9658018
 30
0.0
 11
0.2646333
 21
0.9381168
 31
0.0
  0
LINE
  5
A7C
330
1F
100
AcDbEntity
  8
Top Solder
100
AcDbLine
 10
0.2646333
 20
0.9381168
 30
0.0
 11
0.2212003
 21
0.9381168
 31
0.0
  0
LINE
  5
A7D
330
1F
100
AcDbEntity
  8
Top Solder
100
AcDbLine
 10
0.2212003
 20
0.9381168
 30
0.0
 11
0.2212003
 21
0.9658018
 31
0.0
  0
LINE
  5
A7E
330
1F
100
AcDbEntity
  8
Top Paste
100
AcDbLine
 10
0.2252003
 20
0.9303118
 30
0.0
 11
0.2606333
 21
0.9303118
 31
0.0
  0
LINE
  5
A7F
330
1F
100
AcDbEntity
  8
Top Paste
100
AcDbLine
 10
0.2606333
 20
0.9303118
 30
0.0
 11
0.2606333
 21
0.9106268
 31
0.0
  0
LINE
  5
A80
330
1F
100
AcDbEntity
  8
Top Paste
100
AcDbLine
 10
0.2606333
 20
0.9106268
 30
0.0
 11
0.2252003
 21
0.9106268
 31
0.0
  0
LINE
  5
A81
330
1F
100
AcDbEntity
  8
Top Paste
100
AcDbLine
 10
0.2252003
 20
0.9106268
 30
0.0
 11
0.2252003
 21
0.9303118
 31
0.0
  0
LINE
  5
A82
330
1F
100
AcDbEntity
  8
Top Solder
100
AcDbLine
 10
0.2212003
 20
0.9343118
 30
0.0
 11
0.2646333
 21
0.9343118
 31
0.0
  0
LINE
  5
A83
330
1F
100
AcDbEntity
  8
Top Solder
100
AcDbLine
 10
0.2646333
 20
0.9343118
 30
0.0
 11
0.2646333
 21
0.9066268
 31
0.0
  0
LINE
  5
A84
330
1F
100
AcDbEntity
  8
Top Solder
100
AcDbLine
 10
0.2646333
 20
0.9066268
 30
0.0
 11
0.2212003
 21
0.9066268
 31
0.0
  0
LINE
  5
A85
330
1F
100
AcDbEntity
  8
Top Solder
100
AcDbLine
 10
0.2212003
 20
0.9066268
 30
0.0
 11
0.2212003
 21
0.9343118
 31
0.0
  0
LINE
  5
A86
330
1F
100
AcDbEntity
  8
Top Paste
100
AcDbLine
 10
0.2252003
 20
0.8988118
 30
0.0
 11
0.2606333
 21
0.8988118
 31
0.0
  0
LINE
  5
A87
330
1F
100
AcDbEntity
  8
Top Paste
100
AcDbLine
 10
0.2606333
 20
0.8988118
 30
0.0
 11
0.2606333
 21
0.8791268
 31
0.0
  0
LINE
  5
A88
330
1F
100
AcDbEntity
  8
Top Paste
100
AcDbLine
 10
0.2606333
 20
0.8791268
 30
0.0
 11
0.2252003
 21
0.8791268
 31
0.0
  0
LINE
  5
A89
330
1F
100
AcDbEntity
  8
Top Paste
100
AcDbLine
 10
0.2252003
 20
0.8791268
 30
0.0
 11
0.2252003
 21
0.8988118
 31
0.0
  0
LINE
  5
A8A
330
1F
100
AcDbEntity
  8
Top Solder
100
AcDbLine
 10
0.2212003
 20
0.9028118
 30
0.0
 11
0.2646333
 21
0.9028118
 31
0.0
  0
LINE
  5
A8B
330
1F
100
AcDbEntity
  8
Top Solder
100
AcDbLine
 10
0.2646333
 20
0.9028118
 30
0.0
 11
0.2646333
 21
0.8751268
 31
0.0
  0
LINE
  5
A8C
330
1F
100
AcDbEntity
  8
Top Solder
100
AcDbLine
 10
0.2646333
 20
0.8751268
 30
0.0
 11
0.2212003
 21
0.8751268
 31
0.0
  0
LINE
  5
A8D
330
1F
100
AcDbEntity
  8
Top Solder
100
AcDbLine
 10
0.2212003
 20
0.8751268
 30
0.0
 11
0.2212003
 21
0.9028118
 31
0.0
  0
LINE
  5
A8E
330
1F
100
AcDbEntity
  8
Top Paste
100
AcDbLine
 10
0.4013858
 20
1.0736203
 30
0.0
 11
0.4612278
 21
1.0736203
 31
0.0
  0
LINE
  5
A8F
330
1F
100
AcDbEntity
  8
Top Paste
100
AcDbLine
 10
0.4612278
 20
1.0736203
 30
0.0
 11
0.4612278
 21
1.0137783
 31
0.0
  0
LINE
  5
A90
330
1F
100
AcDbEntity
  8
Top Paste
100
AcDbLine
 10
0.4612278
 20
1.0137783
 30
0.0
 11
0.4013858
 21
1.0137783
 31
0.0
  0
LINE
  5
A91
330
1F
100
AcDbEntity
  8
Top Paste
100
AcDbLine
 10
0.4013858
 20
1.0137783
 30
0.0
 11
0.4013858
 21
1.0736203
 31
0.0
  0
LINE
  5
A92
330
1F
100
AcDbEntity
  8
Top Solder
100
AcDbLine
 10
0.3973858
 20
1.0776203
 30
0.0
 11
0.4652278
 21
1.0776203
 31
0.0
  0
LINE
  5
A93
330
1F
100
AcDbEntity
  8
Top Solder
100
AcDbLine
 10
0.4652278
 20
1.0776203
 30
0.0
 11
0.4652278
 21
1.0097783
 31
0.0
  0
LINE
  5
A94
330
1F
100
AcDbEntity
  8
Top Solder
100
AcDbLine
 10
0.4652278
 20
1.0097783
 30
0.0
 11
0.3973858
 21
1.0097783
 31
0.0
  0
LINE
  5
A95
330
1F
100
AcDbEntity
  8
Top Solder
100
AcDbLine
 10
0.3973858
 20
1.0097783
 30
0.0
 11
0.3973858
 21
1.0776203
 31
0.0
  0
LINE
  5
A96
330
1F
100
AcDbEntity
  8
Top Paste
100
AcDbLine
 10
0.2251988
 20
1.2964473
 30
0.0
 11
0.2566948
 21
1.2964473
 31
0.0
  0
LINE
  5
A97
330
1F
100
AcDbEntity
  8
Top Paste
100
AcDbLine
 10
0.2566948
 20
1.2964473
 30
0.0
 11
0.2566948
 21
1.2649513
 31
0.0
  0
LINE
  5
A98
330
1F
100
AcDbEntity
  8
Top Paste
100
AcDbLine
 10
0.2566948
 20
1.2649513
 30
0.0
 11
0.2251988
 21
1.2649513
 31
0.0
  0
LINE
  5
A99
330
1F
100
AcDbEntity
  8
Top Paste
100
AcDbLine
 10
0.2251988
 20
1.2649513
 30
0.0
 11
0.2251988
 21
1.2964473
 31
0.0
  0
LINE
  5
A9A
330
1F
100
AcDbEntity
  8
Top Solder
100
AcDbLine
 10
0.2211988
 20
1.3004473
 30
0.0
 11
0.2606948
 21
1.3004473
 31
0.0
  0
LINE
  5
A9B
330
1F
100
AcDbEntity
  8
Top Solder
100
AcDbLine
 10
0.2606948
 20
1.3004473
 30
0.0
 11
0.2606948
 21
1.2609513
 31
0.0
  0
LINE
  5
A9C
330
1F
100
AcDbEntity
  8
Top Solder
100
AcDbLine
 10
0.2606948
 20
1.2609513
 30
0.0
 11
0.2211988
 21
1.2609513
 31
0.0
  0
LINE
  5
A9D
330
1F
100
AcDbEntity
  8
Top Solder
100
AcDbLine
 10
0.2211988
 20
1.2609513
 30
0.0
 11
0.2211988
 21
1.3004473
 31
0.0
  0
LINE
  5
A9E
330
1F
100
AcDbEntity
  8
Top Paste
100
AcDbLine
 10
0.5519688
 20
1.2964473
 30
0.0
 11
0.5834648
 21
1.2964473
 31
0.0
  0
LINE
  5
A9F
330
1F
100
AcDbEntity
  8
Top Paste
100
AcDbLine
 10
0.5834648
 20
1.2964473
 30
0.0
 11
0.5834648
 21
1.2649513
 31
0.0
  0
LINE
  5
AA0
330
1F
100
AcDbEntity
  8
Top Paste
100
AcDbLine
 10
0.5834648
 20
1.2649513
 30
0.0
 11
0.5519688
 21
1.2649513
 31
0.0
  0
LINE
  5
AA1
330
1F
100
AcDbEntity
  8
Top Paste
100
AcDbLine
 10
0.5519688
 20
1.2649513
 30
0.0
 11
0.5519688
 21
1.2964473
 31
0.0
  0
LINE
  5
AA2
330
1F
100
AcDbEntity
  8
Top Solder
100
AcDbLine
 10
0.5479688
 20
1.3004473
 30
0.0
 11
0.5874648
 21
1.3004473
 31
0.0
  0
LINE
  5
AA3
330
1F
100
AcDbEntity
  8
Top Solder
100
AcDbLine
 10
0.5874648
 20
1.3004473
 30
0.0
 11
0.5874648
 21
1.2609513
 31
0.0
  0
LINE
  5
AA4
330
1F
100
AcDbEntity
  8
Top Solder
100
AcDbLine
 10
0.5874648
 20
1.2609513
 30
0.0
 11
0.5479688
 21
1.2609513
 31
0.0
  0
LINE
  5
AA5
330
1F
100
AcDbEntity
  8
Top Solder
100
AcDbLine
 10
0.5479688
 20
1.2609513
 30
0.0
 11
0.5479688
 21
1.3004473
 31
0.0
  0
LINE
  5
AA6
330
1F
100
AcDbEntity
  8
Top Paste
100
AcDbLine
 10
0.5519688
 20
0.8594473
 30
0.0
 11
0.5834648
 21
0.8594473
 31
0.0
  0
LINE
  5
AA7
330
1F
100
AcDbEntity
  8
Top Paste
100
AcDbLine
 10
0.5834648
 20
0.8594473
 30
0.0
 11
0.5834648
 21
0.8279513
 31
0.0
  0
LINE
  5
AA8
330
1F
100
AcDbEntity
  8
Top Paste
100
AcDbLine
 10
0.5834648
 20
0.8279513
 30
0.0
 11
0.5519688
 21
0.8279513
 31
0.0
  0
LINE
  5
AA9
330
1F
100
AcDbEntity
  8
Top Paste
100
AcDbLine
 10
0.5519688
 20
0.8279513
 30
0.0
 11
0.5519688
 21
0.8594473
 31
0.0
  0
LINE
  5
AAA
330
1F
100
AcDbEntity
  8
Top Solder
100
AcDbLine
 10
0.5479688
 20
0.8634473
 30
0.0
 11
0.5874648
 21
0.8634473
 31
0.0
  0
LINE
  5
AAB
330
1F
100
AcDbEntity
  8
Top Solder
100
AcDbLine
 10
0.5874648
 20
0.8634473
 30
0.0
 11
0.5874648
 21
0.8239513
 31
0.0
  0
LINE
  5
AAC
330
1F
100
AcDbEntity
  8
Top Solder
100
AcDbLine
 10
0.5874648
 20
0.8239513
 30
0.0
 11
0.5479688
 21
0.8239513
 31
0.0
  0
LINE
  5
AAD
330
1F
100
AcDbEntity
  8
Top Solder
100
AcDbLine
 10
0.5479688
 20
0.8239513
 30
0.0
 11
0.5479688
 21
0.8634473
 31
0.0
  0
LINE
  5
AAE
330
1F
100
AcDbEntity
  8
Top Paste
100
AcDbLine
 10
0.2251988
 20
0.8594473
 30
0.0
 11
0.2566948
 21
0.8594473
 31
0.0
  0
LINE
  5
AAF
330
1F
100
AcDbEntity
  8
Top Paste
100
AcDbLine
 10
0.2566948
 20
0.8594473
 30
0.0
 11
0.2566948
 21
0.8279513
 31
0.0
  0
LINE
  5
AB0
330
1F
100
AcDbEntity
  8
Top Paste
100
AcDbLine
 10
0.2566948
 20
0.8279513
 30
0.0
 11
0.2251988
 21
0.8279513
 31
0.0
  0
LINE
  5
AB1
330
1F
100
AcDbEntity
  8
Top Paste
100
AcDbLine
 10
0.2251988
 20
0.8279513
 30
0.0
 11
0.2251988
 21
0.8594473
 31
0.0
  0
LINE
  5
AB2
330
1F
100
AcDbEntity
  8
Top Solder
100
AcDbLine
 10
0.2211988
 20
0.8634473
 30
0.0
 11
0.2606948
 21
0.8634473
 31
0.0
  0
LINE
  5
AB3
330
1F
100
AcDbEntity
  8
Top Solder
100
AcDbLine
 10
0.2606948
 20
0.8634473
 30
0.0
 11
0.2606948
 21
0.8239513
 31
0.0
  0
LINE
  5
AB4
330
1F
100
AcDbEntity
  8
Top Solder
100
AcDbLine
 10
0.2606948
 20
0.8239513
 30
0.0
 11
0.2211988
 21
0.8239513
 31
0.0
  0
LINE
  5
AB5
330
1F
100
AcDbEntity
  8
Top Solder
100
AcDbLine
 10
0.2211988
 20
0.8239513
 30
0.0
 11
0.2211988
 21
0.8634473
 31
0.0
  0
LINE
  5
AB6
330
1F
100
AcDbEntity
  8
Top Paste
100
AcDbLine
 10
0.4013858
 20
1.1421203
 30
0.0
 11
0.4612278
 21
1.1421203
 31
0.0
  0
LINE
  5
AB7
330
1F
100
AcDbEntity
  8
Top Paste
100
AcDbLine
 10
0.4612278
 20
1.1421203
 30
0.0
 11
0.4612278
 21
1.0822783
 31
0.0
  0
LINE
  5
AB8
330
1F
100
AcDbEntity
  8
Top Paste
100
AcDbLine
 10
0.4612278
 20
1.0822783
 30
0.0
 11
0.4013858
 21
1.0822783
 31
0.0
  0
LINE
  5
AB9
330
1F
100
AcDbEntity
  8
Top Paste
100
AcDbLine
 10
0.4013858
 20
1.0822783
 30
0.0
 11
0.4013858
 21
1.1421203
 31
0.0
  0
LINE
  5
ABA
330
1F
100
AcDbEntity
  8
Top Solder
100
AcDbLine
 10
0.3973858
 20
1.1461203
 30
0.0
 11
0.4652278
 21
1.1461203
 31
0.0
  0
LINE
  5
ABB
330
1F
100
AcDbEntity
  8
Top Solder
100
AcDbLine
 10
0.4652278
 20
1.1461203
 30
0.0
 11
0.4652278
 21
1.0782783
 31
0.0
  0
LINE
  5
ABC
330
1F
100
AcDbEntity
  8
Top Solder
100
AcDbLine
 10
0.4652278
 20
1.0782783
 30
0.0
 11
0.3973858
 21
1.0782783
 31
0.0
  0
LINE
  5
ABD
330
1F
100
AcDbEntity
  8
Top Solder
100
AcDbLine
 10
0.3973858
 20
1.0782783
 30
0.0
 11
0.3973858
 21
1.1461203
 31
0.0
  0
LINE
  5
ABE
330
1F
100
AcDbEntity
  8
Top Paste
100
AcDbLine
 10
0.4013858
 20
1.2106203
 30
0.0
 11
0.4612278
 21
1.2106203
 31
0.0
  0
LINE
  5
ABF
330
1F
100
AcDbEntity
  8
Top Paste
100
AcDbLine
 10
0.4612278
 20
1.2106203
 30
0.0
 11
0.4612278
 21
1.1507783
 31
0.0
  0
LINE
  5
AC0
330
1F
100
AcDbEntity
  8
Top Paste
100
AcDbLine
 10
0.4612278
 20
1.1507783
 30
0.0
 11
0.4013858
 21
1.1507783
 31
0.0
  0
LINE
  5
AC1
330
1F
100
AcDbEntity
  8
Top Paste
100
AcDbLine
 10
0.4013858
 20
1.1507783
 30
0.0
 11
0.4013858
 21
1.2106203
 31
0.0
  0
LINE
  5
AC2
330
1F
100
AcDbEntity
  8
Top Solder
100
AcDbLine
 10
0.3973858
 20
1.2146203
 30
0.0
 11
0.4652278
 21
1.2146203
 31
0.0
  0
LINE
  5
AC3
330
1F
100
AcDbEntity
  8
Top Solder
100
AcDbLine
 10
0.4652278
 20
1.2146203
 30
0.0
 11
0.4652278
 21
1.1467783
 31
0.0
  0
LINE
  5
AC4
330
1F
100
AcDbEntity
  8
Top Solder
100
AcDbLine
 10
0.4652278
 20
1.1467783
 30
0.0
 11
0.3973858
 21
1.1467783
 31
0.0
  0
LINE
  5
AC5
330
1F
100
AcDbEntity
  8
Top Solder
100
AcDbLine
 10
0.3973858
 20
1.1467783
 30
0.0
 11
0.3973858
 21
1.2146203
 31
0.0
  0
LINE
  5
AC6
330
1F
100
AcDbEntity
  8
Top Paste
100
AcDbLine
 10
0.4649658
 20
1.2106203
 30
0.0
 11
0.5248078
 21
1.2106203
 31
0.0
  0
LINE
  5
AC7
330
1F
100
AcDbEntity
  8
Top Paste
100
AcDbLine
 10
0.5248078
 20
1.2106203
 30
0.0
 11
0.5248078
 21
1.1507783
 31
0.0
  0
LINE
  5
AC8
330
1F
100
AcDbEntity
  8
Top Paste
100
AcDbLine
 10
0.5248078
 20
1.1507783
 30
0.0
 11
0.4649658
 21
1.1507783
 31
0.0
  0
LINE
  5
AC9
330
1F
100
AcDbEntity
  8
Top Paste
100
AcDbLine
 10
0.4649658
 20
1.1507783
 30
0.0
 11
0.4649658
 21
1.2106203
 31
0.0
  0
LINE
  5
ACA
330
1F
100
AcDbEntity
  8
Top Solder
100
AcDbLine
 10
0.4609658
 20
1.2146203
 30
0.0
 11
0.5288078
 21
1.2146203
 31
0.0
  0
LINE
  5
ACB
330
1F
100
AcDbEntity
  8
Top Solder
100
AcDbLine
 10
0.5288078
 20
1.2146203
 30
0.0
 11
0.5288078
 21
1.1467783
 31
0.0
  0
LINE
  5
ACC
330
1F
100
AcDbEntity
  8
Top Solder
100
AcDbLine
 10
0.5288078
 20
1.1467783
 30
0.0
 11
0.4609658
 21
1.1467783
 31
0.0
  0
LINE
  5
ACD
330
1F
100
AcDbEntity
  8
Top Solder
100
AcDbLine
 10
0.4609658
 20
1.1467783
 30
0.0
 11
0.4609658
 21
1.2146203
 31
0.0
  0
LINE
  5
ACE
330
1F
100
AcDbEntity
  8
Top Paste
100
AcDbLine
 10
0.4649658
 20
1.1421203
 30
0.0
 11
0.5248078
 21
1.1421203
 31
0.0
  0
LINE
  5
ACF
330
1F
100
AcDbEntity
  8
Top Paste
100
AcDbLine
 10
0.5248078
 20
1.1421203
 30
0.0
 11
0.5248078
 21
1.0822783
 31
0.0
  0
LINE
  5
AD0
330
1F
100
AcDbEntity
  8
Top Paste
100
AcDbLine
 10
0.5248078
 20
1.0822783
 30
0.0
 11
0.4649658
 21
1.0822783
 31
0.0
  0
LINE
  5
AD1
330
1F
100
AcDbEntity
  8
Top Paste
100
AcDbLine
 10
0.4649658
 20
1.0822783
 30
0.0
 11
0.4649658
 21
1.1421203
 31
0.0
  0
LINE
  5
AD2
330
1F
100
AcDbEntity
  8
Top Solder
100
AcDbLine
 10
0.4609658
 20
1.1461203
 30
0.0
 11
0.5288078
 21
1.1461203
 31
0.0
  0
LINE
  5
AD3
330
1F
100
AcDbEntity
  8
Top Solder
100
AcDbLine
 10
0.5288078
 20
1.1461203
 30
0.0
 11
0.5288078
 21
1.0782783
 31
0.0
  0
LINE
  5
AD4
330
1F
100
AcDbEntity
  8
Top Solder
100
AcDbLine
 10
0.5288078
 20
1.0782783
 30
0.0
 11
0.4609658
 21
1.0782783
 31
0.0
  0
LINE
  5
AD5
330
1F
100
AcDbEntity
  8
Top Solder
100
AcDbLine
 10
0.4609658
 20
1.0782783
 30
0.0
 11
0.4609658
 21
1.1461203
 31
0.0
  0
LINE
  5
AD6
330
1F
100
AcDbEntity
  8
Top Paste
100
AcDbLine
 10
0.4649658
 20
1.0736203
 30
0.0
 11
0.5248078
 21
1.0736203
 31
0.0
  0
LINE
  5
AD7
330
1F
100
AcDbEntity
  8
Top Paste
100
AcDbLine
 10
0.5248078
 20
1.0736203
 30
0.0
 11
0.5248078
 21
1.0137783
 31
0.0
  0
LINE
  5
AD8
330
1F
100
AcDbEntity
  8
Top Paste
100
AcDbLine
 10
0.5248078
 20
1.0137783
 30
0.0
 11
0.4649658
 21
1.0137783
 31
0.0
  0
LINE
  5
AD9
330
1F
100
AcDbEntity
  8
Top Paste
100
AcDbLine
 10
0.4649658
 20
1.0137783
 30
0.0
 11
0.4649658
 21
1.0736203
 31
0.0
  0
LINE
  5
ADA
330
1F
100
AcDbEntity
  8
Top Solder
100
AcDbLine
 10
0.4609658
 20
1.0776203
 30
0.0
 11
0.5288078
 21
1.0776203
 31
0.0
  0
LINE
  5
ADB
330
1F
100
AcDbEntity
  8
Top Solder
100
AcDbLine
 10
0.5288078
 20
1.0776203
 30
0.0
 11
0.5288078
 21
1.0097783
 31
0.0
  0
LINE
  5
ADC
330
1F
100
AcDbEntity
  8
Top Solder
100
AcDbLine
 10
0.5288078
 20
1.0097783
 30
0.0
 11
0.4609658
 21
1.0097783
 31
0.0
  0
LINE
  5
ADD
330
1F
100
AcDbEntity
  8
Top Solder
100
AcDbLine
 10
0.4609658
 20
1.0097783
 30
0.0
 11
0.4609658
 21
1.0776203
 31
0.0
  0
LINE
  5
ADE
330
1F
100
AcDbEntity
  8
Top Paste
100
AcDbLine
 10
0.3377958
 20
1.0736203
 30
0.0
 11
0.3976378
 21
1.0736203
 31
0.0
  0
LINE
  5
ADF
330
1F
100
AcDbEntity
  8
Top Paste
100
AcDbLine
 10
0.3976378
 20
1.0736203
 30
0.0
 11
0.3976378
 21
1.0137783
 31
0.0
  0
LINE
  5
AE0
330
1F
100
AcDbEntity
  8
Top Paste
100
AcDbLine
 10
0.3976378
 20
1.0137783
 30
0.0
 11
0.3377958
 21
1.0137783
 31
0.0
  0
LINE
  5
AE1
330
1F
100
AcDbEntity
  8
Top Paste
100
AcDbLine
 10
0.3377958
 20
1.0137783
 30
0.0
 11
0.3377958
 21
1.0736203
 31
0.0
  0
LINE
  5
AE2
330
1F
100
AcDbEntity
  8
Top Solder
100
AcDbLine
 10
0.3337958
 20
1.0776203
 30
0.0
 11
0.4016378
 21
1.0776203
 31
0.0
  0
LINE
  5
AE3
330
1F
100
AcDbEntity
  8
Top Solder
100
AcDbLine
 10
0.4016378
 20
1.0776203
 30
0.0
 11
0.4016378
 21
1.0097783
 31
0.0
  0
LINE
  5
AE4
330
1F
100
AcDbEntity
  8
Top Solder
100
AcDbLine
 10
0.4016378
 20
1.0097783
 30
0.0
 11
0.3337958
 21
1.0097783
 31
0.0
  0
LINE
  5
AE5
330
1F
100
AcDbEntity
  8
Top Solder
100
AcDbLine
 10
0.3337958
 20
1.0097783
 30
0.0
 11
0.3337958
 21
1.0776203
 31
0.0
  0
LINE
  5
AE6
330
1F
100
AcDbEntity
  8
Top Paste
100
AcDbLine
 10
0.3377958
 20
1.1421203
 30
0.0
 11
0.3976378
 21
1.1421203
 31
0.0
  0
LINE
  5
AE7
330
1F
100
AcDbEntity
  8
Top Paste
100
AcDbLine
 10
0.3976378
 20
1.1421203
 30
0.0
 11
0.3976378
 21
1.0822783
 31
0.0
  0
LINE
  5
AE8
330
1F
100
AcDbEntity
  8
Top Paste
100
AcDbLine
 10
0.3976378
 20
1.0822783
 30
0.0
 11
0.3377958
 21
1.0822783
 31
0.0
  0
LINE
  5
AE9
330
1F
100
AcDbEntity
  8
Top Paste
100
AcDbLine
 10
0.3377958
 20
1.0822783
 30
0.0
 11
0.3377958
 21
1.1421203
 31
0.0
  0
LINE
  5
AEA
330
1F
100
AcDbEntity
  8
Top Solder
100
AcDbLine
 10
0.3337958
 20
1.1461203
 30
0.0
 11
0.4016378
 21
1.1461203
 31
0.0
  0
LINE
  5
AEB
330
1F
100
AcDbEntity
  8
Top Solder
100
AcDbLine
 10
0.4016378
 20
1.1461203
 30
0.0
 11
0.4016378
 21
1.0782783
 31
0.0
  0
LINE
  5
AEC
330
1F
100
AcDbEntity
  8
Top Solder
100
AcDbLine
 10
0.4016378
 20
1.0782783
 30
0.0
 11
0.3337958
 21
1.0782783
 31
0.0
  0
LINE
  5
AED
330
1F
100
AcDbEntity
  8
Top Solder
100
AcDbLine
 10
0.3337958
 20
1.0782783
 30
0.0
 11
0.3337958
 21
1.1461203
 31
0.0
  0
LINE
  5
AEE
330
1F
100
AcDbEntity
  8
Top Paste
100
AcDbLine
 10
0.3377958
 20
1.2106303
 30
0.0
 11
0.3976378
 21
1.2106303
 31
0.0
  0
LINE
  5
AEF
330
1F
100
AcDbEntity
  8
Top Paste
100
AcDbLine
 10
0.3976378
 20
1.2106303
 30
0.0
 11
0.3976378
 21
1.1507883
 31
0.0
  0
LINE
  5
AF0
330
1F
100
AcDbEntity
  8
Top Paste
100
AcDbLine
 10
0.3976378
 20
1.1507883
 30
0.0
 11
0.3377958
 21
1.1507883
 31
0.0
  0
LINE
  5
AF1
330
1F
100
AcDbEntity
  8
Top Paste
100
AcDbLine
 10
0.3377958
 20
1.1507883
 30
0.0
 11
0.3377958
 21
1.2106303
 31
0.0
  0
LINE
  5
AF2
330
1F
100
AcDbEntity
  8
Top Solder
100
AcDbLine
 10
0.3337958
 20
1.2146303
 30
0.0
 11
0.4016378
 21
1.2146303
 31
0.0
  0
LINE
  5
AF3
330
1F
100
AcDbEntity
  8
Top Solder
100
AcDbLine
 10
0.4016378
 20
1.2146303
 30
0.0
 11
0.4016378
 21
1.1467883
 31
0.0
  0
LINE
  5
AF4
330
1F
100
AcDbEntity
  8
Top Solder
100
AcDbLine
 10
0.4016378
 20
1.1467883
 30
0.0
 11
0.3337958
 21
1.1467883
 31
0.0
  0
LINE
  5
AF5
330
1F
100
AcDbEntity
  8
Top Solder
100
AcDbLine
 10
0.3337958
 20
1.1467883
 30
0.0
 11
0.3337958
 21
1.2146303
 31
0.0
  0
CIRCLE
  5
AF6
330
1F
100
AcDbEntity
  8
Top Paste
100
AcDbCircle
 10
0.5559055
 20
1.3629921
 30
0.0
 40
0.0098425
  0
CIRCLE
  5
AF7
330
1F
100
AcDbEntity
  8
Top Solder
100
AcDbCircle
 10
0.5559055
 20
1.3629921
 30
0.0
 40
0.0138425
  0
CIRCLE
  5
AF8
330
1F
100
AcDbEntity
  8
Top Paste
100
AcDbCircle
 10
0.2854331
 20
1.3629921
 30
0.0
 40
0.0098425
  0
CIRCLE
  5
AF9
330
1F
100
AcDbEntity
  8
Top Solder
100
AcDbCircle
 10
0.2854331
 20
1.3629921
 30
0.0
 40
0.0138425
  0
CIRCLE
  5
AFA
330
1F
100
AcDbEntity
  8
Top Paste
100
AcDbCircle
 10
0.4488189
 20
1.3629921
 30
0.0
 40
0.0098425
  0
CIRCLE
  5
AFB
330
1F
100
AcDbEntity
  8
Top Solder
100
AcDbCircle
 10
0.4488189
 20
1.3629921
 30
0.0
 40
0.0138425
  0
CIRCLE
  5
AFC
330
1F
100
AcDbEntity
  8
Top Paste
100
AcDbCircle
 10
0.5023622
 20
1.3629921
 30
0.0
 40
0.0098425
  0
CIRCLE
  5
AFD
330
1F
100
AcDbEntity
  8
Top Solder
100
AcDbCircle
 10
0.5023622
 20
1.3629921
 30
0.0
 40
0.0138425
  0
CIRCLE
  5
AFE
330
1F
100
AcDbEntity
  8
Top Paste
100
AcDbCircle
 10
0.6905512
 20
1.0740157
 30
0.0
 40
0.0098425
  0
CIRCLE
  5
AFF
330
1F
100
AcDbEntity
  8
Top Solder
100
AcDbCircle
 10
0.6905512
 20
1.0740157
 30
0.0
 40
0.0138425
  0
CIRCLE
  5
B00
330
1F
100
AcDbEntity
  8
Top Paste
100
AcDbCircle
 10
0.6850394
 20
1.0279528
 30
0.0
 40
0.0098425
  0
CIRCLE
  5
B01
330
1F
100
AcDbEntity
  8
Top Solder
100
AcDbCircle
 10
0.6850394
 20
1.0279528
 30
0.0
 40
0.0138425
  0
LINE
  5
B02
330
1F
100
AcDbEntity
  8
Top Overlay
100
AcDbLine
 10
0.640252
 20
1.1571575
 30
0.0
 11
0.728252
 21
1.1571575
 31
0.0
  0
LINE
  5
B03
330
1F
100
AcDbEntity
  8
Top Overlay
100
AcDbLine
 10
0.640252
 20
1.1231575
 30
0.0
 11
0.728252
 21
1.1231575
 31
0.0
  0
LINE
  5
B04
330
1F
100
AcDbEntity
  8
Top Overlay
100
AcDbLine
 10
0.640252
 20
1.1231575
 30
0.0
 11
0.640252
 21
1.1571575
 31
0.0
  0
LINE
  5
B05
330
1F
100
AcDbEntity
  8
Top Overlay
100
AcDbLine
 10
0.728252
 20
1.1231575
 30
0.0
 11
0.728252
 21
1.1571575
 31
0.0
  0
LINE
  5
B06
330
1F
100
AcDbEntity
  8
Top Paste
100
AcDbLine
 10
0.647252
 20
1.1501575
 30
0.0
 11
0.673252
 21
1.1501575
 31
0.0
  0
LINE
  5
B07
330
1F
100
AcDbEntity
  8
Top Paste
100
AcDbLine
 10
0.673252
 20
1.1501575
 30
0.0
 11
0.673252
 21
1.1301575
 31
0.0
  0
LINE
  5
B08
330
1F
100
AcDbEntity
  8
Top Paste
100
AcDbLine
 10
0.673252
 20
1.1301575
 30
0.0
 11
0.647252
 21
1.1301575
 31
0.0
  0
LINE
  5
B09
330
1F
100
AcDbEntity
  8
Top Paste
100
AcDbLine
 10
0.647252
 20
1.1301575
 30
0.0
 11
0.647252
 21
1.1501575
 31
0.0
  0
LINE
  5
B0A
330
1F
100
AcDbEntity
  8
Top Solder
100
AcDbLine
 10
0.643252
 20
1.1541575
 30
0.0
 11
0.677252
 21
1.1541575
 31
0.0
  0
LINE
  5
B0B
330
1F
100
AcDbEntity
  8
Top Solder
100
AcDbLine
 10
0.677252
 20
1.1541575
 30
0.0
 11
0.677252
 21
1.1261575
 31
0.0
  0
LINE
  5
B0C
330
1F
100
AcDbEntity
  8
Top Solder
100
AcDbLine
 10
0.677252
 20
1.1261575
 30
0.0
 11
0.643252
 21
1.1261575
 31
0.0
  0
LINE
  5
B0D
330
1F
100
AcDbEntity
  8
Top Solder
100
AcDbLine
 10
0.643252
 20
1.1261575
 30
0.0
 11
0.643252
 21
1.1541575
 31
0.0
  0
LINE
  5
B0E
330
1F
100
AcDbEntity
  8
Top Paste
100
AcDbLine
 10
0.695252
 20
1.1501575
 30
0.0
 11
0.721252
 21
1.1501575
 31
0.0
  0
LINE
  5
B0F
330
1F
100
AcDbEntity
  8
Top Paste
100
AcDbLine
 10
0.721252
 20
1.1501575
 30
0.0
 11
0.721252
 21
1.1301575
 31
0.0
  0
LINE
  5
B10
330
1F
100
AcDbEntity
  8
Top Paste
100
AcDbLine
 10
0.721252
 20
1.1301575
 30
0.0
 11
0.695252
 21
1.1301575
 31
0.0
  0
LINE
  5
B11
330
1F
100
AcDbEntity
  8
Top Paste
100
AcDbLine
 10
0.695252
 20
1.1301575
 30
0.0
 11
0.695252
 21
1.1501575
 31
0.0
  0
LINE
  5
B12
330
1F
100
AcDbEntity
  8
Top Solder
100
AcDbLine
 10
0.691252
 20
1.1541575
 30
0.0
 11
0.725252
 21
1.1541575
 31
0.0
  0
LINE
  5
B13
330
1F
100
AcDbEntity
  8
Top Solder
100
AcDbLine
 10
0.725252
 20
1.1541575
 30
0.0
 11
0.725252
 21
1.1261575
 31
0.0
  0
LINE
  5
B14
330
1F
100
AcDbEntity
  8
Top Solder
100
AcDbLine
 10
0.725252
 20
1.1261575
 30
0.0
 11
0.691252
 21
1.1261575
 31
0.0
  0
LINE
  5
B15
330
1F
100
AcDbEntity
  8
Top Solder
100
AcDbLine
 10
0.691252
 20
1.1261575
 30
0.0
 11
0.691252
 21
1.1541575
 31
0.0
  0
LINE
  5
B16
330
1F
100
AcDbEntity
  8
Top Overlay
100
AcDbLine
 10
0.3300157
 20
1.3440236
 30
0.0
 11
0.4180157
 21
1.3440236
 31
0.0
  0
LINE
  5
B17
330
1F
100
AcDbEntity
  8
Top Overlay
100
AcDbLine
 10
0.3300157
 20
1.3780236
 30
0.0
 11
0.4180157
 21
1.3780236
 31
0.0
  0
LINE
  5
B18
330
1F
100
AcDbEntity
  8
Top Overlay
100
AcDbLine
 10
0.4180157
 20
1.3440236
 30
0.0
 11
0.4180157
 21
1.3780236
 31
0.0
  0
LINE
  5
B19
330
1F
100
AcDbEntity
  8
Top Overlay
100
AcDbLine
 10
0.3300157
 20
1.3440236
 30
0.0
 11
0.3300157
 21
1.3780236
 31
0.0
  0
LINE
  5
B1A
330
1F
100
AcDbEntity
  8
Top Paste
100
AcDbLine
 10
0.4110157
 20
1.3510236
 30
0.0
 11
0.3850157
 21
1.3510236
 31
0.0
  0
LINE
  5
B1B
330
1F
100
AcDbEntity
  8
Top Paste
100
AcDbLine
 10
0.3850157
 20
1.3510236
 30
0.0
 11
0.3850157
 21
1.3710236
 31
0.0
  0
LINE
  5
B1C
330
1F
100
AcDbEntity
  8
Top Paste
100
AcDbLine
 10
0.3850157
 20
1.3710236
 30
0.0
 11
0.4110157
 21
1.3710236
 31
0.0
  0
LINE
  5
B1D
330
1F
100
AcDbEntity
  8
Top Paste
100
AcDbLine
 10
0.4110157
 20
1.3710236
 30
0.0
 11
0.4110157
 21
1.3510236
 31
0.0
  0
LINE
  5
B1E
330
1F
100
AcDbEntity
  8
Top Solder
100
AcDbLine
 10
0.4150157
 20
1.3470236
 30
0.0
 11
0.3810157
 21
1.3470236
 31
0.0
  0
LINE
  5
B1F
330
1F
100
AcDbEntity
  8
Top Solder
100
AcDbLine
 10
0.3810157
 20
1.3470236
 30
0.0
 11
0.3810157
 21
1.3750236
 31
0.0
  0
LINE
  5
B20
330
1F
100
AcDbEntity
  8
Top Solder
100
AcDbLine
 10
0.3810157
 20
1.3750236
 30
0.0
 11
0.4150157
 21
1.3750236
 31
0.0
  0
LINE
  5
B21
330
1F
100
AcDbEntity
  8
Top Solder
100
AcDbLine
 10
0.4150157
 20
1.3750236
 30
0.0
 11
0.4150157
 21
1.3470236
 31
0.0
  0
LINE
  5
B22
330
1F
100
AcDbEntity
  8
Top Paste
100
AcDbLine
 10
0.3630157
 20
1.3510236
 30
0.0
 11
0.3370157
 21
1.3510236
 31
0.0
  0
LINE
  5
B23
330
1F
100
AcDbEntity
  8
Top Paste
100
AcDbLine
 10
0.3370157
 20
1.3510236
 30
0.0
 11
0.3370157
 21
1.3710236
 31
0.0
  0
LINE
  5
B24
330
1F
100
AcDbEntity
  8
Top Paste
100
AcDbLine
 10
0.3370157
 20
1.3710236
 30
0.0
 11
0.3630157
 21
1.3710236
 31
0.0
  0
LINE
  5
B25
330
1F
100
AcDbEntity
  8
Top Paste
100
AcDbLine
 10
0.3630157
 20
1.3710236
 30
0.0
 11
0.3630157
 21
1.3510236
 31
0.0
  0
LINE
  5
B26
330
1F
100
AcDbEntity
  8
Top Solder
100
AcDbLine
 10
0.3670157
 20
1.3470236
 30
0.0
 11
0.3330157
 21
1.3470236
 31
0.0
  0
LINE
  5
B27
330
1F
100
AcDbEntity
  8
Top Solder
100
AcDbLine
 10
0.3330157
 20
1.3470236
 30
0.0
 11
0.3330157
 21
1.3750236
 31
0.0
  0
LINE
  5
B28
330
1F
100
AcDbEntity
  8
Top Solder
100
AcDbLine
 10
0.3330157
 20
1.3750236
 30
0.0
 11
0.3670157
 21
1.3750236
 31
0.0
  0
LINE
  5
B29
330
1F
100
AcDbEntity
  8
Top Solder
100
AcDbLine
 10
0.3670157
 20
1.3750236
 30
0.0
 11
0.3670157
 21
1.3470236
 31
0.0
  0
LINE
  5
B2A
330
1F
100
AcDbEntity
  8
Top Overlay
100
AcDbLine
 10
0.3699921
 20
0.7647087
 30
0.0
 11
0.3959921
 21
0.7647087
 31
0.0
  0
LINE
  5
B2B
330
1F
100
AcDbEntity
  8
Top Overlay
100
AcDbLine
 10
0.3299921
 20
0.7647087
 30
0.0
 11
0.3559921
 21
0.7647087
 31
0.0
  0
LINE
  5
B2C
330
1F
100
AcDbEntity
  8
Top Overlay
100
AcDbLine
 10
0.3299921
 20
0.7967087
 30
0.0
 11
0.3559921
 21
0.7967087
 31
0.0
  0
LINE
  5
B2D
330
1F
100
AcDbEntity
  8
Top Overlay
100
AcDbLine
 10
0.3699921
 20
0.7967087
 30
0.0
 11
0.3959921
 21
0.7967087
 31
0.0
  0
LINE
  5
B2E
330
1F
100
AcDbEntity
  8
Top Overlay
100
AcDbLine
 10
0.3299921
 20
0.7647087
 30
0.0
 11
0.3299921
 21
0.7967087
 31
0.0
  0
LINE
  5
B2F
330
1F
100
AcDbEntity
  8
Top Overlay
100
AcDbLine
 10
0.3959921
 20
0.7647087
 30
0.0
 11
0.3959921
 21
0.7967087
 31
0.0
  0
LINE
  5
B30
330
1F
100
AcDbEntity
  8
Top Paste
100
AcDbLine
 10
0.3719921
 20
0.7925197
 30
0.0
 11
0.3919921
 21
0.7925197
 31
0.0
  0
LINE
  5
B31
330
1F
100
AcDbEntity
  8
Top Paste
100
AcDbLine
 10
0.3919921
 20
0.7925197
 30
0.0
 11
0.3919921
 21
0.7688977
 31
0.0
  0
LINE
  5
B32
330
1F
100
AcDbEntity
  8
Top Paste
100
AcDbLine
 10
0.3919921
 20
0.7688977
 30
0.0
 11
0.3719921
 21
0.7688977
 31
0.0
  0
LINE
  5
B33
330
1F
100
AcDbEntity
  8
Top Paste
100
AcDbLine
 10
0.3719921
 20
0.7688977
 30
0.0
 11
0.3719921
 21
0.7925197
 31
0.0
  0
LINE
  5
B34
330
1F
100
AcDbEntity
  8
Top Solder
100
AcDbLine
 10
0.3699921
 20
0.7945197
 30
0.0
 11
0.3939921
 21
0.7945197
 31
0.0
  0
LINE
  5
B35
330
1F
100
AcDbEntity
  8
Top Solder
100
AcDbLine
 10
0.3939921
 20
0.7945197
 30
0.0
 11
0.3939921
 21
0.7668977
 31
0.0
  0
LINE
  5
B36
330
1F
100
AcDbEntity
  8
Top Solder
100
AcDbLine
 10
0.3939921
 20
0.7668977
 30
0.0
 11
0.3699921
 21
0.7668977
 31
0.0
  0
LINE
  5
B37
330
1F
100
AcDbEntity
  8
Top Solder
100
AcDbLine
 10
0.3699921
 20
0.7668977
 30
0.0
 11
0.3699921
 21
0.7945197
 31
0.0
  0
LINE
  5
B38
330
1F
100
AcDbEntity
  8
Top Paste
100
AcDbLine
 10
0.3339921
 20
0.7925197
 30
0.0
 11
0.3539921
 21
0.7925197
 31
0.0
  0
LINE
  5
B39
330
1F
100
AcDbEntity
  8
Top Paste
100
AcDbLine
 10
0.3539921
 20
0.7925197
 30
0.0
 11
0.3539921
 21
0.7688977
 31
0.0
  0
LINE
  5
B3A
330
1F
100
AcDbEntity
  8
Top Paste
100
AcDbLine
 10
0.3539921
 20
0.7688977
 30
0.0
 11
0.3339921
 21
0.7688977
 31
0.0
  0
LINE
  5
B3B
330
1F
100
AcDbEntity
  8
Top Paste
100
AcDbLine
 10
0.3339921
 20
0.7688977
 30
0.0
 11
0.3339921
 21
0.7925197
 31
0.0
  0
LINE
  5
B3C
330
1F
100
AcDbEntity
  8
Top Solder
100
AcDbLine
 10
0.3319921
 20
0.7945197
 30
0.0
 11
0.3559921
 21
0.7945197
 31
0.0
  0
LINE
  5
B3D
330
1F
100
AcDbEntity
  8
Top Solder
100
AcDbLine
 10
0.3559921
 20
0.7945197
 30
0.0
 11
0.3559921
 21
0.7668977
 31
0.0
  0
LINE
  5
B3E
330
1F
100
AcDbEntity
  8
Top Solder
100
AcDbLine
 10
0.3559921
 20
0.7668977
 30
0.0
 11
0.3319921
 21
0.7668977
 31
0.0
  0
LINE
  5
B3F
330
1F
100
AcDbEntity
  8
Top Solder
100
AcDbLine
 10
0.3319921
 20
0.7668977
 30
0.0
 11
0.3319921
 21
0.7945197
 31
0.0
  0
LINE
  5
B40
330
1F
100
AcDbEntity
  8
Top Overlay
100
AcDbLine
 10
0.3699921
 20
0.7233701
 30
0.0
 11
0.3959921
 21
0.7233701
 31
0.0
  0
LINE
  5
B41
330
1F
100
AcDbEntity
  8
Top Overlay
100
AcDbLine
 10
0.3299921
 20
0.7233701
 30
0.0
 11
0.3559921
 21
0.7233701
 31
0.0
  0
LINE
  5
B42
330
1F
100
AcDbEntity
  8
Top Overlay
100
AcDbLine
 10
0.3299921
 20
0.7553701
 30
0.0
 11
0.3559921
 21
0.7553701
 31
0.0
  0
LINE
  5
B43
330
1F
100
AcDbEntity
  8
Top Overlay
100
AcDbLine
 10
0.3699921
 20
0.7553701
 30
0.0
 11
0.3959921
 21
0.7553701
 31
0.0
  0
LINE
  5
B44
330
1F
100
AcDbEntity
  8
Top Overlay
100
AcDbLine
 10
0.3299921
 20
0.7233701
 30
0.0
 11
0.3299921
 21
0.7553701
 31
0.0
  0
LINE
  5
B45
330
1F
100
AcDbEntity
  8
Top Overlay
100
AcDbLine
 10
0.3959921
 20
0.7233701
 30
0.0
 11
0.3959921
 21
0.7553701
 31
0.0
  0
LINE
  5
B46
330
1F
100
AcDbEntity
  8
Top Paste
100
AcDbLine
 10
0.3719921
 20
0.7511811
 30
0.0
 11
0.3919921
 21
0.7511811
 31
0.0
  0
LINE
  5
B47
330
1F
100
AcDbEntity
  8
Top Paste
100
AcDbLine
 10
0.3919921
 20
0.7511811
 30
0.0
 11
0.3919921
 21
0.7275591
 31
0.0
  0
LINE
  5
B48
330
1F
100
AcDbEntity
  8
Top Paste
100
AcDbLine
 10
0.3919921
 20
0.7275591
 30
0.0
 11
0.3719921
 21
0.7275591
 31
0.0
  0
LINE
  5
B49
330
1F
100
AcDbEntity
  8
Top Paste
100
AcDbLine
 10
0.3719921
 20
0.7275591
 30
0.0
 11
0.3719921
 21
0.7511811
 31
0.0
  0
LINE
  5
B4A
330
1F
100
AcDbEntity
  8
Top Solder
100
AcDbLine
 10
0.3699921
 20
0.7531811
 30
0.0
 11
0.3939921
 21
0.7531811
 31
0.0
  0
LINE
  5
B4B
330
1F
100
AcDbEntity
  8
Top Solder
100
AcDbLine
 10
0.3939921
 20
0.7531811
 30
0.0
 11
0.3939921
 21
0.7255591
 31
0.0
  0
LINE
  5
B4C
330
1F
100
AcDbEntity
  8
Top Solder
100
AcDbLine
 10
0.3939921
 20
0.7255591
 30
0.0
 11
0.3699921
 21
0.7255591
 31
0.0
  0
LINE
  5
B4D
330
1F
100
AcDbEntity
  8
Top Solder
100
AcDbLine
 10
0.3699921
 20
0.7255591
 30
0.0
 11
0.3699921
 21
0.7531811
 31
0.0
  0
LINE
  5
B4E
330
1F
100
AcDbEntity
  8
Top Paste
100
AcDbLine
 10
0.3339921
 20
0.7511811
 30
0.0
 11
0.3539921
 21
0.7511811
 31
0.0
  0
LINE
  5
B4F
330
1F
100
AcDbEntity
  8
Top Paste
100
AcDbLine
 10
0.3539921
 20
0.7511811
 30
0.0
 11
0.3539921
 21
0.7275591
 31
0.0
  0
LINE
  5
B50
330
1F
100
AcDbEntity
  8
Top Paste
100
AcDbLine
 10
0.3539921
 20
0.7275591
 30
0.0
 11
0.3339921
 21
0.7275591
 31
0.0
  0
LINE
  5
B51
330
1F
100
AcDbEntity
  8
Top Paste
100
AcDbLine
 10
0.3339921
 20
0.7275591
 30
0.0
 11
0.3339921
 21
0.7511811
 31
0.0
  0
LINE
  5
B52
330
1F
100
AcDbEntity
  8
Top Solder
100
AcDbLine
 10
0.3319921
 20
0.7531811
 30
0.0
 11
0.3559921
 21
0.7531811
 31
0.0
  0
LINE
  5
B53
330
1F
100
AcDbEntity
  8
Top Solder
100
AcDbLine
 10
0.3559921
 20
0.7531811
 30
0.0
 11
0.3559921
 21
0.7255591
 31
0.0
  0
LINE
  5
B54
330
1F
100
AcDbEntity
  8
Top Solder
100
AcDbLine
 10
0.3559921
 20
0.7255591
 30
0.0
 11
0.3319921
 21
0.7255591
 31
0.0
  0
LINE
  5
B55
330
1F
100
AcDbEntity
  8
Top Solder
100
AcDbLine
 10
0.3319921
 20
0.7255591
 30
0.0
 11
0.3319921
 21
0.7531811
 31
0.0
  0
LINE
  5
B56
330
1F
100
AcDbEntity
  8
Top Overlay
100
AcDbLine
 10
2.1735195
 20
1.6070471
 30
0.0
 11
2.1735195
 21
1.6520471
 31
0.0
  0
LINE
  5
B57
330
1F
100
AcDbEntity
  8
Top Overlay
100
AcDbLine
 10
2.1745195
 20
1.6520471
 30
0.0
 11
2.2185195
 21
1.6520471
 31
0.0
  0
LINE
  5
B58
330
1F
100
AcDbEntity
  8
Top Overlay
100
AcDbLine
 10
2.1775195
 20
1.6470471
 30
0.0
 11
2.3075195
 21
1.6470471
 31
0.0
  0
LINE
  5
B59
330
1F
100
AcDbEntity
  8
Top Overlay
100
AcDbLine
 10
2.1775195
 20
1.4970471
 30
0.0
 11
2.1775195
 21
1.6470471
 31
0.0
  0
LINE
  5
B5A
330
1F
100
AcDbEntity
  8
Top Overlay
100
AcDbLine
 10
2.3075195
 20
1.4970471
 30
0.0
 11
2.3075195
 21
1.6470471
 31
0.0
  0
LINE
  5
B5B
330
1F
100
AcDbEntity
  8
Top Overlay
100
AcDbLine
 10
2.1775195
 20
1.4970471
 30
0.0
 11
2.3075195
 21
1.4970471
 31
0.0
  0
LINE
  5
B5C
330
1F
100
AcDbEntity
  8
Top Paste
100
AcDbLine
 10
2.25236205
 20
1.58779515
 30
0.0
 11
2.25236205
 21
1.63897625
 31
0.0
  0
LINE
  5
B5D
330
1F
100
AcDbEntity
  8
Top Paste
100
AcDbLine
 10
2.25236205
 20
1.63897625
 30
0.0
 11
2.29960615
 21
1.63897625
 31
0.0
  0
LINE
  5
B5E
330
1F
100
AcDbEntity
  8
Top Paste
100
AcDbLine
 10
2.29960615
 20
1.63897625
 30
0.0
 11
2.29960615
 21
1.58779515
 31
0.0
  0
LINE
  5
B5F
330
1F
100
AcDbEntity
  8
Top Paste
100
AcDbLine
 10
2.29960615
 20
1.58779515
 30
0.0
 11
2.25236205
 21
1.58779515
 31
0.0
  0
LINE
  5
B60
330
1F
100
AcDbEntity
  8
Top Solder
100
AcDbLine
 10
2.24836205
 20
1.58379515
 30
0.0
 11
2.24836205
 21
1.64297625
 31
0.0
  0
LINE
  5
B61
330
1F
100
AcDbEntity
  8
Top Solder
100
AcDbLine
 10
2.24836205
 20
1.64297625
 30
0.0
 11
2.30360615
 21
1.64297625
 31
0.0
  0
LINE
  5
B62
330
1F
100
AcDbEntity
  8
Top Solder
100
AcDbLine
 10
2.30360615
 20
1.64297625
 30
0.0
 11
2.30360615
 21
1.58379515
 31
0.0
  0
LINE
  5
B63
330
1F
100
AcDbEntity
  8
Top Solder
100
AcDbLine
 10
2.30360615
 20
1.58379515
 30
0.0
 11
2.24836205
 21
1.58379515
 31
0.0
  0
LINE
  5
B64
330
1F
100
AcDbEntity
  8
Top Paste
100
AcDbLine
 10
2.25236205
 20
1.50511795
 30
0.0
 11
2.25236205
 21
1.55629905
 31
0.0
  0
LINE
  5
B65
330
1F
100
AcDbEntity
  8
Top Paste
100
AcDbLine
 10
2.25236205
 20
1.55629905
 30
0.0
 11
2.29960615
 21
1.55629905
 31
0.0
  0
LINE
  5
B66
330
1F
100
AcDbEntity
  8
Top Paste
100
AcDbLine
 10
2.29960615
 20
1.55629905
 30
0.0
 11
2.29960615
 21
1.50511795
 31
0.0
  0
LINE
  5
B67
330
1F
100
AcDbEntity
  8
Top Paste
100
AcDbLine
 10
2.29960615
 20
1.50511795
 30
0.0
 11
2.25236205
 21
1.50511795
 31
0.0
  0
LINE
  5
B68
330
1F
100
AcDbEntity
  8
Top Solder
100
AcDbLine
 10
2.24836205
 20
1.50111795
 30
0.0
 11
2.24836205
 21
1.56029905
 31
0.0
  0
LINE
  5
B69
330
1F
100
AcDbEntity
  8
Top Solder
100
AcDbLine
 10
2.24836205
 20
1.56029905
 30
0.0
 11
2.30360615
 21
1.56029905
 31
0.0
  0
LINE
  5
B6A
330
1F
100
AcDbEntity
  8
Top Solder
100
AcDbLine
 10
2.30360615
 20
1.56029905
 30
0.0
 11
2.30360615
 21
1.50111795
 31
0.0
  0
LINE
  5
B6B
330
1F
100
AcDbEntity
  8
Top Solder
100
AcDbLine
 10
2.30360615
 20
1.50111795
 30
0.0
 11
2.24836205
 21
1.50111795
 31
0.0
  0
LINE
  5
B6C
330
1F
100
AcDbEntity
  8
Top Paste
100
AcDbLine
 10
2.18543285
 20
1.50511795
 30
0.0
 11
2.18543285
 21
1.55629905
 31
0.0
  0
LINE
  5
B6D
330
1F
100
AcDbEntity
  8
Top Paste
100
AcDbLine
 10
2.18543285
 20
1.55629905
 30
0.0
 11
2.23267695
 21
1.55629905
 31
0.0
  0
LINE
  5
B6E
330
1F
100
AcDbEntity
  8
Top Paste
100
AcDbLine
 10
2.23267695
 20
1.55629905
 30
0.0
 11
2.23267695
 21
1.50511795
 31
0.0
  0
LINE
  5
B6F
330
1F
100
AcDbEntity
  8
Top Paste
100
AcDbLine
 10
2.23267695
 20
1.50511795
 30
0.0
 11
2.18543285
 21
1.50511795
 31
0.0
  0
LINE
  5
B70
330
1F
100
AcDbEntity
  8
Top Solder
100
AcDbLine
 10
2.18143285
 20
1.50111795
 30
0.0
 11
2.18143285
 21
1.56029905
 31
0.0
  0
LINE
  5
B71
330
1F
100
AcDbEntity
  8
Top Solder
100
AcDbLine
 10
2.18143285
 20
1.56029905
 30
0.0
 11
2.23667695
 21
1.56029905
 31
0.0
  0
LINE
  5
B72
330
1F
100
AcDbEntity
  8
Top Solder
100
AcDbLine
 10
2.23667695
 20
1.56029905
 30
0.0
 11
2.23667695
 21
1.50111795
 31
0.0
  0
LINE
  5
B73
330
1F
100
AcDbEntity
  8
Top Solder
100
AcDbLine
 10
2.23667695
 20
1.50111795
 30
0.0
 11
2.18143285
 21
1.50111795
 31
0.0
  0
LINE
  5
B74
330
1F
100
AcDbEntity
  8
Top Paste
100
AcDbLine
 10
2.18543285
 20
1.58779515
 30
0.0
 11
2.18543285
 21
1.63897625
 31
0.0
  0
LINE
  5
B75
330
1F
100
AcDbEntity
  8
Top Paste
100
AcDbLine
 10
2.18543285
 20
1.63897625
 30
0.0
 11
2.23267695
 21
1.63897625
 31
0.0
  0
LINE
  5
B76
330
1F
100
AcDbEntity
  8
Top Paste
100
AcDbLine
 10
2.23267695
 20
1.63897625
 30
0.0
 11
2.23267695
 21
1.58779515
 31
0.0
  0
LINE
  5
B77
330
1F
100
AcDbEntity
  8
Top Paste
100
AcDbLine
 10
2.23267695
 20
1.58779515
 30
0.0
 11
2.18543285
 21
1.58779515
 31
0.0
  0
LINE
  5
B78
330
1F
100
AcDbEntity
  8
Top Solder
100
AcDbLine
 10
2.18143285
 20
1.58379515
 30
0.0
 11
2.18143285
 21
1.64297625
 31
0.0
  0
LINE
  5
B79
330
1F
100
AcDbEntity
  8
Top Solder
100
AcDbLine
 10
2.18143285
 20
1.64297625
 30
0.0
 11
2.23667695
 21
1.64297625
 31
0.0
  0
LINE
  5
B7A
330
1F
100
AcDbEntity
  8
Top Solder
100
AcDbLine
 10
2.23667695
 20
1.64297625
 30
0.0
 11
2.23667695
 21
1.58379515
 31
0.0
  0
LINE
  5
B7B
330
1F
100
AcDbEntity
  8
Top Solder
100
AcDbLine
 10
2.23667695
 20
1.58379515
 30
0.0
 11
2.18143285
 21
1.58379515
 31
0.0
  0
LINE
  5
B7C
330
1F
100
AcDbEntity
  8
Top Overlay
100
AcDbLine
 10
1.1802603
 20
1.3807639
 30
0.0
 11
1.1802603
 21
1.5404959
 31
0.0
  0
LINE
  5
B7D
330
1F
100
AcDbEntity
  8
Top Overlay
100
AcDbLine
 10
1.0953303
 20
1.5404959
 30
0.0
 11
1.1802603
 21
1.5404959
 31
0.0
  0
LINE
  5
B7E
330
1F
100
AcDbEntity
  8
Top Overlay
100
AcDbLine
 10
1.0953303
 20
1.3807639
 30
0.0
 11
1.0953303
 21
1.5404959
 31
0.0
  0
LINE
  5
B7F
330
1F
100
AcDbEntity
  8
Top Overlay
100
AcDbLine
 10
1.0953303
 20
1.3807639
 30
0.0
 11
1.1802603
 21
1.3807639
 31
0.0
  0
LINE
  5
B80
330
1F
100
AcDbEntity
  8
Top Paste
100
AcDbLine
 10
1.1043308
 20
1.4901604
 30
0.0
 11
1.1043308
 21
1.5314994
 31
0.0
  0
LINE
  5
B81
330
1F
100
AcDbEntity
  8
Top Paste
100
AcDbLine
 10
1.1043308
 20
1.5314994
 30
0.0
 11
1.1712598
 21
1.5314994
 31
0.0
  0
LINE
  5
B82
330
1F
100
AcDbEntity
  8
Top Paste
100
AcDbLine
 10
1.1712598
 20
1.5314994
 30
0.0
 11
1.1712598
 21
1.4901604
 31
0.0
  0
LINE
  5
B83
330
1F
100
AcDbEntity
  8
Top Paste
100
AcDbLine
 10
1.1712598
 20
1.4901604
 30
0.0
 11
1.1043308
 21
1.4901604
 31
0.0
  0
LINE
  5
B84
330
1F
100
AcDbEntity
  8
Top Solder
100
AcDbLine
 10
1.1003308
 20
1.4861604
 30
0.0
 11
1.1003308
 21
1.5354994
 31
0.0
  0
LINE
  5
B85
330
1F
100
AcDbEntity
  8
Top Solder
100
AcDbLine
 10
1.1003308
 20
1.5354994
 30
0.0
 11
1.1752598
 21
1.5354994
 31
0.0
  0
LINE
  5
B86
330
1F
100
AcDbEntity
  8
Top Solder
100
AcDbLine
 10
1.1752598
 20
1.5354994
 30
0.0
 11
1.1752598
 21
1.4861604
 31
0.0
  0
LINE
  5
B87
330
1F
100
AcDbEntity
  8
Top Solder
100
AcDbLine
 10
1.1752598
 20
1.4861604
 30
0.0
 11
1.1003308
 21
1.4861604
 31
0.0
  0
LINE
  5
B88
330
1F
100
AcDbEntity
  8
Top Paste
100
AcDbLine
 10
1.1043308
 20
1.3897604
 30
0.0
 11
1.1043308
 21
1.4310994
 31
0.0
  0
LINE
  5
B89
330
1F
100
AcDbEntity
  8
Top Paste
100
AcDbLine
 10
1.1043308
 20
1.4310994
 30
0.0
 11
1.1712598
 21
1.4310994
 31
0.0
  0
LINE
  5
B8A
330
1F
100
AcDbEntity
  8
Top Paste
100
AcDbLine
 10
1.1712598
 20
1.4310994
 30
0.0
 11
1.1712598
 21
1.3897604
 31
0.0
  0
LINE
  5
B8B
330
1F
100
AcDbEntity
  8
Top Paste
100
AcDbLine
 10
1.1712598
 20
1.3897604
 30
0.0
 11
1.1043308
 21
1.3897604
 31
0.0
  0
LINE
  5
B8C
330
1F
100
AcDbEntity
  8
Top Solder
100
AcDbLine
 10
1.1003308
 20
1.3857604
 30
0.0
 11
1.1003308
 21
1.4350994
 31
0.0
  0
LINE
  5
B8D
330
1F
100
AcDbEntity
  8
Top Solder
100
AcDbLine
 10
1.1003308
 20
1.4350994
 30
0.0
 11
1.1752598
 21
1.4350994
 31
0.0
  0
LINE
  5
B8E
330
1F
100
AcDbEntity
  8
Top Solder
100
AcDbLine
 10
1.1752598
 20
1.4350994
 30
0.0
 11
1.1752598
 21
1.3857604
 31
0.0
  0
LINE
  5
B8F
330
1F
100
AcDbEntity
  8
Top Solder
100
AcDbLine
 10
1.1752598
 20
1.3857604
 30
0.0
 11
1.1003308
 21
1.3857604
 31
0.0
  0
LINE
  5
B90
330
1F
100
AcDbEntity
  8
Top Overlay
100
AcDbLine
 10
1.0945905
 20
1.2290551
 30
0.0
 11
1.0945905
 21
1.2740551
 31
0.0
  0
LINE
  5
B91
330
1F
100
AcDbEntity
  8
Top Overlay
100
AcDbLine
 10
1.0495905
 20
1.2290551
 30
0.0
 11
1.0935905
 21
1.2290551
 31
0.0
  0
LINE
  5
B92
330
1F
100
AcDbEntity
  8
Top Overlay
100
AcDbLine
 10
0.9605905
 20
1.2340551
 30
0.0
 11
1.0905905
 21
1.2340551
 31
0.0
  0
LINE
  5
B93
330
1F
100
AcDbEntity
  8
Top Overlay
100
AcDbLine
 10
1.0905905
 20
1.2340551
 30
0.0
 11
1.0905905
 21
1.3840551
 31
0.0
  0
LINE
  5
B94
330
1F
100
AcDbEntity
  8
Top Overlay
100
AcDbLine
 10
0.9605905
 20
1.2340551
 30
0.0
 11
0.9605905
 21
1.3840551
 31
0.0
  0
LINE
  5
B95
330
1F
100
AcDbEntity
  8
Top Overlay
100
AcDbLine
 10
0.9605905
 20
1.3840551
 30
0.0
 11
1.0905905
 21
1.3840551
 31
0.0
  0
LINE
  5
B96
330
1F
100
AcDbEntity
  8
Top Paste
100
AcDbLine
 10
1.01574795
 20
1.29330705
 30
0.0
 11
1.01574795
 21
1.24212595
 31
0.0
  0
LINE
  5
B97
330
1F
100
AcDbEntity
  8
Top Paste
100
AcDbLine
 10
1.01574795
 20
1.24212595
 30
0.0
 11
0.96850385
 21
1.24212595
 31
0.0
  0
LINE
  5
B98
330
1F
100
AcDbEntity
  8
Top Paste
100
AcDbLine
 10
0.96850385
 20
1.24212595
 30
0.0
 11
0.96850385
 21
1.29330705
 31
0.0
  0
LINE
  5
B99
330
1F
100
AcDbEntity
  8
Top Paste
100
AcDbLine
 10
0.96850385
 20
1.29330705
 30
0.0
 11
1.01574795
 21
1.29330705
 31
0.0
  0
LINE
  5
B9A
330
1F
100
AcDbEntity
  8
Top Solder
100
AcDbLine
 10
1.01974795
 20
1.29730705
 30
0.0
 11
1.01974795
 21
1.23812595
 31
0.0
  0
LINE
  5
B9B
330
1F
100
AcDbEntity
  8
Top Solder
100
AcDbLine
 10
1.01974795
 20
1.23812595
 30
0.0
 11
0.96450385
 21
1.23812595
 31
0.0
  0
LINE
  5
B9C
330
1F
100
AcDbEntity
  8
Top Solder
100
AcDbLine
 10
0.96450385
 20
1.23812595
 30
0.0
 11
0.96450385
 21
1.29730705
 31
0.0
  0
LINE
  5
B9D
330
1F
100
AcDbEntity
  8
Top Solder
100
AcDbLine
 10
0.96450385
 20
1.29730705
 30
0.0
 11
1.01974795
 21
1.29730705
 31
0.0
  0
LINE
  5
B9E
330
1F
100
AcDbEntity
  8
Top Paste
100
AcDbLine
 10
1.01574795
 20
1.37598425
 30
0.0
 11
1.01574795
 21
1.32480315
 31
0.0
  0
LINE
  5
B9F
330
1F
100
AcDbEntity
  8
Top Paste
100
AcDbLine
 10
1.01574795
 20
1.32480315
 30
0.0
 11
0.96850385
 21
1.32480315
 31
0.0
  0
LINE
  5
BA0
330
1F
100
AcDbEntity
  8
Top Paste
100
AcDbLine
 10
0.96850385
 20
1.32480315
 30
0.0
 11
0.96850385
 21
1.37598425
 31
0.0
  0
LINE
  5
BA1
330
1F
100
AcDbEntity
  8
Top Paste
100
AcDbLine
 10
0.96850385
 20
1.37598425
 30
0.0
 11
1.01574795
 21
1.37598425
 31
0.0
  0
LINE
  5
BA2
330
1F
100
AcDbEntity
  8
Top Solder
100
AcDbLine
 10
1.01974795
 20
1.37998425
 30
0.0
 11
1.01974795
 21
1.32080315
 31
0.0
  0
LINE
  5
BA3
330
1F
100
AcDbEntity
  8
Top Solder
100
AcDbLine
 10
1.01974795
 20
1.32080315
 30
0.0
 11
0.96450385
 21
1.32080315
 31
0.0
  0
LINE
  5
BA4
330
1F
100
AcDbEntity
  8
Top Solder
100
AcDbLine
 10
0.96450385
 20
1.32080315
 30
0.0
 11
0.96450385
 21
1.37998425
 31
0.0
  0
LINE
  5
BA5
330
1F
100
AcDbEntity
  8
Top Solder
100
AcDbLine
 10
0.96450385
 20
1.37998425
 30
0.0
 11
1.01974795
 21
1.37998425
 31
0.0
  0
LINE
  5
BA6
330
1F
100
AcDbEntity
  8
Top Paste
100
AcDbLine
 10
1.08267715
 20
1.37598425
 30
0.0
 11
1.08267715
 21
1.32480315
 31
0.0
  0
LINE
  5
BA7
330
1F
100
AcDbEntity
  8
Top Paste
100
AcDbLine
 10
1.08267715
 20
1.32480315
 30
0.0
 11
1.03543305
 21
1.32480315
 31
0.0
  0
LINE
  5
BA8
330
1F
100
AcDbEntity
  8
Top Paste
100
AcDbLine
 10
1.03543305
 20
1.32480315
 30
0.0
 11
1.03543305
 21
1.37598425
 31
0.0
  0
LINE
  5
BA9
330
1F
100
AcDbEntity
  8
Top Paste
100
AcDbLine
 10
1.03543305
 20
1.37598425
 30
0.0
 11
1.08267715
 21
1.37598425
 31
0.0
  0
LINE
  5
BAA
330
1F
100
AcDbEntity
  8
Top Solder
100
AcDbLine
 10
1.08667715
 20
1.37998425
 30
0.0
 11
1.08667715
 21
1.32080315
 31
0.0
  0
LINE
  5
BAB
330
1F
100
AcDbEntity
  8
Top Solder
100
AcDbLine
 10
1.08667715
 20
1.32080315
 30
0.0
 11
1.03143305
 21
1.32080315
 31
0.0
  0
LINE
  5
BAC
330
1F
100
AcDbEntity
  8
Top Solder
100
AcDbLine
 10
1.03143305
 20
1.32080315
 30
0.0
 11
1.03143305
 21
1.37998425
 31
0.0
  0
LINE
  5
BAD
330
1F
100
AcDbEntity
  8
Top Solder
100
AcDbLine
 10
1.03143305
 20
1.37998425
 30
0.0
 11
1.08667715
 21
1.37998425
 31
0.0
  0
LINE
  5
BAE
330
1F
100
AcDbEntity
  8
Top Paste
100
AcDbLine
 10
1.08267715
 20
1.29330705
 30
0.0
 11
1.08267715
 21
1.24212595
 31
0.0
  0
LINE
  5
BAF
330
1F
100
AcDbEntity
  8
Top Paste
100
AcDbLine
 10
1.08267715
 20
1.24212595
 30
0.0
 11
1.03543305
 21
1.24212595
 31
0.0
  0
LINE
  5
BB0
330
1F
100
AcDbEntity
  8
Top Paste
100
AcDbLine
 10
1.03543305
 20
1.24212595
 30
0.0
 11
1.03543305
 21
1.29330705
 31
0.0
  0
LINE
  5
BB1
330
1F
100
AcDbEntity
  8
Top Paste
100
AcDbLine
 10
1.03543305
 20
1.29330705
 30
0.0
 11
1.08267715
 21
1.29330705
 31
0.0
  0
LINE
  5
BB2
330
1F
100
AcDbEntity
  8
Top Solder
100
AcDbLine
 10
1.08667715
 20
1.29730705
 30
0.0
 11
1.08667715
 21
1.23812595
 31
0.0
  0
LINE
  5
BB3
330
1F
100
AcDbEntity
  8
Top Solder
100
AcDbLine
 10
1.08667715
 20
1.23812595
 30
0.0
 11
1.03143305
 21
1.23812595
 31
0.0
  0
LINE
  5
BB4
330
1F
100
AcDbEntity
  8
Top Solder
100
AcDbLine
 10
1.03143305
 20
1.23812595
 30
0.0
 11
1.03143305
 21
1.29730705
 31
0.0
  0
LINE
  5
BB5
330
1F
100
AcDbEntity
  8
Top Solder
100
AcDbLine
 10
1.03143305
 20
1.29730705
 30
0.0
 11
1.08667715
 21
1.29730705
 31
0.0
  0
LINE
  5
BB6
330
1F
100
AcDbEntity
  8
Top Overlay
100
AcDbLine
 10
1.2185087
 20
1.924222
 30
0.0
 11
1.2185087
 21
2.075722
 31
0.0
  0
LINE
  5
BB7
330
1F
100
AcDbEntity
  8
Top Overlay
100
AcDbLine
 10
1.4429087
 20
1.924222
 30
0.0
 11
1.4429087
 21
2.075722
 31
0.0
  0
LINE
  5
BB8
330
1F
100
AcDbEntity
  8
Top Overlay
100
AcDbLine
 10
1.4429087
 20
2.614122
 30
0.0
 11
1.4728087
 21
2.614122
 31
0.0
  0
LINE
  5
BB9
330
1F
100
AcDbEntity
  8
Top Overlay
100
AcDbLine
 10
1.4728087
 20
2.614122
 30
0.0
 11
1.4728087
 21
2.625922
 31
0.0
  0
LINE
  5
BBA
330
1F
100
AcDbEntity
  8
Top Overlay
100
AcDbLine
 10
1.1886087
 20
2.625922
 30
0.0
 11
1.4728087
 21
2.625922
 31
0.0
  0
LINE
  5
BBB
330
1F
100
AcDbEntity
  8
Top Overlay
100
AcDbLine
 10
1.1886087
 20
2.614122
 30
0.0
 11
1.1886087
 21
2.625922
 31
0.0
  0
LINE
  5
BBC
330
1F
100
AcDbEntity
  8
Top Overlay
100
AcDbLine
 10
1.1886087
 20
2.614122
 30
0.0
 11
1.2185087
 21
2.614122
 31
0.0
  0
LINE
  5
BBD
330
1F
100
AcDbEntity
  8
Top Overlay
100
AcDbLine
 10
1.4429087
 20
2.223322
 30
0.0
 11
1.4429087
 21
2.614122
 31
0.0
  0
LINE
  5
BBE
330
1F
100
AcDbEntity
  8
Top Overlay
100
AcDbLine
 10
1.4429087
 20
2.075722
 30
0.0
 11
1.4429087
 21
2.099522
 31
0.0
  0
LINE
  5
BBF
330
1F
100
AcDbEntity
  8
Top Overlay
100
AcDbLine
 10
1.2185087
 20
2.223322
 30
0.0
 11
1.2185087
 21
2.614122
 31
0.0
  0
LINE
  5
BC0
330
1F
100
AcDbEntity
  8
Top Overlay
100
AcDbLine
 10
1.2185087
 20
2.075722
 30
0.0
 11
1.2185087
 21
2.099522
 31
0.0
  0
LINE
  5
BC1
330
1F
100
AcDbEntity
  8
Top Overlay
100
AcDbLine
 10
1.2819087
 20
1.862222
 30
0.0
 11
1.3794087
 21
1.862222
 31
0.0
  0
CIRCLE
  5
BC2
330
1F
100
AcDbEntity
  8
Multi-Layer
100
AcDbCircle
 10
1.3307087
 20
1.905522
 30
0.0
 40
0.0315
  0
CIRCLE
  5
BC3
330
1F
100
AcDbEntity
  8
Top Solder
100
AcDbCircle
 10
1.3307087
 20
1.905522
 30
0.0
 40
0.0355
  0
CIRCLE
  5
BC4
330
1F
100
AcDbEntity
  8
Multi-Layer
100
AcDbCircle
 10
1.3307087
 20
1.984222
 30
0.0
 40
0.0315
  0
CIRCLE
  5
BC5
330
1F
100
AcDbEntity
  8
Top Solder
100
AcDbCircle
 10
1.3307087
 20
1.984222
 30
0.0
 40
0.0355
  0
CIRCLE
  5
BC6
330
1F
100
AcDbEntity
  8
Multi-Layer
100
AcDbCircle
 10
1.3307087
 20
2.062922
 30
0.0
 40
0.0315
  0
CIRCLE
  5
BC7
330
1F
100
AcDbEntity
  8
Top Solder
100
AcDbCircle
 10
1.3307087
 20
2.062922
 30
0.0
 40
0.0355
  0
CIRCLE
  5
BC8
330
1F
100
AcDbEntity
  8
Multi-Layer
100
AcDbCircle
 10
1.3307087
 20
2.141722
 30
0.0
 40
0.0315
  0
CIRCLE
  5
BC9
330
1F
100
AcDbEntity
  8
Top Solder
100
AcDbCircle
 10
1.3307087
 20
2.141722
 30
0.0
 40
0.0355
  0
CIRCLE
  5
BCA
330
1F
100
AcDbEntity
  8
Multi-Layer
100
AcDbCircle
 10
1.4370087
 20
1.885822
 30
0.0
 40
0.0551
  0
CIRCLE
  5
BCB
330
1F
100
AcDbEntity
  8
Top Solder
100
AcDbCircle
 10
1.4370087
 20
1.885822
 30
0.0
 40
0.0591
  0
CIRCLE
  5
BCC
330
1F
100
AcDbEntity
  8
Multi-Layer
100
AcDbCircle
 10
1.4370087
 20
2.161422
 30
0.0
 40
0.0551
  0
CIRCLE
  5
BCD
330
1F
100
AcDbEntity
  8
Top Solder
100
AcDbCircle
 10
1.4370087
 20
2.161422
 30
0.0
 40
0.0591
  0
CIRCLE
  5
BCE
330
1F
100
AcDbEntity
  8
Multi-Layer
100
AcDbCircle
 10
1.2244087
 20
2.161422
 30
0.0
 40
0.0551
  0
CIRCLE
  5
BCF
330
1F
100
AcDbEntity
  8
Top Solder
100
AcDbCircle
 10
1.2244087
 20
2.161422
 30
0.0
 40
0.0591
  0
CIRCLE
  5
BD0
330
1F
100
AcDbEntity
  8
Multi-Layer
100
AcDbCircle
 10
1.2244087
 20
1.885822
 30
0.0
 40
0.0551
  0
CIRCLE
  5
BD1
330
1F
100
AcDbEntity
  8
Top Solder
100
AcDbCircle
 10
1.2244087
 20
1.885822
 30
0.0
 40
0.0591
  0
LINE
  5
BD2
330
1F
100
AcDbEntity
  8
Top Overlay
100
AcDbLine
 10
0.9226375
 20
2.3189756
 30
0.0
 11
1.0352355
 21
2.3189756
 31
0.0
  0
LINE
  5
BD3
330
1F
100
AcDbEntity
  8
Top Overlay
100
AcDbLine
 10
0.9226375
 20
2.3069336
 30
0.0
 11
0.9226375
 21
2.3189756
 31
0.0
  0
LINE
  5
BD4
330
1F
100
AcDbEntity
  8
Top Overlay
100
AcDbLine
 10
0.9226375
 20
2.1179576
 30
0.0
 11
0.9226375
 21
2.2099936
 31
0.0
  0
LINE
  5
BD5
330
1F
100
AcDbEntity
  8
Top Overlay
100
AcDbLine
 10
0.9226375
 20
2.0025586
 30
0.0
 11
0.9226375
 21
2.0210176
 31
0.0
  0
LINE
  5
BD6
330
1F
100
AcDbEntity
  8
Top Overlay
100
AcDbLine
 10
1.0352355
 20
2.3069336
 30
0.0
 11
1.0352355
 21
2.3189756
 31
0.0
  0
LINE
  5
BD7
330
1F
100
AcDbEntity
  8
Top Overlay
100
AcDbLine
 10
1.0352355
 20
2.1179576
 30
0.0
 11
1.0352355
 21
2.2099936
 31
0.0
  0
LINE
  5
BD8
330
1F
100
AcDbEntity
  8
Top Overlay
100
AcDbLine
 10
1.0352355
 20
2.0025586
 30
0.0
 11
1.0352355
 21
2.0210176
 31
0.0
  0
LINE
  5
BD9
330
1F
100
AcDbEntity
  8
Top Overlay
100
AcDbLine
 10
0.9232575
 20
2.0025586
 30
0.0
 11
1.0352355
 21
2.0025586
 31
0.0
  0
LINE
  5
BDA
330
1F
100
AcDbEntity
  8
Top Overlay
100
AcDbLine
 10
0.9682575
 20
2.3189756
 30
0.0
 11
0.9682575
 21
2.5589756
 31
0.0
  0
LINE
  5
BDB
330
1F
100
AcDbEntity
  8
Top Overlay
100
AcDbLine
 10
0.9896855
 20
2.3189756
 30
0.0
 11
0.9896855
 21
2.5589756
 31
0.0
  0
LINE
  5
BDC
330
1F
100
AcDbEntity
  8
Top Overlay
100
AcDbLine
 10
0.9226375
 20
2.3246506
 30
0.0
 11
0.9226375
 21
2.3398476
 31
0.0
  0
LINE
  5
BDD
330
1F
100
AcDbEntity
  8
Top Overlay
100
AcDbLine
 10
0.9226375
 20
2.0844926
 30
0.0
 11
0.9226375
 21
2.2434586
 31
0.0
  0
LINE
  5
BDE
330
1F
100
AcDbEntity
  8
Top Overlay
100
AcDbLine
 10
1.0352355
 20
2.3246506
 30
0.0
 11
1.0352355
 21
2.3284196
 31
0.0
  0
LINE
  5
BDF
330
1F
100
AcDbEntity
  8
Top Overlay
100
AcDbLine
 10
1.0352355
 20
2.0844926
 30
0.0
 11
1.0352355
 21
2.2434586
 31
0.0
  0
LINE
  5
BE0
330
1F
100
AcDbEntity
  8
Top Overlay
100
AcDbLine
 10
1.0352355
 20
2.0025586
 30
0.0
 11
1.0352355
 21
2.0033006
 31
0.0
  0
LINE
  5
BE1
330
1F
100
AcDbEntity
  8
Top Overlay
100
AcDbLine
 10
0.9226375
 20
2.5589756
 30
0.0
 11
1.0352355
 21
2.5589756
 31
0.0
  0
LINE
  5
BE2
330
1F
100
AcDbEntity
  8
Top Overlay
100
AcDbLine
 10
1.0352355
 20
2.3189756
 30
0.0
 11
1.0352355
 21
2.5589756
 31
0.0
  0
LINE
  5
BE3
330
1F
100
AcDbEntity
  8
Top Overlay
100
AcDbLine
 10
0.9226375
 20
2.3189756
 30
0.0
 11
0.9226375
 21
2.5589756
 31
0.0
  0
CIRCLE
  5
BE4
330
1F
100
AcDbEntity
  8
Multi-Layer
100
AcDbCircle
 10
0.9937005
 20
2.2791336
 30
0.0
 40
0.011811
  0
CIRCLE
  5
BE5
330
1F
100
AcDbEntity
  8
Top Solder
100
AcDbCircle
 10
0.9937005
 20
2.2791336
 30
0.0
 40
0.015811
  0
CIRCLE
  5
BE6
330
1F
100
AcDbEntity
  8
Multi-Layer
100
AcDbCircle
 10
0.9937005
 20
2.2437036
 30
0.0
 40
0.011811
  0
CIRCLE
  5
BE7
330
1F
100
AcDbEntity
  8
Top Solder
100
AcDbCircle
 10
0.9937005
 20
2.2437036
 30
0.0
 40
0.015811
  0
CIRCLE
  5
BE8
330
1F
100
AcDbEntity
  8
Multi-Layer
100
AcDbCircle
 10
0.9937005
 20
2.2082636
 30
0.0
 40
0.011811
  0
CIRCLE
  5
BE9
330
1F
100
AcDbEntity
  8
Top Solder
100
AcDbCircle
 10
0.9937005
 20
2.2082636
 30
0.0
 40
0.015811
  0
CIRCLE
  5
BEA
330
1F
100
AcDbEntity
  8
Multi-Layer
100
AcDbCircle
 10
0.9937005
 20
2.1728336
 30
0.0
 40
0.011811
  0
CIRCLE
  5
BEB
330
1F
100
AcDbEntity
  8
Top Solder
100
AcDbCircle
 10
0.9937005
 20
2.1728336
 30
0.0
 40
0.015811
  0
CIRCLE
  5
BEC
330
1F
100
AcDbEntity
  8
Multi-Layer
100
AcDbCircle
 10
0.9937005
 20
2.1374036
 30
0.0
 40
0.011811
  0
CIRCLE
  5
BED
330
1F
100
AcDbEntity
  8
Top Solder
100
AcDbCircle
 10
0.9937005
 20
2.1374036
 30
0.0
 40
0.015811
  0
CIRCLE
  5
BEE
330
1F
100
AcDbEntity
  8
Multi-Layer
100
AcDbCircle
 10
0.9937005
 20
2.0842536
 30
0.0
 40
0.011811
  0
CIRCLE
  5
BEF
330
1F
100
AcDbEntity
  8
Top Solder
100
AcDbCircle
 10
0.9937005
 20
2.0842536
 30
0.0
 40
0.015811
  0
CIRCLE
  5
BF0
330
1F
100
AcDbEntity
  8
Multi-Layer
100
AcDbCircle
 10
0.9937005
 20
2.0488136
 30
0.0
 40
0.011811
  0
CIRCLE
  5
BF1
330
1F
100
AcDbEntity
  8
Top Solder
100
AcDbCircle
 10
0.9937005
 20
2.0488136
 30
0.0
 40
0.015811
  0
CIRCLE
  5
BF2
330
1F
100
AcDbEntity
  8
Multi-Layer
100
AcDbCircle
 10
0.9641705
 20
2.0488136
 30
0.0
 40
0.011811
  0
CIRCLE
  5
BF3
330
1F
100
AcDbEntity
  8
Top Solder
100
AcDbCircle
 10
0.9641705
 20
2.0488136
 30
0.0
 40
0.015811
  0
CIRCLE
  5
BF4
330
1F
100
AcDbEntity
  8
Multi-Layer
100
AcDbCircle
 10
0.9641705
 20
2.0842536
 30
0.0
 40
0.011811
  0
CIRCLE
  5
BF5
330
1F
100
AcDbEntity
  8
Top Solder
100
AcDbCircle
 10
0.9641705
 20
2.0842536
 30
0.0
 40
0.015811
  0
CIRCLE
  5
BF6
330
1F
100
AcDbEntity
  8
Multi-Layer
100
AcDbCircle
 10
0.9641705
 20
2.1196836
 30
0.0
 40
0.011811
  0
CIRCLE
  5
BF7
330
1F
100
AcDbEntity
  8
Top Solder
100
AcDbCircle
 10
0.9641705
 20
2.1196836
 30
0.0
 40
0.015811
  0
CIRCLE
  5
BF8
330
1F
100
AcDbEntity
  8
Multi-Layer
100
AcDbCircle
 10
0.9641705
 20
2.1551136
 30
0.0
 40
0.011811
  0
CIRCLE
  5
BF9
330
1F
100
AcDbEntity
  8
Top Solder
100
AcDbCircle
 10
0.9641705
 20
2.1551136
 30
0.0
 40
0.015811
  0
CIRCLE
  5
BFA
330
1F
100
AcDbEntity
  8
Multi-Layer
100
AcDbCircle
 10
0.9641705
 20
2.1905536
 30
0.0
 40
0.011811
  0
CIRCLE
  5
BFB
330
1F
100
AcDbEntity
  8
Top Solder
100
AcDbCircle
 10
0.9641705
 20
2.1905536
 30
0.0
 40
0.015811
  0
CIRCLE
  5
BFC
330
1F
100
AcDbEntity
  8
Multi-Layer
100
AcDbCircle
 10
0.9641705
 20
2.2437036
 30
0.0
 40
0.011811
  0
CIRCLE
  5
BFD
330
1F
100
AcDbEntity
  8
Top Solder
100
AcDbCircle
 10
0.9641705
 20
2.2437036
 30
0.0
 40
0.015811
  0
CIRCLE
  5
BFE
330
1F
100
AcDbEntity
  8
Multi-Layer
100
AcDbCircle
 10
0.9641705
 20
2.2791336
 30
0.0
 40
0.011811
  0
CIRCLE
  5
BFF
330
1F
100
AcDbEntity
  8
Top Solder
100
AcDbCircle
 10
0.9641705
 20
2.2791336
 30
0.0
 40
0.015811
  0
ARC
  5
C00
330
1F
100
AcDbEntity
  8
Multi-Layer
100
AcDbCircle
 10
0.9226405
 20
2.2722426
 30
0.0
 40
0.019685
100
AcDbArc
 50
180.0
 51
0.0
  0
LINE
  5
C01
330
1F
100
AcDbEntity
  8
Multi-Layer
100
AcDbLine
 10
0.9423254999999999
 20
2.2722426
 30
0.0
 11
0.9423254999999999
 21
2.2958646
 31
0.0
  0
ARC
  5
C02
330
1F
100
AcDbEntity
  8
Multi-Layer
100
AcDbCircle
 10
0.9226405
 20
2.2958646
 30
0.0
 40
0.019685
100
AcDbArc
 50
0.0
 51
180.0
  0
LINE
  5
C03
330
1F
100
AcDbEntity
  8
Multi-Layer
100
AcDbLine
 10
0.9029555
 20
2.2958646
 30
0.0
 11
0.9029555
 21
2.2722426
 31
0.0
  0
ARC
  5
C04
330
1F
100
AcDbEntity
  8
Top Solder
100
AcDbCircle
 10
0.9226405
 20
2.2722426
 30
0.0
 40
0.023685
100
AcDbArc
 50
180.0
 51
0.0
  0
LINE
  5
C05
330
1F
100
AcDbEntity
  8
Top Solder
100
AcDbLine
 10
0.9463254999999999
 20
2.2722426
 30
0.0
 11
0.9463254999999999
 21
2.2958646
 31
0.0
  0
ARC
  5
C06
330
1F
100
AcDbEntity
  8
Top Solder
100
AcDbCircle
 10
0.9226405
 20
2.2958646
 30
0.0
 40
0.023685
100
AcDbArc
 50
0.0
 51
180.0
  0
LINE
  5
C07
330
1F
100
AcDbEntity
  8
Top Solder
100
AcDbLine
 10
0.8989555
 20
2.2958646
 30
0.0
 11
0.8989555
 21
2.2722426
 31
0.0
  0
ARC
  5
C08
330
1F
100
AcDbEntity
  8
Multi-Layer
100
AcDbCircle
 10
1.0352405
 20
2.2722426
 30
0.0
 40
0.019685
100
AcDbArc
 50
180.0
 51
0.0
  0
LINE
  5
C09
330
1F
100
AcDbEntity
  8
Multi-Layer
100
AcDbLine
 10
1.0549255
 20
2.2722426
 30
0.0
 11
1.0549255
 21
2.2958646
 31
0.0
  0
ARC
  5
C0A
330
1F
100
AcDbEntity
  8
Multi-Layer
100
AcDbCircle
 10
1.0352405
 20
2.2958646
 30
0.0
 40
0.019685
100
AcDbArc
 50
0.0
 51
180.0
  0
LINE
  5
C0B
330
1F
100
AcDbEntity
  8
Multi-Layer
100
AcDbLine
 10
1.0155555
 20
2.2958646
 30
0.0
 11
1.0155555
 21
2.2722426
 31
0.0
  0
ARC
  5
C0C
330
1F
100
AcDbEntity
  8
Top Solder
100
AcDbCircle
 10
1.0352405
 20
2.2722426
 30
0.0
 40
0.023685
100
AcDbArc
 50
180.0
 51
0.0
  0
LINE
  5
C0D
330
1F
100
AcDbEntity
  8
Top Solder
100
AcDbLine
 10
1.0589255
 20
2.2722426
 30
0.0
 11
1.0589255
 21
2.2958646
 31
0.0
  0
ARC
  5
C0E
330
1F
100
AcDbEntity
  8
Top Solder
100
AcDbCircle
 10
1.0352405
 20
2.2958646
 30
0.0
 40
0.023685
100
AcDbArc
 50
0.0
 51
180.0
  0
LINE
  5
C0F
330
1F
100
AcDbEntity
  8
Top Solder
100
AcDbLine
 10
1.0115555
 20
2.2958646
 30
0.0
 11
1.0115555
 21
2.2722426
 31
0.0
  0
ARC
  5
C10
330
1F
100
AcDbEntity
  8
Multi-Layer
100
AcDbCircle
 10
0.9226405
 20
2.0242086
 30
0.0
 40
0.019685
100
AcDbArc
 50
180.0
 51
0.0
  0
LINE
  5
C11
330
1F
100
AcDbEntity
  8
Multi-Layer
100
AcDbLine
 10
0.9423254999999999
 20
2.0242086
 30
0.0
 11
0.9423254999999999
 21
2.0635786
 31
0.0
  0
ARC
  5
C12
330
1F
100
AcDbEntity
  8
Multi-Layer
100
AcDbCircle
 10
0.9226405
 20
2.0635786
 30
0.0
 40
0.019685
100
AcDbArc
 50
0.0
 51
180.0
  0
LINE
  5
C13
330
1F
100
AcDbEntity
  8
Multi-Layer
100
AcDbLine
 10
0.9029555
 20
2.0635786
 30
0.0
 11
0.9029555
 21
2.0242086
 31
0.0
  0
ARC
  5
C14
330
1F
100
AcDbEntity
  8
Top Solder
100
AcDbCircle
 10
0.9226405
 20
2.0242086
 30
0.0
 40
0.023685
100
AcDbArc
 50
180.0
 51
0.0
  0
LINE
  5
C15
330
1F
100
AcDbEntity
  8
Top Solder
100
AcDbLine
 10
0.9463254999999999
 20
2.0242086
 30
0.0
 11
0.9463254999999999
 21
2.0635786
 31
0.0
  0
ARC
  5
C16
330
1F
100
AcDbEntity
  8
Top Solder
100
AcDbCircle
 10
0.9226405
 20
2.0635786
 30
0.0
 40
0.023685
100
AcDbArc
 50
0.0
 51
180.0
  0
LINE
  5
C17
330
1F
100
AcDbEntity
  8
Top Solder
100
AcDbLine
 10
0.8989555
 20
2.0635786
 30
0.0
 11
0.8989555
 21
2.0242086
 31
0.0
  0
ARC
  5
C18
330
1F
100
AcDbEntity
  8
Multi-Layer
100
AcDbCircle
 10
1.0352405
 20
2.0242086
 30
0.0
 40
0.019685
100
AcDbArc
 50
180.0
 51
0.0
  0
LINE
  5
C19
330
1F
100
AcDbEntity
  8
Multi-Layer
100
AcDbLine
 10
1.0549255
 20
2.0242086
 30
0.0
 11
1.0549255
 21
2.0635786
 31
0.0
  0
ARC
  5
C1A
330
1F
100
AcDbEntity
  8
Multi-Layer
100
AcDbCircle
 10
1.0352405
 20
2.0635786
 30
0.0
 40
0.019685
100
AcDbArc
 50
0.0
 51
180.0
  0
LINE
  5
C1B
330
1F
100
AcDbEntity
  8
Multi-Layer
100
AcDbLine
 10
1.0155555
 20
2.0635786
 30
0.0
 11
1.0155555
 21
2.0242086
 31
0.0
  0
ARC
  5
C1C
330
1F
100
AcDbEntity
  8
Top Solder
100
AcDbCircle
 10
1.0352405
 20
2.0242086
 30
0.0
 40
0.023685
100
AcDbArc
 50
180.0
 51
0.0
  0
LINE
  5
C1D
330
1F
100
AcDbEntity
  8
Top Solder
100
AcDbLine
 10
1.0589255
 20
2.0242086
 30
0.0
 11
1.0589255
 21
2.0635786
 31
0.0
  0
ARC
  5
C1E
330
1F
100
AcDbEntity
  8
Top Solder
100
AcDbCircle
 10
1.0352405
 20
2.0635786
 30
0.0
 40
0.023685
100
AcDbArc
 50
0.0
 51
180.0
  0
LINE
  5
C1F
330
1F
100
AcDbEntity
  8
Top Solder
100
AcDbLine
 10
1.0115555
 20
2.0635786
 30
0.0
 11
1.0115555
 21
2.0242086
 31
0.0
  0
CIRCLE
  5
C20
330
1F
100
AcDbEntity
  8
Top Courtyard
100
AcDbCircle
 10
1.0452772
 20
1.9488208
 30
0.0
 40
0.00394
  0
CIRCLE
  5
C21
330
1F
100
AcDbEntity
  8
Top Courtyard
100
AcDbCircle
 10
1.2838185
 20
2.2983099
 30
0.0
 40
0.0079
  0
CIRCLE
  5
C22
330
1F
100
AcDbEntity
  8
Top Courtyard
100
AcDbCircle
 10
0.8720488
 20
2.2106283
 30
0.0
 40
0.00394
  0
CIRCLE
  5
C23
330
1F
100
AcDbEntity
  8
Top Courtyard
100
AcDbCircle
 10
0.7122065
 20
0.667126
 30
0.0
 40
0.00591
  0
LINE
  5
C24
330
1F
100
AcDbEntity
  8
Top Overlay
100
AcDbLine
 10
2.1334584
 20
1.5314959
 30
0.0
 11
2.1334584
 21
1.5413369
 31
0.0
  0
LINE
  5
C25
330
1F
100
AcDbEntity
  8
Top Overlay
100
AcDbLine
 10
2.1236194
 20
1.5511759
 30
0.0
 11
2.1334584
 21
1.5413369
 31
0.0
  0
LINE
  5
C26
330
1F
100
AcDbEntity
  8
Top Overlay
100
AcDbLine
 10
2.1137784
 20
1.5511759
 30
0.0
 11
2.1236194
 21
1.5511759
 31
0.0
  0
LINE
  5
C27
330
1F
100
AcDbEntity
  8
Top Overlay
100
AcDbLine
 10
2.1334394
 20
1.3465609
 30
0.0
 11
2.1334394
 21
1.3662409
 31
0.0
  0
LINE
  5
C28
330
1F
100
AcDbEntity
  8
Top Overlay
100
AcDbLine
 10
1.9286464
 20
1.3465609
 30
0.0
 11
1.9483264
 21
1.3465609
 31
0.0
  0
LINE
  5
C29
330
1F
100
AcDbEntity
  8
Top Overlay
100
AcDbLine
 10
1.9288144
 20
1.5512759
 30
0.0
 11
1.9484944
 21
1.5512759
 31
0.0
  0
LINE
  5
C2A
330
1F
100
AcDbEntity
  8
Top Overlay
100
AcDbLine
 10
1.9286464
 20
1.3465609
 30
0.0
 11
1.9286464
 21
1.3662409
 31
0.0
  0
LINE
  5
C2B
330
1F
100
AcDbEntity
  8
Top Overlay
100
AcDbLine
 10
1.9288144
 20
1.5315959
 30
0.0
 11
1.9288144
 21
1.5512759
 31
0.0
  0
LINE
  5
C2C
330
1F
100
AcDbEntity
  8
Top Overlay
100
AcDbLine
 10
2.1137584
 20
1.3465609
 30
0.0
 11
2.1334394
 21
1.3465609
 31
0.0
  0
CIRCLE
  5
C2D
330
1F
100
AcDbEntity
  8
Top Overlay
100
AcDbCircle
 10
2.1196224
 20
1.5668489
 30
0.0
 40
0.00492
  0
LINE
  5
C2E
330
1F
100
AcDbEntity
  8
Top Solder
100
AcDbLine
 10
1.9622049
 20
1.5177164
 30
0.0
 11
2.0999999
 21
1.5177164
 31
0.0
  0
LINE
  5
C2F
330
1F
100
AcDbEntity
  8
Top Solder
100
AcDbLine
 10
2.0999999
 20
1.5177164
 30
0.0
 11
2.0999999
 21
1.3799214
 31
0.0
  0
LINE
  5
C30
330
1F
100
AcDbEntity
  8
Top Solder
100
AcDbLine
 10
2.0999999
 20
1.3799214
 30
0.0
 11
1.9622049
 21
1.3799214
 31
0.0
  0
LINE
  5
C31
330
1F
100
AcDbEntity
  8
Top Solder
100
AcDbLine
 10
1.9622049
 20
1.3799214
 30
0.0
 11
1.9622049
 21
1.5177164
 31
0.0
  0
LINE
  5
C32
330
1F
100
AcDbEntity
  8
Top Solder
100
AcDbLine
 10
2.1472389
 20
1.5102384
 30
0.0
 11
2.1118059
 21
1.5102384
 31
0.0
  0
LINE
  5
C33
330
1F
100
AcDbEntity
  8
Top Solder
100
AcDbLine
 10
2.1118059
 20
1.5102384
 30
0.0
 11
2.1118059
 21
1.5251994
 31
0.0
  0
LINE
  5
C34
330
1F
100
AcDbEntity
  8
Top Solder
100
AcDbLine
 10
2.1118059
 20
1.5251994
 30
0.0
 11
2.1472389
 21
1.5251994
 31
0.0
  0
LINE
  5
C35
330
1F
100
AcDbEntity
  8
Top Solder
100
AcDbLine
 10
2.1472389
 20
1.5251994
 30
0.0
 11
2.1472389
 21
1.5102384
 31
0.0
  0
LINE
  5
C36
330
1F
100
AcDbEntity
  8
Top Solder
100
AcDbLine
 10
2.1472389
 20
1.4905484
 30
0.0
 11
2.1118059
 21
1.4905484
 31
0.0
  0
LINE
  5
C37
330
1F
100
AcDbEntity
  8
Top Solder
100
AcDbLine
 10
2.1118059
 20
1.4905484
 30
0.0
 11
2.1118059
 21
1.5055094
 31
0.0
  0
LINE
  5
C38
330
1F
100
AcDbEntity
  8
Top Solder
100
AcDbLine
 10
2.1118059
 20
1.5055094
 30
0.0
 11
2.1472389
 21
1.5055094
 31
0.0
  0
LINE
  5
C39
330
1F
100
AcDbEntity
  8
Top Solder
100
AcDbLine
 10
2.1472389
 20
1.5055094
 30
0.0
 11
2.1472389
 21
1.4905484
 31
0.0
  0
LINE
  5
C3A
330
1F
100
AcDbEntity
  8
Top Solder
100
AcDbLine
 10
2.1472389
 20
1.4708684
 30
0.0
 11
2.1118059
 21
1.4708684
 31
0.0
  0
LINE
  5
C3B
330
1F
100
AcDbEntity
  8
Top Solder
100
AcDbLine
 10
2.1118059
 20
1.4708684
 30
0.0
 11
2.1118059
 21
1.4858294
 31
0.0
  0
LINE
  5
C3C
330
1F
100
AcDbEntity
  8
Top Solder
100
AcDbLine
 10
2.1118059
 20
1.4858294
 30
0.0
 11
2.1472389
 21
1.4858294
 31
0.0
  0
LINE
  5
C3D
330
1F
100
AcDbEntity
  8
Top Solder
100
AcDbLine
 10
2.1472389
 20
1.4858294
 30
0.0
 11
2.1472389
 21
1.4708684
 31
0.0
  0
LINE
  5
C3E
330
1F
100
AcDbEntity
  8
Top Solder
100
AcDbLine
 10
2.1472389
 20
1.4511784
 30
0.0
 11
2.1118059
 21
1.4511784
 31
0.0
  0
LINE
  5
C3F
330
1F
100
AcDbEntity
  8
Top Solder
100
AcDbLine
 10
2.1118059
 20
1.4511784
 30
0.0
 11
2.1118059
 21
1.4661394
 31
0.0
  0
LINE
  5
C40
330
1F
100
AcDbEntity
  8
Top Solder
100
AcDbLine
 10
2.1118059
 20
1.4661394
 30
0.0
 11
2.1472389
 21
1.4661394
 31
0.0
  0
LINE
  5
C41
330
1F
100
AcDbEntity
  8
Top Solder
100
AcDbLine
 10
2.1472389
 20
1.4661394
 30
0.0
 11
2.1472389
 21
1.4511784
 31
0.0
  0
LINE
  5
C42
330
1F
100
AcDbEntity
  8
Top Solder
100
AcDbLine
 10
2.1472389
 20
1.4314984
 30
0.0
 11
2.1118059
 21
1.4314984
 31
0.0
  0
LINE
  5
C43
330
1F
100
AcDbEntity
  8
Top Solder
100
AcDbLine
 10
2.1118059
 20
1.4314984
 30
0.0
 11
2.1118059
 21
1.4464594
 31
0.0
  0
LINE
  5
C44
330
1F
100
AcDbEntity
  8
Top Solder
100
AcDbLine
 10
2.1118059
 20
1.4464594
 30
0.0
 11
2.1472389
 21
1.4464594
 31
0.0
  0
LINE
  5
C45
330
1F
100
AcDbEntity
  8
Top Solder
100
AcDbLine
 10
2.1472389
 20
1.4464594
 30
0.0
 11
2.1472389
 21
1.4314984
 31
0.0
  0
LINE
  5
C46
330
1F
100
AcDbEntity
  8
Top Solder
100
AcDbLine
 10
2.1472389
 20
1.4118084
 30
0.0
 11
2.1118059
 21
1.4118084
 31
0.0
  0
LINE
  5
C47
330
1F
100
AcDbEntity
  8
Top Solder
100
AcDbLine
 10
2.1118059
 20
1.4118084
 30
0.0
 11
2.1118059
 21
1.4267694
 31
0.0
  0
LINE
  5
C48
330
1F
100
AcDbEntity
  8
Top Solder
100
AcDbLine
 10
2.1118059
 20
1.4267694
 30
0.0
 11
2.1472389
 21
1.4267694
 31
0.0
  0
LINE
  5
C49
330
1F
100
AcDbEntity
  8
Top Solder
100
AcDbLine
 10
2.1472389
 20
1.4267694
 30
0.0
 11
2.1472389
 21
1.4118084
 31
0.0
  0
LINE
  5
C4A
330
1F
100
AcDbEntity
  8
Top Solder
100
AcDbLine
 10
2.1472389
 20
1.3921284
 30
0.0
 11
2.1118059
 21
1.3921284
 31
0.0
  0
LINE
  5
C4B
330
1F
100
AcDbEntity
  8
Top Solder
100
AcDbLine
 10
2.1118059
 20
1.3921284
 30
0.0
 11
2.1118059
 21
1.4070894
 31
0.0
  0
LINE
  5
C4C
330
1F
100
AcDbEntity
  8
Top Solder
100
AcDbLine
 10
2.1118059
 20
1.4070894
 30
0.0
 11
2.1472389
 21
1.4070894
 31
0.0
  0
LINE
  5
C4D
330
1F
100
AcDbEntity
  8
Top Solder
100
AcDbLine
 10
2.1472389
 20
1.4070894
 30
0.0
 11
2.1472389
 21
1.3921284
 31
0.0
  0
LINE
  5
C4E
330
1F
100
AcDbEntity
  8
Top Solder
100
AcDbLine
 10
2.1472389
 20
1.3724384
 30
0.0
 11
2.1118059
 21
1.3724384
 31
0.0
  0
LINE
  5
C4F
330
1F
100
AcDbEntity
  8
Top Solder
100
AcDbLine
 10
2.1118059
 20
1.3724384
 30
0.0
 11
2.1118059
 21
1.3873994
 31
0.0
  0
LINE
  5
C50
330
1F
100
AcDbEntity
  8
Top Solder
100
AcDbLine
 10
2.1118059
 20
1.3873994
 30
0.0
 11
2.1472389
 21
1.3873994
 31
0.0
  0
LINE
  5
C51
330
1F
100
AcDbEntity
  8
Top Solder
100
AcDbLine
 10
2.1472389
 20
1.3873994
 30
0.0
 11
2.1472389
 21
1.3724384
 31
0.0
  0
LINE
  5
C52
330
1F
100
AcDbEntity
  8
Top Solder
100
AcDbLine
 10
2.1074229
 20
1.3326824
 30
0.0
 11
2.0924619
 21
1.3326824
 31
0.0
  0
LINE
  5
C53
330
1F
100
AcDbEntity
  8
Top Solder
100
AcDbLine
 10
2.0924619
 20
1.3326824
 30
0.0
 11
2.0924619
 21
1.3681154
 31
0.0
  0
LINE
  5
C54
330
1F
100
AcDbEntity
  8
Top Solder
100
AcDbLine
 10
2.0924619
 20
1.3681154
 30
0.0
 11
2.1074229
 21
1.3681154
 31
0.0
  0
LINE
  5
C55
330
1F
100
AcDbEntity
  8
Top Solder
100
AcDbLine
 10
2.1074229
 20
1.3681154
 30
0.0
 11
2.1074229
 21
1.3326824
 31
0.0
  0
LINE
  5
C56
330
1F
100
AcDbEntity
  8
Top Solder
100
AcDbLine
 10
2.0877329
 20
1.3326824
 30
0.0
 11
2.0727719
 21
1.3326824
 31
0.0
  0
LINE
  5
C57
330
1F
100
AcDbEntity
  8
Top Solder
100
AcDbLine
 10
2.0727719
 20
1.3326824
 30
0.0
 11
2.0727719
 21
1.3681154
 31
0.0
  0
LINE
  5
C58
330
1F
100
AcDbEntity
  8
Top Solder
100
AcDbLine
 10
2.0727719
 20
1.3681154
 30
0.0
 11
2.0877329
 21
1.3681154
 31
0.0
  0
LINE
  5
C59
330
1F
100
AcDbEntity
  8
Top Solder
100
AcDbLine
 10
2.0877329
 20
1.3681154
 30
0.0
 11
2.0877329
 21
1.3326824
 31
0.0
  0
LINE
  5
C5A
330
1F
100
AcDbEntity
  8
Top Solder
100
AcDbLine
 10
2.0680529
 20
1.3326824
 30
0.0
 11
2.0530919
 21
1.3326824
 31
0.0
  0
LINE
  5
C5B
330
1F
100
AcDbEntity
  8
Top Solder
100
AcDbLine
 10
2.0530919
 20
1.3326824
 30
0.0
 11
2.0530919
 21
1.3681154
 31
0.0
  0
LINE
  5
C5C
330
1F
100
AcDbEntity
  8
Top Solder
100
AcDbLine
 10
2.0530919
 20
1.3681154
 30
0.0
 11
2.0680529
 21
1.3681154
 31
0.0
  0
LINE
  5
C5D
330
1F
100
AcDbEntity
  8
Top Solder
100
AcDbLine
 10
2.0680529
 20
1.3681154
 30
0.0
 11
2.0680529
 21
1.3326824
 31
0.0
  0
LINE
  5
C5E
330
1F
100
AcDbEntity
  8
Top Solder
100
AcDbLine
 10
2.0483629
 20
1.3326824
 30
0.0
 11
2.0334019
 21
1.3326824
 31
0.0
  0
LINE
  5
C5F
330
1F
100
AcDbEntity
  8
Top Solder
100
AcDbLine
 10
2.0334019
 20
1.3326824
 30
0.0
 11
2.0334019
 21
1.3681154
 31
0.0
  0
LINE
  5
C60
330
1F
100
AcDbEntity
  8
Top Solder
100
AcDbLine
 10
2.0334019
 20
1.3681154
 30
0.0
 11
2.0483629
 21
1.3681154
 31
0.0
  0
LINE
  5
C61
330
1F
100
AcDbEntity
  8
Top Solder
100
AcDbLine
 10
2.0483629
 20
1.3681154
 30
0.0
 11
2.0483629
 21
1.3326824
 31
0.0
  0
LINE
  5
C62
330
1F
100
AcDbEntity
  8
Top Solder
100
AcDbLine
 10
2.0286829
 20
1.3326824
 30
0.0
 11
2.0137219
 21
1.3326824
 31
0.0
  0
LINE
  5
C63
330
1F
100
AcDbEntity
  8
Top Solder
100
AcDbLine
 10
2.0137219
 20
1.3326824
 30
0.0
 11
2.0137219
 21
1.3681154
 31
0.0
  0
LINE
  5
C64
330
1F
100
AcDbEntity
  8
Top Solder
100
AcDbLine
 10
2.0137219
 20
1.3681154
 30
0.0
 11
2.0286829
 21
1.3681154
 31
0.0
  0
LINE
  5
C65
330
1F
100
AcDbEntity
  8
Top Solder
100
AcDbLine
 10
2.0286829
 20
1.3681154
 30
0.0
 11
2.0286829
 21
1.3326824
 31
0.0
  0
LINE
  5
C66
330
1F
100
AcDbEntity
  8
Top Solder
100
AcDbLine
 10
2.0089929
 20
1.3326824
 30
0.0
 11
1.9940319
 21
1.3326824
 31
0.0
  0
LINE
  5
C67
330
1F
100
AcDbEntity
  8
Top Solder
100
AcDbLine
 10
1.9940319
 20
1.3326824
 30
0.0
 11
1.9940319
 21
1.3681154
 31
0.0
  0
LINE
  5
C68
330
1F
100
AcDbEntity
  8
Top Solder
100
AcDbLine
 10
1.9940319
 20
1.3681154
 30
0.0
 11
2.0089929
 21
1.3681154
 31
0.0
  0
LINE
  5
C69
330
1F
100
AcDbEntity
  8
Top Solder
100
AcDbLine
 10
2.0089929
 20
1.3681154
 30
0.0
 11
2.0089929
 21
1.3326824
 31
0.0
  0
LINE
  5
C6A
330
1F
100
AcDbEntity
  8
Top Solder
100
AcDbLine
 10
1.9893129
 20
1.3326824
 30
0.0
 11
1.9743519
 21
1.3326824
 31
0.0
  0
LINE
  5
C6B
330
1F
100
AcDbEntity
  8
Top Solder
100
AcDbLine
 10
1.9743519
 20
1.3326824
 30
0.0
 11
1.9743519
 21
1.3681154
 31
0.0
  0
LINE
  5
C6C
330
1F
100
AcDbEntity
  8
Top Solder
100
AcDbLine
 10
1.9743519
 20
1.3681154
 30
0.0
 11
1.9893129
 21
1.3681154
 31
0.0
  0
LINE
  5
C6D
330
1F
100
AcDbEntity
  8
Top Solder
100
AcDbLine
 10
1.9893129
 20
1.3681154
 30
0.0
 11
1.9893129
 21
1.3326824
 31
0.0
  0
LINE
  5
C6E
330
1F
100
AcDbEntity
  8
Top Solder
100
AcDbLine
 10
1.9696229
 20
1.3326824
 30
0.0
 11
1.9546619
 21
1.3326824
 31
0.0
  0
LINE
  5
C6F
330
1F
100
AcDbEntity
  8
Top Solder
100
AcDbLine
 10
1.9546619
 20
1.3326824
 30
0.0
 11
1.9546619
 21
1.3681154
 31
0.0
  0
LINE
  5
C70
330
1F
100
AcDbEntity
  8
Top Solder
100
AcDbLine
 10
1.9546619
 20
1.3681154
 30
0.0
 11
1.9696229
 21
1.3681154
 31
0.0
  0
LINE
  5
C71
330
1F
100
AcDbEntity
  8
Top Solder
100
AcDbLine
 10
1.9696229
 20
1.3681154
 30
0.0
 11
1.9696229
 21
1.3326824
 31
0.0
  0
LINE
  5
C72
330
1F
100
AcDbEntity
  8
Top Solder
100
AcDbLine
 10
1.9503989
 20
1.3723584
 30
0.0
 11
1.9149659
 21
1.3723584
 31
0.0
  0
LINE
  5
C73
330
1F
100
AcDbEntity
  8
Top Solder
100
AcDbLine
 10
1.9149659
 20
1.3723584
 30
0.0
 11
1.9149659
 21
1.3873194
 31
0.0
  0
LINE
  5
C74
330
1F
100
AcDbEntity
  8
Top Solder
100
AcDbLine
 10
1.9149659
 20
1.3873194
 30
0.0
 11
1.9503989
 21
1.3873194
 31
0.0
  0
LINE
  5
C75
330
1F
100
AcDbEntity
  8
Top Solder
100
AcDbLine
 10
1.9503989
 20
1.3873194
 30
0.0
 11
1.9503989
 21
1.3723584
 31
0.0
  0
LINE
  5
C76
330
1F
100
AcDbEntity
  8
Top Solder
100
AcDbLine
 10
1.9503989
 20
1.3920484
 30
0.0
 11
1.9149659
 21
1.3920484
 31
0.0
  0
LINE
  5
C77
330
1F
100
AcDbEntity
  8
Top Solder
100
AcDbLine
 10
1.9149659
 20
1.3920484
 30
0.0
 11
1.9149659
 21
1.4070094
 31
0.0
  0
LINE
  5
C78
330
1F
100
AcDbEntity
  8
Top Solder
100
AcDbLine
 10
1.9149659
 20
1.4070094
 30
0.0
 11
1.9503989
 21
1.4070094
 31
0.0
  0
LINE
  5
C79
330
1F
100
AcDbEntity
  8
Top Solder
100
AcDbLine
 10
1.9503989
 20
1.4070094
 30
0.0
 11
1.9503989
 21
1.3920484
 31
0.0
  0
LINE
  5
C7A
330
1F
100
AcDbEntity
  8
Top Solder
100
AcDbLine
 10
1.9503989
 20
1.4117284
 30
0.0
 11
1.9149659
 21
1.4117284
 31
0.0
  0
LINE
  5
C7B
330
1F
100
AcDbEntity
  8
Top Solder
100
AcDbLine
 10
1.9149659
 20
1.4117284
 30
0.0
 11
1.9149659
 21
1.4266894
 31
0.0
  0
LINE
  5
C7C
330
1F
100
AcDbEntity
  8
Top Solder
100
AcDbLine
 10
1.9149659
 20
1.4266894
 30
0.0
 11
1.9503989
 21
1.4266894
 31
0.0
  0
LINE
  5
C7D
330
1F
100
AcDbEntity
  8
Top Solder
100
AcDbLine
 10
1.9503989
 20
1.4266894
 30
0.0
 11
1.9503989
 21
1.4117284
 31
0.0
  0
LINE
  5
C7E
330
1F
100
AcDbEntity
  8
Top Solder
100
AcDbLine
 10
1.9503989
 20
1.4314184
 30
0.0
 11
1.9149659
 21
1.4314184
 31
0.0
  0
LINE
  5
C7F
330
1F
100
AcDbEntity
  8
Top Solder
100
AcDbLine
 10
1.9149659
 20
1.4314184
 30
0.0
 11
1.9149659
 21
1.4463794
 31
0.0
  0
LINE
  5
C80
330
1F
100
AcDbEntity
  8
Top Solder
100
AcDbLine
 10
1.9149659
 20
1.4463794
 30
0.0
 11
1.9503989
 21
1.4463794
 31
0.0
  0
LINE
  5
C81
330
1F
100
AcDbEntity
  8
Top Solder
100
AcDbLine
 10
1.9503989
 20
1.4463794
 30
0.0
 11
1.9503989
 21
1.4314184
 31
0.0
  0
LINE
  5
C82
330
1F
100
AcDbEntity
  8
Top Solder
100
AcDbLine
 10
1.9503989
 20
1.4510984
 30
0.0
 11
1.9149659
 21
1.4510984
 31
0.0
  0
LINE
  5
C83
330
1F
100
AcDbEntity
  8
Top Solder
100
AcDbLine
 10
1.9149659
 20
1.4510984
 30
0.0
 11
1.9149659
 21
1.4660594
 31
0.0
  0
LINE
  5
C84
330
1F
100
AcDbEntity
  8
Top Solder
100
AcDbLine
 10
1.9149659
 20
1.4660594
 30
0.0
 11
1.9503989
 21
1.4660594
 31
0.0
  0
LINE
  5
C85
330
1F
100
AcDbEntity
  8
Top Solder
100
AcDbLine
 10
1.9503989
 20
1.4660594
 30
0.0
 11
1.9503989
 21
1.4510984
 31
0.0
  0
LINE
  5
C86
330
1F
100
AcDbEntity
  8
Top Solder
100
AcDbLine
 10
1.9503989
 20
1.4707884
 30
0.0
 11
1.9149659
 21
1.4707884
 31
0.0
  0
LINE
  5
C87
330
1F
100
AcDbEntity
  8
Top Solder
100
AcDbLine
 10
1.9149659
 20
1.4707884
 30
0.0
 11
1.9149659
 21
1.4857494
 31
0.0
  0
LINE
  5
C88
330
1F
100
AcDbEntity
  8
Top Solder
100
AcDbLine
 10
1.9149659
 20
1.4857494
 30
0.0
 11
1.9503989
 21
1.4857494
 31
0.0
  0
LINE
  5
C89
330
1F
100
AcDbEntity
  8
Top Solder
100
AcDbLine
 10
1.9503989
 20
1.4857494
 30
0.0
 11
1.9503989
 21
1.4707884
 31
0.0
  0
LINE
  5
C8A
330
1F
100
AcDbEntity
  8
Top Solder
100
AcDbLine
 10
1.9503989
 20
1.4904684
 30
0.0
 11
1.9149659
 21
1.4904684
 31
0.0
  0
LINE
  5
C8B
330
1F
100
AcDbEntity
  8
Top Solder
100
AcDbLine
 10
1.9149659
 20
1.4904684
 30
0.0
 11
1.9149659
 21
1.5054294
 31
0.0
  0
LINE
  5
C8C
330
1F
100
AcDbEntity
  8
Top Solder
100
AcDbLine
 10
1.9149659
 20
1.5054294
 30
0.0
 11
1.9503989
 21
1.5054294
 31
0.0
  0
LINE
  5
C8D
330
1F
100
AcDbEntity
  8
Top Solder
100
AcDbLine
 10
1.9503989
 20
1.5054294
 30
0.0
 11
1.9503989
 21
1.4904684
 31
0.0
  0
LINE
  5
C8E
330
1F
100
AcDbEntity
  8
Top Solder
100
AcDbLine
 10
1.9503989
 20
1.5101584
 30
0.0
 11
1.9149659
 21
1.5101584
 31
0.0
  0
LINE
  5
C8F
330
1F
100
AcDbEntity
  8
Top Solder
100
AcDbLine
 10
1.9149659
 20
1.5101584
 30
0.0
 11
1.9149659
 21
1.5251194
 31
0.0
  0
LINE
  5
C90
330
1F
100
AcDbEntity
  8
Top Solder
100
AcDbLine
 10
1.9149659
 20
1.5251194
 30
0.0
 11
1.9503989
 21
1.5251194
 31
0.0
  0
LINE
  5
C91
330
1F
100
AcDbEntity
  8
Top Solder
100
AcDbLine
 10
1.9503989
 20
1.5251194
 30
0.0
 11
1.9503989
 21
1.5101584
 31
0.0
  0
LINE
  5
C92
330
1F
100
AcDbEntity
  8
Top Solder
100
AcDbLine
 10
1.9697429
 20
1.5295224
 30
0.0
 11
1.9547819
 21
1.5295224
 31
0.0
  0
LINE
  5
C93
330
1F
100
AcDbEntity
  8
Top Solder
100
AcDbLine
 10
1.9547819
 20
1.5295224
 30
0.0
 11
1.9547819
 21
1.5649554
 31
0.0
  0
LINE
  5
C94
330
1F
100
AcDbEntity
  8
Top Solder
100
AcDbLine
 10
1.9547819
 20
1.5649554
 30
0.0
 11
1.9697429
 21
1.5649554
 31
0.0
  0
LINE
  5
C95
330
1F
100
AcDbEntity
  8
Top Solder
100
AcDbLine
 10
1.9697429
 20
1.5649554
 30
0.0
 11
1.9697429
 21
1.5295224
 31
0.0
  0
LINE
  5
C96
330
1F
100
AcDbEntity
  8
Top Solder
100
AcDbLine
 10
1.9894229
 20
1.5295224
 30
0.0
 11
1.9744619
 21
1.5295224
 31
0.0
  0
LINE
  5
C97
330
1F
100
AcDbEntity
  8
Top Solder
100
AcDbLine
 10
1.9744619
 20
1.5295224
 30
0.0
 11
1.9744619
 21
1.5649554
 31
0.0
  0
LINE
  5
C98
330
1F
100
AcDbEntity
  8
Top Solder
100
AcDbLine
 10
1.9744619
 20
1.5649554
 30
0.0
 11
1.9894229
 21
1.5649554
 31
0.0
  0
LINE
  5
C99
330
1F
100
AcDbEntity
  8
Top Solder
100
AcDbLine
 10
1.9894229
 20
1.5649554
 30
0.0
 11
1.9894229
 21
1.5295224
 31
0.0
  0
LINE
  5
C9A
330
1F
100
AcDbEntity
  8
Top Solder
100
AcDbLine
 10
2.0091129
 20
1.5295224
 30
0.0
 11
1.9941519
 21
1.5295224
 31
0.0
  0
LINE
  5
C9B
330
1F
100
AcDbEntity
  8
Top Solder
100
AcDbLine
 10
1.9941519
 20
1.5295224
 30
0.0
 11
1.9941519
 21
1.5649554
 31
0.0
  0
LINE
  5
C9C
330
1F
100
AcDbEntity
  8
Top Solder
100
AcDbLine
 10
1.9941519
 20
1.5649554
 30
0.0
 11
2.0091129
 21
1.5649554
 31
0.0
  0
LINE
  5
C9D
330
1F
100
AcDbEntity
  8
Top Solder
100
AcDbLine
 10
2.0091129
 20
1.5649554
 30
0.0
 11
2.0091129
 21
1.5295224
 31
0.0
  0
LINE
  5
C9E
330
1F
100
AcDbEntity
  8
Top Solder
100
AcDbLine
 10
2.0287929
 20
1.5295224
 30
0.0
 11
2.0138319
 21
1.5295224
 31
0.0
  0
LINE
  5
C9F
330
1F
100
AcDbEntity
  8
Top Solder
100
AcDbLine
 10
2.0138319
 20
1.5295224
 30
0.0
 11
2.0138319
 21
1.5649554
 31
0.0
  0
LINE
  5
CA0
330
1F
100
AcDbEntity
  8
Top Solder
100
AcDbLine
 10
2.0138319
 20
1.5649554
 30
0.0
 11
2.0287929
 21
1.5649554
 31
0.0
  0
LINE
  5
CA1
330
1F
100
AcDbEntity
  8
Top Solder
100
AcDbLine
 10
2.0287929
 20
1.5649554
 30
0.0
 11
2.0287929
 21
1.5295224
 31
0.0
  0
LINE
  5
CA2
330
1F
100
AcDbEntity
  8
Top Solder
100
AcDbLine
 10
2.0484829
 20
1.5295224
 30
0.0
 11
2.0335219
 21
1.5295224
 31
0.0
  0
LINE
  5
CA3
330
1F
100
AcDbEntity
  8
Top Solder
100
AcDbLine
 10
2.0335219
 20
1.5295224
 30
0.0
 11
2.0335219
 21
1.5649554
 31
0.0
  0
LINE
  5
CA4
330
1F
100
AcDbEntity
  8
Top Solder
100
AcDbLine
 10
2.0335219
 20
1.5649554
 30
0.0
 11
2.0484829
 21
1.5649554
 31
0.0
  0
LINE
  5
CA5
330
1F
100
AcDbEntity
  8
Top Solder
100
AcDbLine
 10
2.0484829
 20
1.5649554
 30
0.0
 11
2.0484829
 21
1.5295224
 31
0.0
  0
LINE
  5
CA6
330
1F
100
AcDbEntity
  8
Top Solder
100
AcDbLine
 10
2.0681629
 20
1.5295224
 30
0.0
 11
2.0532019
 21
1.5295224
 31
0.0
  0
LINE
  5
CA7
330
1F
100
AcDbEntity
  8
Top Solder
100
AcDbLine
 10
2.0532019
 20
1.5295224
 30
0.0
 11
2.0532019
 21
1.5649554
 31
0.0
  0
LINE
  5
CA8
330
1F
100
AcDbEntity
  8
Top Solder
100
AcDbLine
 10
2.0532019
 20
1.5649554
 30
0.0
 11
2.0681629
 21
1.5649554
 31
0.0
  0
LINE
  5
CA9
330
1F
100
AcDbEntity
  8
Top Solder
100
AcDbLine
 10
2.0681629
 20
1.5649554
 30
0.0
 11
2.0681629
 21
1.5295224
 31
0.0
  0
LINE
  5
CAA
330
1F
100
AcDbEntity
  8
Top Solder
100
AcDbLine
 10
2.0878529
 20
1.5295224
 30
0.0
 11
2.0728919
 21
1.5295224
 31
0.0
  0
LINE
  5
CAB
330
1F
100
AcDbEntity
  8
Top Solder
100
AcDbLine
 10
2.0728919
 20
1.5295224
 30
0.0
 11
2.0728919
 21
1.5649554
 31
0.0
  0
LINE
  5
CAC
330
1F
100
AcDbEntity
  8
Top Solder
100
AcDbLine
 10
2.0728919
 20
1.5649554
 30
0.0
 11
2.0878529
 21
1.5649554
 31
0.0
  0
LINE
  5
CAD
330
1F
100
AcDbEntity
  8
Top Solder
100
AcDbLine
 10
2.0878529
 20
1.5649554
 30
0.0
 11
2.0878529
 21
1.5295224
 31
0.0
  0
LINE
  5
CAE
330
1F
100
AcDbEntity
  8
Top Solder
100
AcDbLine
 10
2.1074829
 20
1.5295224
 30
0.0
 11
2.0925219
 21
1.5295224
 31
0.0
  0
LINE
  5
CAF
330
1F
100
AcDbEntity
  8
Top Solder
100
AcDbLine
 10
2.0925219
 20
1.5295224
 30
0.0
 11
2.0925219
 21
1.5649554
 31
0.0
  0
LINE
  5
CB0
330
1F
100
AcDbEntity
  8
Top Solder
100
AcDbLine
 10
2.0925219
 20
1.5649554
 30
0.0
 11
2.1074829
 21
1.5649554
 31
0.0
  0
LINE
  5
CB1
330
1F
100
AcDbEntity
  8
Top Solder
100
AcDbLine
 10
2.1074829
 20
1.5649554
 30
0.0
 11
2.1074829
 21
1.5295224
 31
0.0
  0
LINE
  5
CB2
330
1F
100
AcDbEntity
  8
Top Paste
100
AcDbLine
 10
1.9775574
 20
1.5023629
 30
0.0
 11
1.9775574
 21
1.5023629
 31
0.0
  0
LINE
  5
CB3
330
1F
100
AcDbEntity
  8
Top Paste
100
AcDbLine
 10
1.9775574
 20
1.5023629
 30
0.0
 11
2.0846434
 21
1.5023629
 31
0.0
  0
LINE
  5
CB4
330
1F
100
AcDbEntity
  8
Top Paste
100
AcDbLine
 10
2.0846434
 20
1.5023629
 30
0.0
 11
2.0846434
 21
1.3952769
 31
0.0
  0
LINE
  5
CB5
330
1F
100
AcDbEntity
  8
Top Paste
100
AcDbLine
 10
2.0846434
 20
1.3952769
 30
0.0
 11
1.9775574
 21
1.3952769
 31
0.0
  0
LINE
  5
CB6
330
1F
100
AcDbEntity
  8
Top Paste
100
AcDbLine
 10
1.9775574
 20
1.3952769
 30
0.0
 11
1.9775574
 21
1.5023629
 31
0.0
  0
LINE
  5
CB7
330
1F
100
AcDbEntity
  8
Top Paste
100
AcDbLine
 10
1.9566304
 20
1.3661469
 30
0.0
 11
1.9566304
 21
1.3661469
 31
0.0
  0
LINE
  5
CB8
330
1F
100
AcDbEntity
  8
Top Paste
100
AcDbLine
 10
1.9566304
 20
1.3661469
 30
0.0
 11
1.9566304
 21
1.3346509
 31
0.0
  0
LINE
  5
CB9
330
1F
100
AcDbEntity
  8
Top Paste
100
AcDbLine
 10
1.9566304
 20
1.3346509
 30
0.0
 11
1.9676544
 21
1.3346509
 31
0.0
  0
LINE
  5
CBA
330
1F
100
AcDbEntity
  8
Top Paste
100
AcDbLine
 10
1.9676544
 20
1.3346509
 30
0.0
 11
1.9676544
 21
1.3661469
 31
0.0
  0
LINE
  5
CBB
330
1F
100
AcDbEntity
  8
Top Paste
100
AcDbLine
 10
1.9676544
 20
1.3661469
 30
0.0
 11
1.9566304
 21
1.3661469
 31
0.0
  0
LINE
  5
CBC
330
1F
100
AcDbEntity
  8
Top Paste
100
AcDbLine
 10
2.1054544
 20
1.3346509
 30
0.0
 11
2.1054544
 21
1.3346509
 31
0.0
  0
LINE
  5
CBD
330
1F
100
AcDbEntity
  8
Top Paste
100
AcDbLine
 10
2.1054544
 20
1.3346509
 30
0.0
 11
2.1054544
 21
1.3661469
 31
0.0
  0
LINE
  5
CBE
330
1F
100
AcDbEntity
  8
Top Paste
100
AcDbLine
 10
2.1054544
 20
1.3661469
 30
0.0
 11
2.0944304
 21
1.3661469
 31
0.0
  0
LINE
  5
CBF
330
1F
100
AcDbEntity
  8
Top Paste
100
AcDbLine
 10
2.0944304
 20
1.3661469
 30
0.0
 11
2.0944304
 21
1.3346509
 31
0.0
  0
LINE
  5
CC0
330
1F
100
AcDbEntity
  8
Top Paste
100
AcDbLine
 10
2.0944304
 20
1.3346509
 30
0.0
 11
2.1054544
 21
1.3346509
 31
0.0
  0
LINE
  5
CC1
330
1F
100
AcDbEntity
  8
Top Paste
100
AcDbLine
 10
1.9763204
 20
1.3661469
 30
0.0
 11
1.9763204
 21
1.3661469
 31
0.0
  0
LINE
  5
CC2
330
1F
100
AcDbEntity
  8
Top Paste
100
AcDbLine
 10
1.9763204
 20
1.3661469
 30
0.0
 11
1.9763204
 21
1.3346509
 31
0.0
  0
LINE
  5
CC3
330
1F
100
AcDbEntity
  8
Top Paste
100
AcDbLine
 10
1.9763204
 20
1.3346509
 30
0.0
 11
1.9873444
 21
1.3346509
 31
0.0
  0
LINE
  5
CC4
330
1F
100
AcDbEntity
  8
Top Paste
100
AcDbLine
 10
1.9873444
 20
1.3346509
 30
0.0
 11
1.9873444
 21
1.3661469
 31
0.0
  0
LINE
  5
CC5
330
1F
100
AcDbEntity
  8
Top Paste
100
AcDbLine
 10
1.9873444
 20
1.3661469
 30
0.0
 11
1.9763204
 21
1.3661469
 31
0.0
  0
LINE
  5
CC6
330
1F
100
AcDbEntity
  8
Top Paste
100
AcDbLine
 10
1.9960004
 20
1.3661469
 30
0.0
 11
1.9960004
 21
1.3661469
 31
0.0
  0
LINE
  5
CC7
330
1F
100
AcDbEntity
  8
Top Paste
100
AcDbLine
 10
1.9960004
 20
1.3661469
 30
0.0
 11
1.9960004
 21
1.3346509
 31
0.0
  0
LINE
  5
CC8
330
1F
100
AcDbEntity
  8
Top Paste
100
AcDbLine
 10
1.9960004
 20
1.3346509
 30
0.0
 11
2.0070244
 21
1.3346509
 31
0.0
  0
LINE
  5
CC9
330
1F
100
AcDbEntity
  8
Top Paste
100
AcDbLine
 10
2.0070244
 20
1.3346509
 30
0.0
 11
2.0070244
 21
1.3661469
 31
0.0
  0
LINE
  5
CCA
330
1F
100
AcDbEntity
  8
Top Paste
100
AcDbLine
 10
2.0070244
 20
1.3661469
 30
0.0
 11
1.9960004
 21
1.3661469
 31
0.0
  0
LINE
  5
CCB
330
1F
100
AcDbEntity
  8
Top Paste
100
AcDbLine
 10
2.0156904
 20
1.3661469
 30
0.0
 11
2.0156904
 21
1.3661469
 31
0.0
  0
LINE
  5
CCC
330
1F
100
AcDbEntity
  8
Top Paste
100
AcDbLine
 10
2.0156904
 20
1.3661469
 30
0.0
 11
2.0156904
 21
1.3346509
 31
0.0
  0
LINE
  5
CCD
330
1F
100
AcDbEntity
  8
Top Paste
100
AcDbLine
 10
2.0156904
 20
1.3346509
 30
0.0
 11
2.0267144
 21
1.3346509
 31
0.0
  0
LINE
  5
CCE
330
1F
100
AcDbEntity
  8
Top Paste
100
AcDbLine
 10
2.0267144
 20
1.3346509
 30
0.0
 11
2.0267144
 21
1.3661469
 31
0.0
  0
LINE
  5
CCF
330
1F
100
AcDbEntity
  8
Top Paste
100
AcDbLine
 10
2.0267144
 20
1.3661469
 30
0.0
 11
2.0156904
 21
1.3661469
 31
0.0
  0
LINE
  5
CD0
330
1F
100
AcDbEntity
  8
Top Paste
100
AcDbLine
 10
2.0857644
 20
1.3346509
 30
0.0
 11
2.0857644
 21
1.3346509
 31
0.0
  0
LINE
  5
CD1
330
1F
100
AcDbEntity
  8
Top Paste
100
AcDbLine
 10
2.0857644
 20
1.3346509
 30
0.0
 11
2.0857644
 21
1.3661469
 31
0.0
  0
LINE
  5
CD2
330
1F
100
AcDbEntity
  8
Top Paste
100
AcDbLine
 10
2.0857644
 20
1.3661469
 30
0.0
 11
2.0747404
 21
1.3661469
 31
0.0
  0
LINE
  5
CD3
330
1F
100
AcDbEntity
  8
Top Paste
100
AcDbLine
 10
2.0747404
 20
1.3661469
 30
0.0
 11
2.0747404
 21
1.3346509
 31
0.0
  0
LINE
  5
CD4
330
1F
100
AcDbEntity
  8
Top Paste
100
AcDbLine
 10
2.0747404
 20
1.3346509
 30
0.0
 11
2.0857644
 21
1.3346509
 31
0.0
  0
LINE
  5
CD5
330
1F
100
AcDbEntity
  8
Top Paste
100
AcDbLine
 10
2.0353704
 20
1.3661469
 30
0.0
 11
2.0353704
 21
1.3661469
 31
0.0
  0
LINE
  5
CD6
330
1F
100
AcDbEntity
  8
Top Paste
100
AcDbLine
 10
2.0353704
 20
1.3661469
 30
0.0
 11
2.0353704
 21
1.3346509
 31
0.0
  0
LINE
  5
CD7
330
1F
100
AcDbEntity
  8
Top Paste
100
AcDbLine
 10
2.0353704
 20
1.3346509
 30
0.0
 11
2.0463944
 21
1.3346509
 31
0.0
  0
LINE
  5
CD8
330
1F
100
AcDbEntity
  8
Top Paste
100
AcDbLine
 10
2.0463944
 20
1.3346509
 30
0.0
 11
2.0463944
 21
1.3661469
 31
0.0
  0
LINE
  5
CD9
330
1F
100
AcDbEntity
  8
Top Paste
100
AcDbLine
 10
2.0463944
 20
1.3661469
 30
0.0
 11
2.0353704
 21
1.3661469
 31
0.0
  0
LINE
  5
CDA
330
1F
100
AcDbEntity
  8
Top Paste
100
AcDbLine
 10
2.0550604
 20
1.3661469
 30
0.0
 11
2.0550604
 21
1.3661469
 31
0.0
  0
LINE
  5
CDB
330
1F
100
AcDbEntity
  8
Top Paste
100
AcDbLine
 10
2.0550604
 20
1.3661469
 30
0.0
 11
2.0550604
 21
1.3346509
 31
0.0
  0
LINE
  5
CDC
330
1F
100
AcDbEntity
  8
Top Paste
100
AcDbLine
 10
2.0550604
 20
1.3346509
 30
0.0
 11
2.0660844
 21
1.3346509
 31
0.0
  0
LINE
  5
CDD
330
1F
100
AcDbEntity
  8
Top Paste
100
AcDbLine
 10
2.0660844
 20
1.3346509
 30
0.0
 11
2.0660844
 21
1.3661469
 31
0.0
  0
LINE
  5
CDE
330
1F
100
AcDbEntity
  8
Top Paste
100
AcDbLine
 10
2.0660844
 20
1.3661469
 30
0.0
 11
2.0550604
 21
1.3661469
 31
0.0
  0
LINE
  5
CDF
330
1F
100
AcDbEntity
  8
Top Paste
100
AcDbLine
 10
1.9484304
 20
1.3743269
 30
0.0
 11
1.9484304
 21
1.3743269
 31
0.0
  0
LINE
  5
CE0
330
1F
100
AcDbEntity
  8
Top Paste
100
AcDbLine
 10
1.9484304
 20
1.3743269
 30
0.0
 11
1.9484304
 21
1.3853509
 31
0.0
  0
LINE
  5
CE1
330
1F
100
AcDbEntity
  8
Top Paste
100
AcDbLine
 10
1.9484304
 20
1.3853509
 30
0.0
 11
1.9169344
 21
1.3853509
 31
0.0
  0
LINE
  5
CE2
330
1F
100
AcDbEntity
  8
Top Paste
100
AcDbLine
 10
1.9169344
 20
1.3853509
 30
0.0
 11
1.9169344
 21
1.3743269
 31
0.0
  0
LINE
  5
CE3
330
1F
100
AcDbEntity
  8
Top Paste
100
AcDbLine
 10
1.9169344
 20
1.3743269
 30
0.0
 11
1.9484304
 21
1.3743269
 31
0.0
  0
LINE
  5
CE4
330
1F
100
AcDbEntity
  8
Top Paste
100
AcDbLine
 10
2.1137744
 20
1.3854309
 30
0.0
 11
2.1137744
 21
1.3854309
 31
0.0
  0
LINE
  5
CE5
330
1F
100
AcDbEntity
  8
Top Paste
100
AcDbLine
 10
2.1137744
 20
1.3854309
 30
0.0
 11
2.1137744
 21
1.3744069
 31
0.0
  0
LINE
  5
CE6
330
1F
100
AcDbEntity
  8
Top Paste
100
AcDbLine
 10
2.1137744
 20
1.3744069
 30
0.0
 11
2.1452704
 21
1.3744069
 31
0.0
  0
LINE
  5
CE7
330
1F
100
AcDbEntity
  8
Top Paste
100
AcDbLine
 10
2.1452704
 20
1.3744069
 30
0.0
 11
2.1452704
 21
1.3854309
 31
0.0
  0
LINE
  5
CE8
330
1F
100
AcDbEntity
  8
Top Paste
100
AcDbLine
 10
2.1452704
 20
1.3854309
 30
0.0
 11
2.1137744
 21
1.3854309
 31
0.0
  0
LINE
  5
CE9
330
1F
100
AcDbEntity
  8
Top Paste
100
AcDbLine
 10
1.9484304
 20
1.3940169
 30
0.0
 11
1.9484304
 21
1.3940169
 31
0.0
  0
LINE
  5
CEA
330
1F
100
AcDbEntity
  8
Top Paste
100
AcDbLine
 10
1.9484304
 20
1.3940169
 30
0.0
 11
1.9484304
 21
1.4050409
 31
0.0
  0
LINE
  5
CEB
330
1F
100
AcDbEntity
  8
Top Paste
100
AcDbLine
 10
1.9484304
 20
1.4050409
 30
0.0
 11
1.9169344
 21
1.4050409
 31
0.0
  0
LINE
  5
CEC
330
1F
100
AcDbEntity
  8
Top Paste
100
AcDbLine
 10
1.9169344
 20
1.4050409
 30
0.0
 11
1.9169344
 21
1.3940169
 31
0.0
  0
LINE
  5
CED
330
1F
100
AcDbEntity
  8
Top Paste
100
AcDbLine
 10
1.9169344
 20
1.3940169
 30
0.0
 11
1.9484304
 21
1.3940169
 31
0.0
  0
LINE
  5
CEE
330
1F
100
AcDbEntity
  8
Top Paste
100
AcDbLine
 10
2.1137744
 20
1.4051209
 30
0.0
 11
2.1137744
 21
1.4051209
 31
0.0
  0
LINE
  5
CEF
330
1F
100
AcDbEntity
  8
Top Paste
100
AcDbLine
 10
2.1137744
 20
1.4051209
 30
0.0
 11
2.1137744
 21
1.3940969
 31
0.0
  0
LINE
  5
CF0
330
1F
100
AcDbEntity
  8
Top Paste
100
AcDbLine
 10
2.1137744
 20
1.3940969
 30
0.0
 11
2.1452704
 21
1.3940969
 31
0.0
  0
LINE
  5
CF1
330
1F
100
AcDbEntity
  8
Top Paste
100
AcDbLine
 10
2.1452704
 20
1.3940969
 30
0.0
 11
2.1452704
 21
1.4051209
 31
0.0
  0
LINE
  5
CF2
330
1F
100
AcDbEntity
  8
Top Paste
100
AcDbLine
 10
2.1452704
 20
1.4051209
 30
0.0
 11
2.1137744
 21
1.4051209
 31
0.0
  0
LINE
  5
CF3
330
1F
100
AcDbEntity
  8
Top Paste
100
AcDbLine
 10
1.9484304
 20
1.4136969
 30
0.0
 11
1.9484304
 21
1.4136969
 31
0.0
  0
LINE
  5
CF4
330
1F
100
AcDbEntity
  8
Top Paste
100
AcDbLine
 10
1.9484304
 20
1.4136969
 30
0.0
 11
1.9484304
 21
1.4247209
 31
0.0
  0
LINE
  5
CF5
330
1F
100
AcDbEntity
  8
Top Paste
100
AcDbLine
 10
1.9484304
 20
1.4247209
 30
0.0
 11
1.9169344
 21
1.4247209
 31
0.0
  0
LINE
  5
CF6
330
1F
100
AcDbEntity
  8
Top Paste
100
AcDbLine
 10
1.9169344
 20
1.4247209
 30
0.0
 11
1.9169344
 21
1.4136969
 31
0.0
  0
LINE
  5
CF7
330
1F
100
AcDbEntity
  8
Top Paste
100
AcDbLine
 10
1.9169344
 20
1.4136969
 30
0.0
 11
1.9484304
 21
1.4136969
 31
0.0
  0
LINE
  5
CF8
330
1F
100
AcDbEntity
  8
Top Paste
100
AcDbLine
 10
2.1137744
 20
1.4248009
 30
0.0
 11
2.1137744
 21
1.4248009
 31
0.0
  0
LINE
  5
CF9
330
1F
100
AcDbEntity
  8
Top Paste
100
AcDbLine
 10
2.1137744
 20
1.4248009
 30
0.0
 11
2.1137744
 21
1.4137769
 31
0.0
  0
LINE
  5
CFA
330
1F
100
AcDbEntity
  8
Top Paste
100
AcDbLine
 10
2.1137744
 20
1.4137769
 30
0.0
 11
2.1452704
 21
1.4137769
 31
0.0
  0
LINE
  5
CFB
330
1F
100
AcDbEntity
  8
Top Paste
100
AcDbLine
 10
2.1452704
 20
1.4137769
 30
0.0
 11
2.1452704
 21
1.4248009
 31
0.0
  0
LINE
  5
CFC
330
1F
100
AcDbEntity
  8
Top Paste
100
AcDbLine
 10
2.1452704
 20
1.4248009
 30
0.0
 11
2.1137744
 21
1.4248009
 31
0.0
  0
LINE
  5
CFD
330
1F
100
AcDbEntity
  8
Top Paste
100
AcDbLine
 10
1.9484304
 20
1.4333869
 30
0.0
 11
1.9484304
 21
1.4333869
 31
0.0
  0
LINE
  5
CFE
330
1F
100
AcDbEntity
  8
Top Paste
100
AcDbLine
 10
1.9484304
 20
1.4333869
 30
0.0
 11
1.9484304
 21
1.4444109
 31
0.0
  0
LINE
  5
CFF
330
1F
100
AcDbEntity
  8
Top Paste
100
AcDbLine
 10
1.9484304
 20
1.4444109
 30
0.0
 11
1.9169344
 21
1.4444109
 31
0.0
  0
LINE
  5
D00
330
1F
100
AcDbEntity
  8
Top Paste
100
AcDbLine
 10
1.9169344
 20
1.4444109
 30
0.0
 11
1.9169344
 21
1.4333869
 31
0.0
  0
LINE
  5
D01
330
1F
100
AcDbEntity
  8
Top Paste
100
AcDbLine
 10
1.9169344
 20
1.4333869
 30
0.0
 11
1.9484304
 21
1.4333869
 31
0.0
  0
LINE
  5
D02
330
1F
100
AcDbEntity
  8
Top Paste
100
AcDbLine
 10
2.1137744
 20
1.4444909
 30
0.0
 11
2.1137744
 21
1.4444909
 31
0.0
  0
LINE
  5
D03
330
1F
100
AcDbEntity
  8
Top Paste
100
AcDbLine
 10
2.1137744
 20
1.4444909
 30
0.0
 11
2.1137744
 21
1.4334669
 31
0.0
  0
LINE
  5
D04
330
1F
100
AcDbEntity
  8
Top Paste
100
AcDbLine
 10
2.1137744
 20
1.4334669
 30
0.0
 11
2.1452704
 21
1.4334669
 31
0.0
  0
LINE
  5
D05
330
1F
100
AcDbEntity
  8
Top Paste
100
AcDbLine
 10
2.1452704
 20
1.4334669
 30
0.0
 11
2.1452704
 21
1.4444909
 31
0.0
  0
LINE
  5
D06
330
1F
100
AcDbEntity
  8
Top Paste
100
AcDbLine
 10
2.1452704
 20
1.4444909
 30
0.0
 11
2.1137744
 21
1.4444909
 31
0.0
  0
LINE
  5
D07
330
1F
100
AcDbEntity
  8
Top Paste
100
AcDbLine
 10
1.9484304
 20
1.4530669
 30
0.0
 11
1.9484304
 21
1.4530669
 31
0.0
  0
LINE
  5
D08
330
1F
100
AcDbEntity
  8
Top Paste
100
AcDbLine
 10
1.9484304
 20
1.4530669
 30
0.0
 11
1.9484304
 21
1.4640909
 31
0.0
  0
LINE
  5
D09
330
1F
100
AcDbEntity
  8
Top Paste
100
AcDbLine
 10
1.9484304
 20
1.4640909
 30
0.0
 11
1.9169344
 21
1.4640909
 31
0.0
  0
LINE
  5
D0A
330
1F
100
AcDbEntity
  8
Top Paste
100
AcDbLine
 10
1.9169344
 20
1.4640909
 30
0.0
 11
1.9169344
 21
1.4530669
 31
0.0
  0
LINE
  5
D0B
330
1F
100
AcDbEntity
  8
Top Paste
100
AcDbLine
 10
1.9169344
 20
1.4530669
 30
0.0
 11
1.9484304
 21
1.4530669
 31
0.0
  0
LINE
  5
D0C
330
1F
100
AcDbEntity
  8
Top Paste
100
AcDbLine
 10
2.1137744
 20
1.4641709
 30
0.0
 11
2.1137744
 21
1.4641709
 31
0.0
  0
LINE
  5
D0D
330
1F
100
AcDbEntity
  8
Top Paste
100
AcDbLine
 10
2.1137744
 20
1.4641709
 30
0.0
 11
2.1137744
 21
1.4531469
 31
0.0
  0
LINE
  5
D0E
330
1F
100
AcDbEntity
  8
Top Paste
100
AcDbLine
 10
2.1137744
 20
1.4531469
 30
0.0
 11
2.1452704
 21
1.4531469
 31
0.0
  0
LINE
  5
D0F
330
1F
100
AcDbEntity
  8
Top Paste
100
AcDbLine
 10
2.1452704
 20
1.4531469
 30
0.0
 11
2.1452704
 21
1.4641709
 31
0.0
  0
LINE
  5
D10
330
1F
100
AcDbEntity
  8
Top Paste
100
AcDbLine
 10
2.1452704
 20
1.4641709
 30
0.0
 11
2.1137744
 21
1.4641709
 31
0.0
  0
LINE
  5
D11
330
1F
100
AcDbEntity
  8
Top Paste
100
AcDbLine
 10
1.9484304
 20
1.4727569
 30
0.0
 11
1.9484304
 21
1.4727569
 31
0.0
  0
LINE
  5
D12
330
1F
100
AcDbEntity
  8
Top Paste
100
AcDbLine
 10
1.9484304
 20
1.4727569
 30
0.0
 11
1.9484304
 21
1.4837809
 31
0.0
  0
LINE
  5
D13
330
1F
100
AcDbEntity
  8
Top Paste
100
AcDbLine
 10
1.9484304
 20
1.4837809
 30
0.0
 11
1.9169344
 21
1.4837809
 31
0.0
  0
LINE
  5
D14
330
1F
100
AcDbEntity
  8
Top Paste
100
AcDbLine
 10
1.9169344
 20
1.4837809
 30
0.0
 11
1.9169344
 21
1.4727569
 31
0.0
  0
LINE
  5
D15
330
1F
100
AcDbEntity
  8
Top Paste
100
AcDbLine
 10
1.9169344
 20
1.4727569
 30
0.0
 11
1.9484304
 21
1.4727569
 31
0.0
  0
LINE
  5
D16
330
1F
100
AcDbEntity
  8
Top Paste
100
AcDbLine
 10
2.1137744
 20
1.4838609
 30
0.0
 11
2.1137744
 21
1.4838609
 31
0.0
  0
LINE
  5
D17
330
1F
100
AcDbEntity
  8
Top Paste
100
AcDbLine
 10
2.1137744
 20
1.4838609
 30
0.0
 11
2.1137744
 21
1.4728369
 31
0.0
  0
LINE
  5
D18
330
1F
100
AcDbEntity
  8
Top Paste
100
AcDbLine
 10
2.1137744
 20
1.4728369
 30
0.0
 11
2.1452704
 21
1.4728369
 31
0.0
  0
LINE
  5
D19
330
1F
100
AcDbEntity
  8
Top Paste
100
AcDbLine
 10
2.1452704
 20
1.4728369
 30
0.0
 11
2.1452704
 21
1.4838609
 31
0.0
  0
LINE
  5
D1A
330
1F
100
AcDbEntity
  8
Top Paste
100
AcDbLine
 10
2.1452704
 20
1.4838609
 30
0.0
 11
2.1137744
 21
1.4838609
 31
0.0
  0
LINE
  5
D1B
330
1F
100
AcDbEntity
  8
Top Paste
100
AcDbLine
 10
1.9484304
 20
1.4924369
 30
0.0
 11
1.9484304
 21
1.4924369
 31
0.0
  0
LINE
  5
D1C
330
1F
100
AcDbEntity
  8
Top Paste
100
AcDbLine
 10
1.9484304
 20
1.4924369
 30
0.0
 11
1.9484304
 21
1.5034609
 31
0.0
  0
LINE
  5
D1D
330
1F
100
AcDbEntity
  8
Top Paste
100
AcDbLine
 10
1.9484304
 20
1.5034609
 30
0.0
 11
1.9169344
 21
1.5034609
 31
0.0
  0
LINE
  5
D1E
330
1F
100
AcDbEntity
  8
Top Paste
100
AcDbLine
 10
1.9169344
 20
1.5034609
 30
0.0
 11
1.9169344
 21
1.4924369
 31
0.0
  0
LINE
  5
D1F
330
1F
100
AcDbEntity
  8
Top Paste
100
AcDbLine
 10
1.9169344
 20
1.4924369
 30
0.0
 11
1.9484304
 21
1.4924369
 31
0.0
  0
LINE
  5
D20
330
1F
100
AcDbEntity
  8
Top Paste
100
AcDbLine
 10
2.1137744
 20
1.5035409
 30
0.0
 11
2.1137744
 21
1.5035409
 31
0.0
  0
LINE
  5
D21
330
1F
100
AcDbEntity
  8
Top Paste
100
AcDbLine
 10
2.1137744
 20
1.5035409
 30
0.0
 11
2.1137744
 21
1.4925169
 31
0.0
  0
LINE
  5
D22
330
1F
100
AcDbEntity
  8
Top Paste
100
AcDbLine
 10
2.1137744
 20
1.4925169
 30
0.0
 11
2.1452704
 21
1.4925169
 31
0.0
  0
LINE
  5
D23
330
1F
100
AcDbEntity
  8
Top Paste
100
AcDbLine
 10
2.1452704
 20
1.4925169
 30
0.0
 11
2.1452704
 21
1.5035409
 31
0.0
  0
LINE
  5
D24
330
1F
100
AcDbEntity
  8
Top Paste
100
AcDbLine
 10
2.1452704
 20
1.5035409
 30
0.0
 11
2.1137744
 21
1.5035409
 31
0.0
  0
LINE
  5
D25
330
1F
100
AcDbEntity
  8
Top Paste
100
AcDbLine
 10
1.9484304
 20
1.5121269
 30
0.0
 11
1.9484304
 21
1.5121269
 31
0.0
  0
LINE
  5
D26
330
1F
100
AcDbEntity
  8
Top Paste
100
AcDbLine
 10
1.9484304
 20
1.5121269
 30
0.0
 11
1.9484304
 21
1.5231509
 31
0.0
  0
LINE
  5
D27
330
1F
100
AcDbEntity
  8
Top Paste
100
AcDbLine
 10
1.9484304
 20
1.5231509
 30
0.0
 11
1.9169344
 21
1.5231509
 31
0.0
  0
LINE
  5
D28
330
1F
100
AcDbEntity
  8
Top Paste
100
AcDbLine
 10
1.9169344
 20
1.5231509
 30
0.0
 11
1.9169344
 21
1.5121269
 31
0.0
  0
LINE
  5
D29
330
1F
100
AcDbEntity
  8
Top Paste
100
AcDbLine
 10
1.9169344
 20
1.5121269
 30
0.0
 11
1.9484304
 21
1.5121269
 31
0.0
  0
LINE
  5
D2A
330
1F
100
AcDbEntity
  8
Top Paste
100
AcDbLine
 10
2.1137744
 20
1.5232309
 30
0.0
 11
2.1137744
 21
1.5232309
 31
0.0
  0
LINE
  5
D2B
330
1F
100
AcDbEntity
  8
Top Paste
100
AcDbLine
 10
2.1137744
 20
1.5232309
 30
0.0
 11
2.1137744
 21
1.5122069
 31
0.0
  0
LINE
  5
D2C
330
1F
100
AcDbEntity
  8
Top Paste
100
AcDbLine
 10
2.1137744
 20
1.5122069
 30
0.0
 11
2.1452704
 21
1.5122069
 31
0.0
  0
LINE
  5
D2D
330
1F
100
AcDbEntity
  8
Top Paste
100
AcDbLine
 10
2.1452704
 20
1.5122069
 30
0.0
 11
2.1452704
 21
1.5232309
 31
0.0
  0
LINE
  5
D2E
330
1F
100
AcDbEntity
  8
Top Paste
100
AcDbLine
 10
2.1452704
 20
1.5232309
 30
0.0
 11
2.1137744
 21
1.5232309
 31
0.0
  0
LINE
  5
D2F
330
1F
100
AcDbEntity
  8
Top Paste
100
AcDbLine
 10
2.0944904
 20
1.5629869
 30
0.0
 11
2.0944904
 21
1.5629869
 31
0.0
  0
LINE
  5
D30
330
1F
100
AcDbEntity
  8
Top Paste
100
AcDbLine
 10
2.0944904
 20
1.5629869
 30
0.0
 11
2.0944904
 21
1.5314909
 31
0.0
  0
LINE
  5
D31
330
1F
100
AcDbEntity
  8
Top Paste
100
AcDbLine
 10
2.0944904
 20
1.5314909
 30
0.0
 11
2.1055144
 21
1.5314909
 31
0.0
  0
LINE
  5
D32
330
1F
100
AcDbEntity
  8
Top Paste
100
AcDbLine
 10
2.1055144
 20
1.5314909
 30
0.0
 11
2.1055144
 21
1.5629869
 31
0.0
  0
LINE
  5
D33
330
1F
100
AcDbEntity
  8
Top Paste
100
AcDbLine
 10
2.1055144
 20
1.5629869
 30
0.0
 11
2.0944904
 21
1.5629869
 31
0.0
  0
LINE
  5
D34
330
1F
100
AcDbEntity
  8
Top Paste
100
AcDbLine
 10
1.9677744
 20
1.5314909
 30
0.0
 11
1.9677744
 21
1.5314909
 31
0.0
  0
LINE
  5
D35
330
1F
100
AcDbEntity
  8
Top Paste
100
AcDbLine
 10
1.9677744
 20
1.5314909
 30
0.0
 11
1.9677744
 21
1.5629869
 31
0.0
  0
LINE
  5
D36
330
1F
100
AcDbEntity
  8
Top Paste
100
AcDbLine
 10
1.9677744
 20
1.5629869
 30
0.0
 11
1.9567504
 21
1.5629869
 31
0.0
  0
LINE
  5
D37
330
1F
100
AcDbEntity
  8
Top Paste
100
AcDbLine
 10
1.9567504
 20
1.5629869
 30
0.0
 11
1.9567504
 21
1.5314909
 31
0.0
  0
LINE
  5
D38
330
1F
100
AcDbEntity
  8
Top Paste
100
AcDbLine
 10
1.9567504
 20
1.5314909
 30
0.0
 11
1.9677744
 21
1.5314909
 31
0.0
  0
LINE
  5
D39
330
1F
100
AcDbEntity
  8
Top Paste
100
AcDbLine
 10
2.0748604
 20
1.5629869
 30
0.0
 11
2.0748604
 21
1.5629869
 31
0.0
  0
LINE
  5
D3A
330
1F
100
AcDbEntity
  8
Top Paste
100
AcDbLine
 10
2.0748604
 20
1.5629869
 30
0.0
 11
2.0748604
 21
1.5314909
 31
0.0
  0
LINE
  5
D3B
330
1F
100
AcDbEntity
  8
Top Paste
100
AcDbLine
 10
2.0748604
 20
1.5314909
 30
0.0
 11
2.0858844
 21
1.5314909
 31
0.0
  0
LINE
  5
D3C
330
1F
100
AcDbEntity
  8
Top Paste
100
AcDbLine
 10
2.0858844
 20
1.5314909
 30
0.0
 11
2.0858844
 21
1.5629869
 31
0.0
  0
LINE
  5
D3D
330
1F
100
AcDbEntity
  8
Top Paste
100
AcDbLine
 10
2.0858844
 20
1.5629869
 30
0.0
 11
2.0748604
 21
1.5629869
 31
0.0
  0
LINE
  5
D3E
330
1F
100
AcDbEntity
  8
Top Paste
100
AcDbLine
 10
2.0551704
 20
1.5629869
 30
0.0
 11
2.0551704
 21
1.5629869
 31
0.0
  0
LINE
  5
D3F
330
1F
100
AcDbEntity
  8
Top Paste
100
AcDbLine
 10
2.0551704
 20
1.5629869
 30
0.0
 11
2.0551704
 21
1.5314909
 31
0.0
  0
LINE
  5
D40
330
1F
100
AcDbEntity
  8
Top Paste
100
AcDbLine
 10
2.0551704
 20
1.5314909
 30
0.0
 11
2.0661944
 21
1.5314909
 31
0.0
  0
LINE
  5
D41
330
1F
100
AcDbEntity
  8
Top Paste
100
AcDbLine
 10
2.0661944
 20
1.5314909
 30
0.0
 11
2.0661944
 21
1.5629869
 31
0.0
  0
LINE
  5
D42
330
1F
100
AcDbEntity
  8
Top Paste
100
AcDbLine
 10
2.0661944
 20
1.5629869
 30
0.0
 11
2.0551704
 21
1.5629869
 31
0.0
  0
LINE
  5
D43
330
1F
100
AcDbEntity
  8
Top Paste
100
AcDbLine
 10
2.0354904
 20
1.5629869
 30
0.0
 11
2.0354904
 21
1.5629869
 31
0.0
  0
LINE
  5
D44
330
1F
100
AcDbEntity
  8
Top Paste
100
AcDbLine
 10
2.0354904
 20
1.5629869
 30
0.0
 11
2.0354904
 21
1.5314909
 31
0.0
  0
LINE
  5
D45
330
1F
100
AcDbEntity
  8
Top Paste
100
AcDbLine
 10
2.0354904
 20
1.5314909
 30
0.0
 11
2.0465144
 21
1.5314909
 31
0.0
  0
LINE
  5
D46
330
1F
100
AcDbEntity
  8
Top Paste
100
AcDbLine
 10
2.0465144
 20
1.5314909
 30
0.0
 11
2.0465144
 21
1.5629869
 31
0.0
  0
LINE
  5
D47
330
1F
100
AcDbEntity
  8
Top Paste
100
AcDbLine
 10
2.0465144
 20
1.5629869
 30
0.0
 11
2.0354904
 21
1.5629869
 31
0.0
  0
LINE
  5
D48
330
1F
100
AcDbEntity
  8
Top Paste
100
AcDbLine
 10
1.9874544
 20
1.5314909
 30
0.0
 11
1.9874544
 21
1.5314909
 31
0.0
  0
LINE
  5
D49
330
1F
100
AcDbEntity
  8
Top Paste
100
AcDbLine
 10
1.9874544
 20
1.5314909
 30
0.0
 11
1.9874544
 21
1.5629869
 31
0.0
  0
LINE
  5
D4A
330
1F
100
AcDbEntity
  8
Top Paste
100
AcDbLine
 10
1.9874544
 20
1.5629869
 30
0.0
 11
1.9764304
 21
1.5629869
 31
0.0
  0
LINE
  5
D4B
330
1F
100
AcDbEntity
  8
Top Paste
100
AcDbLine
 10
1.9764304
 20
1.5629869
 30
0.0
 11
1.9764304
 21
1.5314909
 31
0.0
  0
LINE
  5
D4C
330
1F
100
AcDbEntity
  8
Top Paste
100
AcDbLine
 10
1.9764304
 20
1.5314909
 30
0.0
 11
1.9874544
 21
1.5314909
 31
0.0
  0
LINE
  5
D4D
330
1F
100
AcDbEntity
  8
Top Paste
100
AcDbLine
 10
2.0158004
 20
1.5629869
 30
0.0
 11
2.0158004
 21
1.5629869
 31
0.0
  0
LINE
  5
D4E
330
1F
100
AcDbEntity
  8
Top Paste
100
AcDbLine
 10
2.0158004
 20
1.5629869
 30
0.0
 11
2.0158004
 21
1.5314909
 31
0.0
  0
LINE
  5
D4F
330
1F
100
AcDbEntity
  8
Top Paste
100
AcDbLine
 10
2.0158004
 20
1.5314909
 30
0.0
 11
2.0268244
 21
1.5314909
 31
0.0
  0
LINE
  5
D50
330
1F
100
AcDbEntity
  8
Top Paste
100
AcDbLine
 10
2.0268244
 20
1.5314909
 30
0.0
 11
2.0268244
 21
1.5629869
 31
0.0
  0
LINE
  5
D51
330
1F
100
AcDbEntity
  8
Top Paste
100
AcDbLine
 10
2.0268244
 20
1.5629869
 30
0.0
 11
2.0158004
 21
1.5629869
 31
0.0
  0
LINE
  5
D52
330
1F
100
AcDbEntity
  8
Top Paste
100
AcDbLine
 10
1.9961204
 20
1.5629869
 30
0.0
 11
1.9961204
 21
1.5629869
 31
0.0
  0
LINE
  5
D53
330
1F
100
AcDbEntity
  8
Top Paste
100
AcDbLine
 10
1.9961204
 20
1.5629869
 30
0.0
 11
1.9961204
 21
1.5314909
 31
0.0
  0
LINE
  5
D54
330
1F
100
AcDbEntity
  8
Top Paste
100
AcDbLine
 10
1.9961204
 20
1.5314909
 30
0.0
 11
2.0071444
 21
1.5314909
 31
0.0
  0
LINE
  5
D55
330
1F
100
AcDbEntity
  8
Top Paste
100
AcDbLine
 10
2.0071444
 20
1.5314909
 30
0.0
 11
2.0071444
 21
1.5629869
 31
0.0
  0
LINE
  5
D56
330
1F
100
AcDbEntity
  8
Top Paste
100
AcDbLine
 10
2.0071444
 20
1.5629869
 30
0.0
 11
1.9961204
 21
1.5629869
 31
0.0
  0
LINE
  5
D57
330
1F
100
AcDbEntity
  8
Top Overlay
100
AcDbLine
 10
1.7683548
 20
0.5015197
 30
0.0
 11
1.7683548
 21
0.8677717
 31
0.0
  0
LINE
  5
D58
330
1F
100
AcDbEntity
  8
Top Overlay
100
AcDbLine
 10
0.8875508
 20
0.5015197
 30
0.0
 11
1.7683548
 21
0.5015197
 31
0.0
  0
LINE
  5
D59
330
1F
100
AcDbEntity
  8
Top Overlay
100
AcDbLine
 10
0.8875508
 20
0.5015197
 30
0.0
 11
0.8875508
 21
0.8677717
 31
0.0
  0
LINE
  5
D5A
330
1F
100
AcDbEntity
  8
Top Overlay
100
AcDbLine
 10
0.8875508
 20
0.8677717
 30
0.0
 11
1.7683548
 21
0.8677717
 31
0.0
  0
CIRCLE
  5
D5B
330
1F
100
AcDbEntity
  8
Top Overlay
100
AcDbCircle
 10
1.7374028
 20
0.8381457
 30
0.0
 40
0.00591
  0
CIRCLE
  5
D5C
330
1F
100
AcDbEntity
  8
Top Overlay
100
AcDbCircle
 10
1.7640328
 20
0.9067757
 30
0.0
 40
0.00591
  0
ARC
  5
D5D
330
1F
100
AcDbEntity
  8
Top Paste
100
AcDbCircle
 10
1.7374028
 20
0.9323662
 30
0.0
 40
0.0118425
100
AcDbArc
 50
0.0
 51
180.0
  0
LINE
  5
D5E
330
1F
100
AcDbEntity
  8
Top Paste
100
AcDbLine
 10
1.7255603
 20
0.9323662
 30
0.0
 11
1.7255603
 21
0.8811852
 31
0.0
  0
ARC
  5
D5F
330
1F
100
AcDbEntity
  8
Top Paste
100
AcDbCircle
 10
1.7374028
 20
0.8811852
 30
0.0
 40
0.0118425
100
AcDbArc
 50
180.0
 51
0.0
  0
LINE
  5
D60
330
1F
100
AcDbEntity
  8
Top Paste
100
AcDbLine
 10
1.7492453
 20
0.8811852
 30
0.0
 11
1.7492453
 21
0.9323662
 31
0.0
  0
ARC
  5
D61
330
1F
100
AcDbEntity
  8
Top Solder
100
AcDbCircle
 10
1.7374028
 20
0.9323662
 30
0.0
 40
0.0138425
100
AcDbArc
 50
0.0
 51
180.0
  0
LINE
  5
D62
330
1F
100
AcDbEntity
  8
Top Solder
100
AcDbLine
 10
1.7235603
 20
0.9323662
 30
0.0
 11
1.7235603
 21
0.8811852
 31
0.0
  0
ARC
  5
D63
330
1F
100
AcDbEntity
  8
Top Solder
100
AcDbCircle
 10
1.7374028
 20
0.8811852
 30
0.0
 40
0.0138425
100
AcDbArc
 50
180.0
 51
0.0
  0
LINE
  5
D64
330
1F
100
AcDbEntity
  8
Top Solder
100
AcDbLine
 10
1.7512453
 20
0.8811852
 30
0.0
 11
1.7512453
 21
0.9323662
 31
0.0
  0
ARC
  5
D65
330
1F
100
AcDbEntity
  8
Top Paste
100
AcDbCircle
 10
1.7059028
 20
0.9323662
 30
0.0
 40
0.0118425
100
AcDbArc
 50
0.0
 51
180.0
  0
LINE
  5
D66
330
1F
100
AcDbEntity
  8
Top Paste
100
AcDbLine
 10
1.6940603
 20
0.9323662
 30
0.0
 11
1.6940603
 21
0.8811852
 31
0.0
  0
ARC
  5
D67
330
1F
100
AcDbEntity
  8
Top Paste
100
AcDbCircle
 10
1.7059028
 20
0.8811852
 30
0.0
 40
0.0118425
100
AcDbArc
 50
180.0
 51
0.0
  0
LINE
  5
D68
330
1F
100
AcDbEntity
  8
Top Paste
100
AcDbLine
 10
1.7177453
 20
0.8811852
 30
0.0
 11
1.7177453
 21
0.9323662
 31
0.0
  0
ARC
  5
D69
330
1F
100
AcDbEntity
  8
Top Solder
100
AcDbCircle
 10
1.7059028
 20
0.9323662
 30
0.0
 40
0.0138425
100
AcDbArc
 50
0.0
 51
180.0
  0
LINE
  5
D6A
330
1F
100
AcDbEntity
  8
Top Solder
100
AcDbLine
 10
1.6920603
 20
0.9323662
 30
0.0
 11
1.6920603
 21
0.8811852
 31
0.0
  0
ARC
  5
D6B
330
1F
100
AcDbEntity
  8
Top Solder
100
AcDbCircle
 10
1.7059028
 20
0.8811852
 30
0.0
 40
0.0138425
100
AcDbArc
 50
180.0
 51
0.0
  0
LINE
  5
D6C
330
1F
100
AcDbEntity
  8
Top Solder
100
AcDbLine
 10
1.7197453
 20
0.8811852
 30
0.0
 11
1.7197453
 21
0.9323662
 31
0.0
  0
ARC
  5
D6D
330
1F
100
AcDbEntity
  8
Top Paste
100
AcDbCircle
 10
1.6744128
 20
0.9323662
 30
0.0
 40
0.0118425
100
AcDbArc
 50
0.0
 51
180.0
  0
LINE
  5
D6E
330
1F
100
AcDbEntity
  8
Top Paste
100
AcDbLine
 10
1.6625703
 20
0.9323662
 30
0.0
 11
1.6625703
 21
0.8811852
 31
0.0
  0
ARC
  5
D6F
330
1F
100
AcDbEntity
  8
Top Paste
100
AcDbCircle
 10
1.6744128
 20
0.8811852
 30
0.0
 40
0.0118425
100
AcDbArc
 50
180.0
 51
0.0
  0
LINE
  5
D70
330
1F
100
AcDbEntity
  8
Top Paste
100
AcDbLine
 10
1.6862553
 20
0.8811852
 30
0.0
 11
1.6862553
 21
0.9323662
 31
0.0
  0
ARC
  5
D71
330
1F
100
AcDbEntity
  8
Top Solder
100
AcDbCircle
 10
1.6744128
 20
0.9323662
 30
0.0
 40
0.0138425
100
AcDbArc
 50
0.0
 51
180.0
  0
LINE
  5
D72
330
1F
100
AcDbEntity
  8
Top Solder
100
AcDbLine
 10
1.6605703
 20
0.9323662
 30
0.0
 11
1.6605703
 21
0.8811852
 31
0.0
  0
ARC
  5
D73
330
1F
100
AcDbEntity
  8
Top Solder
100
AcDbCircle
 10
1.6744128
 20
0.8811852
 30
0.0
 40
0.0138425
100
AcDbArc
 50
180.0
 51
0.0
  0
LINE
  5
D74
330
1F
100
AcDbEntity
  8
Top Solder
100
AcDbLine
 10
1.6882553
 20
0.8811852
 30
0.0
 11
1.6882553
 21
0.9323662
 31
0.0
  0
ARC
  5
D75
330
1F
100
AcDbEntity
  8
Top Paste
100
AcDbCircle
 10
1.6429128
 20
0.9323662
 30
0.0
 40
0.0118425
100
AcDbArc
 50
0.0
 51
180.0
  0
LINE
  5
D76
330
1F
100
AcDbEntity
  8
Top Paste
100
AcDbLine
 10
1.6310703
 20
0.9323662
 30
0.0
 11
1.6310703
 21
0.8811852
 31
0.0
  0
ARC
  5
D77
330
1F
100
AcDbEntity
  8
Top Paste
100
AcDbCircle
 10
1.6429128
 20
0.8811852
 30
0.0
 40
0.0118425
100
AcDbArc
 50
180.0
 51
0.0
  0
LINE
  5
D78
330
1F
100
AcDbEntity
  8
Top Paste
100
AcDbLine
 10
1.6547553
 20
0.8811852
 30
0.0
 11
1.6547553
 21
0.9323662
 31
0.0
  0
ARC
  5
D79
330
1F
100
AcDbEntity
  8
Top Solder
100
AcDbCircle
 10
1.6429128
 20
0.9323662
 30
0.0
 40
0.0138425
100
AcDbArc
 50
0.0
 51
180.0
  0
LINE
  5
D7A
330
1F
100
AcDbEntity
  8
Top Solder
100
AcDbLine
 10
1.6290703
 20
0.9323662
 30
0.0
 11
1.6290703
 21
0.8811852
 31
0.0
  0
ARC
  5
D7B
330
1F
100
AcDbEntity
  8
Top Solder
100
AcDbCircle
 10
1.6429128
 20
0.8811852
 30
0.0
 40
0.0138425
100
AcDbArc
 50
180.0
 51
0.0
  0
LINE
  5
D7C
330
1F
100
AcDbEntity
  8
Top Solder
100
AcDbLine
 10
1.6567553
 20
0.8811852
 30
0.0
 11
1.6567553
 21
0.9323662
 31
0.0
  0
ARC
  5
D7D
330
1F
100
AcDbEntity
  8
Top Paste
100
AcDbCircle
 10
1.6114128
 20
0.9323662
 30
0.0
 40
0.0118425
100
AcDbArc
 50
0.0
 51
180.0
  0
LINE
  5
D7E
330
1F
100
AcDbEntity
  8
Top Paste
100
AcDbLine
 10
1.5995703
 20
0.9323662
 30
0.0
 11
1.5995703
 21
0.8811852
 31
0.0
  0
ARC
  5
D7F
330
1F
100
AcDbEntity
  8
Top Paste
100
AcDbCircle
 10
1.6114128
 20
0.8811852
 30
0.0
 40
0.0118425
100
AcDbArc
 50
180.0
 51
0.0
  0
LINE
  5
D80
330
1F
100
AcDbEntity
  8
Top Paste
100
AcDbLine
 10
1.6232553
 20
0.8811852
 30
0.0
 11
1.6232553
 21
0.9323662
 31
0.0
  0
ARC
  5
D81
330
1F
100
AcDbEntity
  8
Top Solder
100
AcDbCircle
 10
1.6114128
 20
0.9323662
 30
0.0
 40
0.0138425
100
AcDbArc
 50
0.0
 51
180.0
  0
LINE
  5
D82
330
1F
100
AcDbEntity
  8
Top Solder
100
AcDbLine
 10
1.5975703
 20
0.9323662
 30
0.0
 11
1.5975703
 21
0.8811852
 31
0.0
  0
ARC
  5
D83
330
1F
100
AcDbEntity
  8
Top Solder
100
AcDbCircle
 10
1.6114128
 20
0.8811852
 30
0.0
 40
0.0138425
100
AcDbArc
 50
180.0
 51
0.0
  0
LINE
  5
D84
330
1F
100
AcDbEntity
  8
Top Solder
100
AcDbLine
 10
1.6252553
 20
0.8811852
 30
0.0
 11
1.6252553
 21
0.9323662
 31
0.0
  0
ARC
  5
D85
330
1F
100
AcDbEntity
  8
Top Paste
100
AcDbCircle
 10
1.5799228
 20
0.9323662
 30
0.0
 40
0.0118425
100
AcDbArc
 50
0.0
 51
180.0
  0
LINE
  5
D86
330
1F
100
AcDbEntity
  8
Top Paste
100
AcDbLine
 10
1.5680803
 20
0.9323662
 30
0.0
 11
1.5680803
 21
0.8811852
 31
0.0
  0
ARC
  5
D87
330
1F
100
AcDbEntity
  8
Top Paste
100
AcDbCircle
 10
1.5799228
 20
0.8811852
 30
0.0
 40
0.0118425
100
AcDbArc
 50
180.0
 51
0.0
  0
LINE
  5
D88
330
1F
100
AcDbEntity
  8
Top Paste
100
AcDbLine
 10
1.5917653
 20
0.8811852
 30
0.0
 11
1.5917653
 21
0.9323662
 31
0.0
  0
ARC
  5
D89
330
1F
100
AcDbEntity
  8
Top Solder
100
AcDbCircle
 10
1.5799228
 20
0.9323662
 30
0.0
 40
0.0138425
100
AcDbArc
 50
0.0
 51
180.0
  0
LINE
  5
D8A
330
1F
100
AcDbEntity
  8
Top Solder
100
AcDbLine
 10
1.5660803
 20
0.9323662
 30
0.0
 11
1.5660803
 21
0.8811852
 31
0.0
  0
ARC
  5
D8B
330
1F
100
AcDbEntity
  8
Top Solder
100
AcDbCircle
 10
1.5799228
 20
0.8811852
 30
0.0
 40
0.0138425
100
AcDbArc
 50
180.0
 51
0.0
  0
LINE
  5
D8C
330
1F
100
AcDbEntity
  8
Top Solder
100
AcDbLine
 10
1.5937653
 20
0.8811852
 30
0.0
 11
1.5937653
 21
0.9323662
 31
0.0
  0
ARC
  5
D8D
330
1F
100
AcDbEntity
  8
Top Paste
100
AcDbCircle
 10
1.5484228
 20
0.9323662
 30
0.0
 40
0.0118425
100
AcDbArc
 50
0.0
 51
180.0
  0
LINE
  5
D8E
330
1F
100
AcDbEntity
  8
Top Paste
100
AcDbLine
 10
1.5365803
 20
0.9323662
 30
0.0
 11
1.5365803
 21
0.8811852
 31
0.0
  0
ARC
  5
D8F
330
1F
100
AcDbEntity
  8
Top Paste
100
AcDbCircle
 10
1.5484228
 20
0.8811852
 30
0.0
 40
0.0118425
100
AcDbArc
 50
180.0
 51
0.0
  0
LINE
  5
D90
330
1F
100
AcDbEntity
  8
Top Paste
100
AcDbLine
 10
1.5602653
 20
0.8811852
 30
0.0
 11
1.5602653
 21
0.9323662
 31
0.0
  0
ARC
  5
D91
330
1F
100
AcDbEntity
  8
Top Solder
100
AcDbCircle
 10
1.5484228
 20
0.9323662
 30
0.0
 40
0.0138425
100
AcDbArc
 50
0.0
 51
180.0
  0
LINE
  5
D92
330
1F
100
AcDbEntity
  8
Top Solder
100
AcDbLine
 10
1.5345803
 20
0.9323662
 30
0.0
 11
1.5345803
 21
0.8811852
 31
0.0
  0
ARC
  5
D93
330
1F
100
AcDbEntity
  8
Top Solder
100
AcDbCircle
 10
1.5484228
 20
0.8811852
 30
0.0
 40
0.0138425
100
AcDbArc
 50
180.0
 51
0.0
  0
LINE
  5
D94
330
1F
100
AcDbEntity
  8
Top Solder
100
AcDbLine
 10
1.5622653
 20
0.8811852
 30
0.0
 11
1.5622653
 21
0.9323662
 31
0.0
  0
ARC
  5
D95
330
1F
100
AcDbEntity
  8
Top Paste
100
AcDbCircle
 10
1.5169328
 20
0.9323662
 30
0.0
 40
0.0118425
100
AcDbArc
 50
0.0
 51
180.0
  0
LINE
  5
D96
330
1F
100
AcDbEntity
  8
Top Paste
100
AcDbLine
 10
1.5050903
 20
0.9323662
 30
0.0
 11
1.5050903
 21
0.8811852
 31
0.0
  0
ARC
  5
D97
330
1F
100
AcDbEntity
  8
Top Paste
100
AcDbCircle
 10
1.5169328
 20
0.8811852
 30
0.0
 40
0.0118425
100
AcDbArc
 50
180.0
 51
0.0
  0
LINE
  5
D98
330
1F
100
AcDbEntity
  8
Top Paste
100
AcDbLine
 10
1.5287753
 20
0.8811852
 30
0.0
 11
1.5287753
 21
0.9323662
 31
0.0
  0
ARC
  5
D99
330
1F
100
AcDbEntity
  8
Top Solder
100
AcDbCircle
 10
1.5169328
 20
0.9323662
 30
0.0
 40
0.0138425
100
AcDbArc
 50
0.0
 51
180.0
  0
LINE
  5
D9A
330
1F
100
AcDbEntity
  8
Top Solder
100
AcDbLine
 10
1.5030903
 20
0.9323662
 30
0.0
 11
1.5030903
 21
0.8811852
 31
0.0
  0
ARC
  5
D9B
330
1F
100
AcDbEntity
  8
Top Solder
100
AcDbCircle
 10
1.5169328
 20
0.8811852
 30
0.0
 40
0.0138425
100
AcDbArc
 50
180.0
 51
0.0
  0
LINE
  5
D9C
330
1F
100
AcDbEntity
  8
Top Solder
100
AcDbLine
 10
1.5307753
 20
0.8811852
 30
0.0
 11
1.5307753
 21
0.9323662
 31
0.0
  0
ARC
  5
D9D
330
1F
100
AcDbEntity
  8
Top Paste
100
AcDbCircle
 10
1.4854328
 20
0.9323662
 30
0.0
 40
0.0118425
100
AcDbArc
 50
0.0
 51
180.0
  0
LINE
  5
D9E
330
1F
100
AcDbEntity
  8
Top Paste
100
AcDbLine
 10
1.4735903
 20
0.9323662
 30
0.0
 11
1.4735903
 21
0.8811852
 31
0.0
  0
ARC
  5
D9F
330
1F
100
AcDbEntity
  8
Top Paste
100
AcDbCircle
 10
1.4854328
 20
0.8811852
 30
0.0
 40
0.0118425
100
AcDbArc
 50
180.0
 51
0.0
  0
LINE
  5
DA0
330
1F
100
AcDbEntity
  8
Top Paste
100
AcDbLine
 10
1.4972753
 20
0.8811852
 30
0.0
 11
1.4972753
 21
0.9323662
 31
0.0
  0
ARC
  5
DA1
330
1F
100
AcDbEntity
  8
Top Solder
100
AcDbCircle
 10
1.4854328
 20
0.9323662
 30
0.0
 40
0.0138425
100
AcDbArc
 50
0.0
 51
180.0
  0
LINE
  5
DA2
330
1F
100
AcDbEntity
  8
Top Solder
100
AcDbLine
 10
1.4715903
 20
0.9323662
 30
0.0
 11
1.4715903
 21
0.8811852
 31
0.0
  0
ARC
  5
DA3
330
1F
100
AcDbEntity
  8
Top Solder
100
AcDbCircle
 10
1.4854328
 20
0.8811852
 30
0.0
 40
0.0138425
100
AcDbArc
 50
180.0
 51
0.0
  0
LINE
  5
DA4
330
1F
100
AcDbEntity
  8
Top Solder
100
AcDbLine
 10
1.4992753
 20
0.8811852
 30
0.0
 11
1.4992753
 21
0.9323662
 31
0.0
  0
ARC
  5
DA5
330
1F
100
AcDbEntity
  8
Top Paste
100
AcDbCircle
 10
1.4539328
 20
0.9323662
 30
0.0
 40
0.0118425
100
AcDbArc
 50
0.0
 51
180.0
  0
LINE
  5
DA6
330
1F
100
AcDbEntity
  8
Top Paste
100
AcDbLine
 10
1.4420903
 20
0.9323662
 30
0.0
 11
1.4420903
 21
0.8811852
 31
0.0
  0
ARC
  5
DA7
330
1F
100
AcDbEntity
  8
Top Paste
100
AcDbCircle
 10
1.4539328
 20
0.8811852
 30
0.0
 40
0.0118425
100
AcDbArc
 50
180.0
 51
0.0
  0
LINE
  5
DA8
330
1F
100
AcDbEntity
  8
Top Paste
100
AcDbLine
 10
1.4657753
 20
0.8811852
 30
0.0
 11
1.4657753
 21
0.9323662
 31
0.0
  0
ARC
  5
DA9
330
1F
100
AcDbEntity
  8
Top Solder
100
AcDbCircle
 10
1.4539328
 20
0.9323662
 30
0.0
 40
0.0138425
100
AcDbArc
 50
0.0
 51
180.0
  0
LINE
  5
DAA
330
1F
100
AcDbEntity
  8
Top Solder
100
AcDbLine
 10
1.4400903
 20
0.9323662
 30
0.0
 11
1.4400903
 21
0.8811852
 31
0.0
  0
ARC
  5
DAB
330
1F
100
AcDbEntity
  8
Top Solder
100
AcDbCircle
 10
1.4539328
 20
0.8811852
 30
0.0
 40
0.0138425
100
AcDbArc
 50
180.0
 51
0.0
  0
LINE
  5
DAC
330
1F
100
AcDbEntity
  8
Top Solder
100
AcDbLine
 10
1.4677753
 20
0.8811852
 30
0.0
 11
1.4677753
 21
0.9323662
 31
0.0
  0
ARC
  5
DAD
330
1F
100
AcDbEntity
  8
Top Paste
100
AcDbCircle
 10
1.4224428
 20
0.9323662
 30
0.0
 40
0.0118425
100
AcDbArc
 50
0.0
 51
180.0
  0
LINE
  5
DAE
330
1F
100
AcDbEntity
  8
Top Paste
100
AcDbLine
 10
1.4106003
 20
0.9323662
 30
0.0
 11
1.4106003
 21
0.8811852
 31
0.0
  0
ARC
  5
DAF
330
1F
100
AcDbEntity
  8
Top Paste
100
AcDbCircle
 10
1.4224428
 20
0.8811852
 30
0.0
 40
0.0118425
100
AcDbArc
 50
180.0
 51
0.0
  0
LINE
  5
DB0
330
1F
100
AcDbEntity
  8
Top Paste
100
AcDbLine
 10
1.4342853
 20
0.8811852
 30
0.0
 11
1.4342853
 21
0.9323662
 31
0.0
  0
ARC
  5
DB1
330
1F
100
AcDbEntity
  8
Top Solder
100
AcDbCircle
 10
1.4224428
 20
0.9323662
 30
0.0
 40
0.0138425
100
AcDbArc
 50
0.0
 51
180.0
  0
LINE
  5
DB2
330
1F
100
AcDbEntity
  8
Top Solder
100
AcDbLine
 10
1.4086003
 20
0.9323662
 30
0.0
 11
1.4086003
 21
0.8811852
 31
0.0
  0
ARC
  5
DB3
330
1F
100
AcDbEntity
  8
Top Solder
100
AcDbCircle
 10
1.4224428
 20
0.8811852
 30
0.0
 40
0.0138425
100
AcDbArc
 50
180.0
 51
0.0
  0
LINE
  5
DB4
330
1F
100
AcDbEntity
  8
Top Solder
100
AcDbLine
 10
1.4362853
 20
0.8811852
 30
0.0
 11
1.4362853
 21
0.9323662
 31
0.0
  0
ARC
  5
DB5
330
1F
100
AcDbEntity
  8
Top Paste
100
AcDbCircle
 10
1.3909428
 20
0.9323662
 30
0.0
 40
0.0118425
100
AcDbArc
 50
0.0
 51
180.0
  0
LINE
  5
DB6
330
1F
100
AcDbEntity
  8
Top Paste
100
AcDbLine
 10
1.3791003
 20
0.9323662
 30
0.0
 11
1.3791003
 21
0.8811852
 31
0.0
  0
ARC
  5
DB7
330
1F
100
AcDbEntity
  8
Top Paste
100
AcDbCircle
 10
1.3909428
 20
0.8811852
 30
0.0
 40
0.0118425
100
AcDbArc
 50
180.0
 51
0.0
  0
LINE
  5
DB8
330
1F
100
AcDbEntity
  8
Top Paste
100
AcDbLine
 10
1.4027853
 20
0.8811852
 30
0.0
 11
1.4027853
 21
0.9323662
 31
0.0
  0
ARC
  5
DB9
330
1F
100
AcDbEntity
  8
Top Solder
100
AcDbCircle
 10
1.3909428
 20
0.9323662
 30
0.0
 40
0.0138425
100
AcDbArc
 50
0.0
 51
180.0
  0
LINE
  5
DBA
330
1F
100
AcDbEntity
  8
Top Solder
100
AcDbLine
 10
1.3771003
 20
0.9323662
 30
0.0
 11
1.3771003
 21
0.8811852
 31
0.0
  0
ARC
  5
DBB
330
1F
100
AcDbEntity
  8
Top Solder
100
AcDbCircle
 10
1.3909428
 20
0.8811852
 30
0.0
 40
0.0138425
100
AcDbArc
 50
180.0
 51
0.0
  0
LINE
  5
DBC
330
1F
100
AcDbEntity
  8
Top Solder
100
AcDbLine
 10
1.4047853
 20
0.8811852
 30
0.0
 11
1.4047853
 21
0.9323662
 31
0.0
  0
ARC
  5
DBD
330
1F
100
AcDbEntity
  8
Top Paste
100
AcDbCircle
 10
1.3594528
 20
0.9323662
 30
0.0
 40
0.0118425
100
AcDbArc
 50
0.0
 51
180.0
  0
LINE
  5
DBE
330
1F
100
AcDbEntity
  8
Top Paste
100
AcDbLine
 10
1.3476103
 20
0.9323662
 30
0.0
 11
1.3476103
 21
0.8811852
 31
0.0
  0
ARC
  5
DBF
330
1F
100
AcDbEntity
  8
Top Paste
100
AcDbCircle
 10
1.3594528
 20
0.8811852
 30
0.0
 40
0.0118425
100
AcDbArc
 50
180.0
 51
0.0
  0
LINE
  5
DC0
330
1F
100
AcDbEntity
  8
Top Paste
100
AcDbLine
 10
1.3712953
 20
0.8811852
 30
0.0
 11
1.3712953
 21
0.9323662
 31
0.0
  0
ARC
  5
DC1
330
1F
100
AcDbEntity
  8
Top Solder
100
AcDbCircle
 10
1.3594528
 20
0.9323662
 30
0.0
 40
0.0138425
100
AcDbArc
 50
0.0
 51
180.0
  0
LINE
  5
DC2
330
1F
100
AcDbEntity
  8
Top Solder
100
AcDbLine
 10
1.3456103
 20
0.9323662
 30
0.0
 11
1.3456103
 21
0.8811852
 31
0.0
  0
ARC
  5
DC3
330
1F
100
AcDbEntity
  8
Top Solder
100
AcDbCircle
 10
1.3594528
 20
0.8811852
 30
0.0
 40
0.0138425
100
AcDbArc
 50
180.0
 51
0.0
  0
LINE
  5
DC4
330
1F
100
AcDbEntity
  8
Top Solder
100
AcDbLine
 10
1.3732953
 20
0.8811852
 30
0.0
 11
1.3732953
 21
0.9323662
 31
0.0
  0
ARC
  5
DC5
330
1F
100
AcDbEntity
  8
Top Paste
100
AcDbCircle
 10
1.3279528
 20
0.9323662
 30
0.0
 40
0.0118425
100
AcDbArc
 50
0.0
 51
180.0
  0
LINE
  5
DC6
330
1F
100
AcDbEntity
  8
Top Paste
100
AcDbLine
 10
1.3161103
 20
0.9323662
 30
0.0
 11
1.3161103
 21
0.8811852
 31
0.0
  0
ARC
  5
DC7
330
1F
100
AcDbEntity
  8
Top Paste
100
AcDbCircle
 10
1.3279528
 20
0.8811852
 30
0.0
 40
0.0118425
100
AcDbArc
 50
180.0
 51
0.0
  0
LINE
  5
DC8
330
1F
100
AcDbEntity
  8
Top Paste
100
AcDbLine
 10
1.3397953
 20
0.8811852
 30
0.0
 11
1.3397953
 21
0.9323662
 31
0.0
  0
ARC
  5
DC9
330
1F
100
AcDbEntity
  8
Top Solder
100
AcDbCircle
 10
1.3279528
 20
0.9323662
 30
0.0
 40
0.0138425
100
AcDbArc
 50
0.0
 51
180.0
  0
LINE
  5
DCA
330
1F
100
AcDbEntity
  8
Top Solder
100
AcDbLine
 10
1.3141103
 20
0.9323662
 30
0.0
 11
1.3141103
 21
0.8811852
 31
0.0
  0
ARC
  5
DCB
330
1F
100
AcDbEntity
  8
Top Solder
100
AcDbCircle
 10
1.3279528
 20
0.8811852
 30
0.0
 40
0.0138425
100
AcDbArc
 50
180.0
 51
0.0
  0
LINE
  5
DCC
330
1F
100
AcDbEntity
  8
Top Solder
100
AcDbLine
 10
1.3417953
 20
0.8811852
 30
0.0
 11
1.3417953
 21
0.9323662
 31
0.0
  0
ARC
  5
DCD
330
1F
100
AcDbEntity
  8
Top Paste
100
AcDbCircle
 10
1.2964528
 20
0.9323662
 30
0.0
 40
0.0118425
100
AcDbArc
 50
0.0
 51
180.0
  0
LINE
  5
DCE
330
1F
100
AcDbEntity
  8
Top Paste
100
AcDbLine
 10
1.2846103
 20
0.9323662
 30
0.0
 11
1.2846103
 21
0.8811852
 31
0.0
  0
ARC
  5
DCF
330
1F
100
AcDbEntity
  8
Top Paste
100
AcDbCircle
 10
1.2964528
 20
0.8811852
 30
0.0
 40
0.0118425
100
AcDbArc
 50
180.0
 51
0.0
  0
LINE
  5
DD0
330
1F
100
AcDbEntity
  8
Top Paste
100
AcDbLine
 10
1.3082953
 20
0.8811852
 30
0.0
 11
1.3082953
 21
0.9323662
 31
0.0
  0
ARC
  5
DD1
330
1F
100
AcDbEntity
  8
Top Solder
100
AcDbCircle
 10
1.2964528
 20
0.9323662
 30
0.0
 40
0.0138425
100
AcDbArc
 50
0.0
 51
180.0
  0
LINE
  5
DD2
330
1F
100
AcDbEntity
  8
Top Solder
100
AcDbLine
 10
1.2826103
 20
0.9323662
 30
0.0
 11
1.2826103
 21
0.8811852
 31
0.0
  0
ARC
  5
DD3
330
1F
100
AcDbEntity
  8
Top Solder
100
AcDbCircle
 10
1.2964528
 20
0.8811852
 30
0.0
 40
0.0138425
100
AcDbArc
 50
180.0
 51
0.0
  0
LINE
  5
DD4
330
1F
100
AcDbEntity
  8
Top Solder
100
AcDbLine
 10
1.3102953
 20
0.8811852
 30
0.0
 11
1.3102953
 21
0.9323662
 31
0.0
  0
ARC
  5
DD5
330
1F
100
AcDbEntity
  8
Top Paste
100
AcDbCircle
 10
1.2649628
 20
0.9323662
 30
0.0
 40
0.0118425
100
AcDbArc
 50
0.0
 51
180.0
  0
LINE
  5
DD6
330
1F
100
AcDbEntity
  8
Top Paste
100
AcDbLine
 10
1.2531203
 20
0.9323662
 30
0.0
 11
1.2531203
 21
0.8811852
 31
0.0
  0
ARC
  5
DD7
330
1F
100
AcDbEntity
  8
Top Paste
100
AcDbCircle
 10
1.2649628
 20
0.8811852
 30
0.0
 40
0.0118425
100
AcDbArc
 50
180.0
 51
0.0
  0
LINE
  5
DD8
330
1F
100
AcDbEntity
  8
Top Paste
100
AcDbLine
 10
1.2768053
 20
0.8811852
 30
0.0
 11
1.2768053
 21
0.9323662
 31
0.0
  0
ARC
  5
DD9
330
1F
100
AcDbEntity
  8
Top Solder
100
AcDbCircle
 10
1.2649628
 20
0.9323662
 30
0.0
 40
0.0138425
100
AcDbArc
 50
0.0
 51
180.0
  0
LINE
  5
DDA
330
1F
100
AcDbEntity
  8
Top Solder
100
AcDbLine
 10
1.2511203
 20
0.9323662
 30
0.0
 11
1.2511203
 21
0.8811852
 31
0.0
  0
ARC
  5
DDB
330
1F
100
AcDbEntity
  8
Top Solder
100
AcDbCircle
 10
1.2649628
 20
0.8811852
 30
0.0
 40
0.0138425
100
AcDbArc
 50
180.0
 51
0.0
  0
LINE
  5
DDC
330
1F
100
AcDbEntity
  8
Top Solder
100
AcDbLine
 10
1.2788053
 20
0.8811852
 30
0.0
 11
1.2788053
 21
0.9323662
 31
0.0
  0
ARC
  5
DDD
330
1F
100
AcDbEntity
  8
Top Paste
100
AcDbCircle
 10
1.2334628
 20
0.9323662
 30
0.0
 40
0.0118425
100
AcDbArc
 50
0.0
 51
180.0
  0
LINE
  5
DDE
330
1F
100
AcDbEntity
  8
Top Paste
100
AcDbLine
 10
1.2216203
 20
0.9323662
 30
0.0
 11
1.2216203
 21
0.8811852
 31
0.0
  0
ARC
  5
DDF
330
1F
100
AcDbEntity
  8
Top Paste
100
AcDbCircle
 10
1.2334628
 20
0.8811852
 30
0.0
 40
0.0118425
100
AcDbArc
 50
180.0
 51
0.0
  0
LINE
  5
DE0
330
1F
100
AcDbEntity
  8
Top Paste
100
AcDbLine
 10
1.2453053
 20
0.8811852
 30
0.0
 11
1.2453053
 21
0.9323662
 31
0.0
  0
ARC
  5
DE1
330
1F
100
AcDbEntity
  8
Top Solder
100
AcDbCircle
 10
1.2334628
 20
0.9323662
 30
0.0
 40
0.0138425
100
AcDbArc
 50
0.0
 51
180.0
  0
LINE
  5
DE2
330
1F
100
AcDbEntity
  8
Top Solder
100
AcDbLine
 10
1.2196203
 20
0.9323662
 30
0.0
 11
1.2196203
 21
0.8811852
 31
0.0
  0
ARC
  5
DE3
330
1F
100
AcDbEntity
  8
Top Solder
100
AcDbCircle
 10
1.2334628
 20
0.8811852
 30
0.0
 40
0.0138425
100
AcDbArc
 50
180.0
 51
0.0
  0
LINE
  5
DE4
330
1F
100
AcDbEntity
  8
Top Solder
100
AcDbLine
 10
1.2473053
 20
0.8811852
 30
0.0
 11
1.2473053
 21
0.9323662
 31
0.0
  0
ARC
  5
DE5
330
1F
100
AcDbEntity
  8
Top Paste
100
AcDbCircle
 10
1.2019728
 20
0.9323662
 30
0.0
 40
0.0118425
100
AcDbArc
 50
0.0
 51
180.0
  0
LINE
  5
DE6
330
1F
100
AcDbEntity
  8
Top Paste
100
AcDbLine
 10
1.1901303
 20
0.9323662
 30
0.0
 11
1.1901303
 21
0.8811852
 31
0.0
  0
ARC
  5
DE7
330
1F
100
AcDbEntity
  8
Top Paste
100
AcDbCircle
 10
1.2019728
 20
0.8811852
 30
0.0
 40
0.0118425
100
AcDbArc
 50
180.0
 51
0.0
  0
LINE
  5
DE8
330
1F
100
AcDbEntity
  8
Top Paste
100
AcDbLine
 10
1.2138153
 20
0.8811852
 30
0.0
 11
1.2138153
 21
0.9323662
 31
0.0
  0
ARC
  5
DE9
330
1F
100
AcDbEntity
  8
Top Solder
100
AcDbCircle
 10
1.2019728
 20
0.9323662
 30
0.0
 40
0.0138425
100
AcDbArc
 50
0.0
 51
180.0
  0
LINE
  5
DEA
330
1F
100
AcDbEntity
  8
Top Solder
100
AcDbLine
 10
1.1881303
 20
0.9323662
 30
0.0
 11
1.1881303
 21
0.8811852
 31
0.0
  0
ARC
  5
DEB
330
1F
100
AcDbEntity
  8
Top Solder
100
AcDbCircle
 10
1.2019728
 20
0.8811852
 30
0.0
 40
0.0138425
100
AcDbArc
 50
180.0
 51
0.0
  0
LINE
  5
DEC
330
1F
100
AcDbEntity
  8
Top Solder
100
AcDbLine
 10
1.2158153
 20
0.8811852
 30
0.0
 11
1.2158153
 21
0.9323662
 31
0.0
  0
ARC
  5
DED
330
1F
100
AcDbEntity
  8
Top Paste
100
AcDbCircle
 10
1.1704728
 20
0.9323662
 30
0.0
 40
0.0118425
100
AcDbArc
 50
0.0
 51
180.0
  0
LINE
  5
DEE
330
1F
100
AcDbEntity
  8
Top Paste
100
AcDbLine
 10
1.1586303
 20
0.9323662
 30
0.0
 11
1.1586303
 21
0.8811852
 31
0.0
  0
ARC
  5
DEF
330
1F
100
AcDbEntity
  8
Top Paste
100
AcDbCircle
 10
1.1704728
 20
0.8811852
 30
0.0
 40
0.0118425
100
AcDbArc
 50
180.0
 51
0.0
  0
LINE
  5
DF0
330
1F
100
AcDbEntity
  8
Top Paste
100
AcDbLine
 10
1.1823153
 20
0.8811852
 30
0.0
 11
1.1823153
 21
0.9323662
 31
0.0
  0
ARC
  5
DF1
330
1F
100
AcDbEntity
  8
Top Solder
100
AcDbCircle
 10
1.1704728
 20
0.9323662
 30
0.0
 40
0.0138425
100
AcDbArc
 50
0.0
 51
180.0
  0
LINE
  5
DF2
330
1F
100
AcDbEntity
  8
Top Solder
100
AcDbLine
 10
1.1566303
 20
0.9323662
 30
0.0
 11
1.1566303
 21
0.8811852
 31
0.0
  0
ARC
  5
DF3
330
1F
100
AcDbEntity
  8
Top Solder
100
AcDbCircle
 10
1.1704728
 20
0.8811852
 30
0.0
 40
0.0138425
100
AcDbArc
 50
180.0
 51
0.0
  0
LINE
  5
DF4
330
1F
100
AcDbEntity
  8
Top Solder
100
AcDbLine
 10
1.1843153
 20
0.8811852
 30
0.0
 11
1.1843153
 21
0.9323662
 31
0.0
  0
ARC
  5
DF5
330
1F
100
AcDbEntity
  8
Top Paste
100
AcDbCircle
 10
1.1389728
 20
0.9323662
 30
0.0
 40
0.0118425
100
AcDbArc
 50
0.0
 51
180.0
  0
LINE
  5
DF6
330
1F
100
AcDbEntity
  8
Top Paste
100
AcDbLine
 10
1.1271303
 20
0.9323662
 30
0.0
 11
1.1271303
 21
0.8811852
 31
0.0
  0
ARC
  5
DF7
330
1F
100
AcDbEntity
  8
Top Paste
100
AcDbCircle
 10
1.1389728
 20
0.8811852
 30
0.0
 40
0.0118425
100
AcDbArc
 50
180.0
 51
0.0
  0
LINE
  5
DF8
330
1F
100
AcDbEntity
  8
Top Paste
100
AcDbLine
 10
1.1508153
 20
0.8811852
 30
0.0
 11
1.1508153
 21
0.9323662
 31
0.0
  0
ARC
  5
DF9
330
1F
100
AcDbEntity
  8
Top Solder
100
AcDbCircle
 10
1.1389728
 20
0.9323662
 30
0.0
 40
0.0138425
100
AcDbArc
 50
0.0
 51
180.0
  0
LINE
  5
DFA
330
1F
100
AcDbEntity
  8
Top Solder
100
AcDbLine
 10
1.1251303
 20
0.9323662
 30
0.0
 11
1.1251303
 21
0.8811852
 31
0.0
  0
ARC
  5
DFB
330
1F
100
AcDbEntity
  8
Top Solder
100
AcDbCircle
 10
1.1389728
 20
0.8811852
 30
0.0
 40
0.0138425
100
AcDbArc
 50
180.0
 51
0.0
  0
LINE
  5
DFC
330
1F
100
AcDbEntity
  8
Top Solder
100
AcDbLine
 10
1.1528153
 20
0.8811852
 30
0.0
 11
1.1528153
 21
0.9323662
 31
0.0
  0
ARC
  5
DFD
330
1F
100
AcDbEntity
  8
Top Paste
100
AcDbCircle
 10
1.1074828
 20
0.9323662
 30
0.0
 40
0.0118425
100
AcDbArc
 50
0.0
 51
180.0
  0
LINE
  5
DFE
330
1F
100
AcDbEntity
  8
Top Paste
100
AcDbLine
 10
1.0956403
 20
0.9323662
 30
0.0
 11
1.0956403
 21
0.8811852
 31
0.0
  0
ARC
  5
DFF
330
1F
100
AcDbEntity
  8
Top Paste
100
AcDbCircle
 10
1.1074828
 20
0.8811852
 30
0.0
 40
0.0118425
100
AcDbArc
 50
180.0
 51
0.0
  0
LINE
  5
E00
330
1F
100
AcDbEntity
  8
Top Paste
100
AcDbLine
 10
1.1193253
 20
0.8811852
 30
0.0
 11
1.1193253
 21
0.9323662
 31
0.0
  0
ARC
  5
E01
330
1F
100
AcDbEntity
  8
Top Solder
100
AcDbCircle
 10
1.1074828
 20
0.9323662
 30
0.0
 40
0.0138425
100
AcDbArc
 50
0.0
 51
180.0
  0
LINE
  5
E02
330
1F
100
AcDbEntity
  8
Top Solder
100
AcDbLine
 10
1.0936403
 20
0.9323662
 30
0.0
 11
1.0936403
 21
0.8811852
 31
0.0
  0
ARC
  5
E03
330
1F
100
AcDbEntity
  8
Top Solder
100
AcDbCircle
 10
1.1074828
 20
0.8811852
 30
0.0
 40
0.0138425
100
AcDbArc
 50
180.0
 51
0.0
  0
LINE
  5
E04
330
1F
100
AcDbEntity
  8
Top Solder
100
AcDbLine
 10
1.1213253
 20
0.8811852
 30
0.0
 11
1.1213253
 21
0.9323662
 31
0.0
  0
ARC
  5
E05
330
1F
100
AcDbEntity
  8
Top Paste
100
AcDbCircle
 10
1.0759828
 20
0.9323662
 30
0.0
 40
0.0118425
100
AcDbArc
 50
0.0
 51
180.0
  0
LINE
  5
E06
330
1F
100
AcDbEntity
  8
Top Paste
100
AcDbLine
 10
1.0641403
 20
0.9323662
 30
0.0
 11
1.0641403
 21
0.8811852
 31
0.0
  0
ARC
  5
E07
330
1F
100
AcDbEntity
  8
Top Paste
100
AcDbCircle
 10
1.0759828
 20
0.8811852
 30
0.0
 40
0.0118425
100
AcDbArc
 50
180.0
 51
0.0
  0
LINE
  5
E08
330
1F
100
AcDbEntity
  8
Top Paste
100
AcDbLine
 10
1.0878253
 20
0.8811852
 30
0.0
 11
1.0878253
 21
0.9323662
 31
0.0
  0
ARC
  5
E09
330
1F
100
AcDbEntity
  8
Top Solder
100
AcDbCircle
 10
1.0759828
 20
0.9323662
 30
0.0
 40
0.0138425
100
AcDbArc
 50
0.0
 51
180.0
  0
LINE
  5
E0A
330
1F
100
AcDbEntity
  8
Top Solder
100
AcDbLine
 10
1.0621403
 20
0.9323662
 30
0.0
 11
1.0621403
 21
0.8811852
 31
0.0
  0
ARC
  5
E0B
330
1F
100
AcDbEntity
  8
Top Solder
100
AcDbCircle
 10
1.0759828
 20
0.8811852
 30
0.0
 40
0.0138425
100
AcDbArc
 50
180.0
 51
0.0
  0
LINE
  5
E0C
330
1F
100
AcDbEntity
  8
Top Solder
100
AcDbLine
 10
1.0898253
 20
0.8811852
 30
0.0
 11
1.0898253
 21
0.9323662
 31
0.0
  0
ARC
  5
E0D
330
1F
100
AcDbEntity
  8
Top Paste
100
AcDbCircle
 10
1.0444828
 20
0.9323662
 30
0.0
 40
0.0118425
100
AcDbArc
 50
0.0
 51
180.0
  0
LINE
  5
E0E
330
1F
100
AcDbEntity
  8
Top Paste
100
AcDbLine
 10
1.0326403
 20
0.9323662
 30
0.0
 11
1.0326403
 21
0.8811852
 31
0.0
  0
ARC
  5
E0F
330
1F
100
AcDbEntity
  8
Top Paste
100
AcDbCircle
 10
1.0444828
 20
0.8811852
 30
0.0
 40
0.0118425
100
AcDbArc
 50
180.0
 51
0.0
  0
LINE
  5
E10
330
1F
100
AcDbEntity
  8
Top Paste
100
AcDbLine
 10
1.0563253
 20
0.8811852
 30
0.0
 11
1.0563253
 21
0.9323662
 31
0.0
  0
ARC
  5
E11
330
1F
100
AcDbEntity
  8
Top Solder
100
AcDbCircle
 10
1.0444828
 20
0.9323662
 30
0.0
 40
0.0138425
100
AcDbArc
 50
0.0
 51
180.0
  0
LINE
  5
E12
330
1F
100
AcDbEntity
  8
Top Solder
100
AcDbLine
 10
1.0306403
 20
0.9323662
 30
0.0
 11
1.0306403
 21
0.8811852
 31
0.0
  0
ARC
  5
E13
330
1F
100
AcDbEntity
  8
Top Solder
100
AcDbCircle
 10
1.0444828
 20
0.8811852
 30
0.0
 40
0.0138425
100
AcDbArc
 50
180.0
 51
0.0
  0
LINE
  5
E14
330
1F
100
AcDbEntity
  8
Top Solder
100
AcDbLine
 10
1.0583253
 20
0.8811852
 30
0.0
 11
1.0583253
 21
0.9323662
 31
0.0
  0
ARC
  5
E15
330
1F
100
AcDbEntity
  8
Top Paste
100
AcDbCircle
 10
1.0129928
 20
0.9323662
 30
0.0
 40
0.0118425
100
AcDbArc
 50
0.0
 51
180.0
  0
LINE
  5
E16
330
1F
100
AcDbEntity
  8
Top Paste
100
AcDbLine
 10
1.0011503
 20
0.9323662
 30
0.0
 11
1.0011503
 21
0.8811852
 31
0.0
  0
ARC
  5
E17
330
1F
100
AcDbEntity
  8
Top Paste
100
AcDbCircle
 10
1.0129928
 20
0.8811852
 30
0.0
 40
0.0118425
100
AcDbArc
 50
180.0
 51
0.0
  0
LINE
  5
E18
330
1F
100
AcDbEntity
  8
Top Paste
100
AcDbLine
 10
1.0248353
 20
0.8811852
 30
0.0
 11
1.0248353
 21
0.9323662
 31
0.0
  0
ARC
  5
E19
330
1F
100
AcDbEntity
  8
Top Solder
100
AcDbCircle
 10
1.0129928
 20
0.9323662
 30
0.0
 40
0.0138425
100
AcDbArc
 50
0.0
 51
180.0
  0
LINE
  5
E1A
330
1F
100
AcDbEntity
  8
Top Solder
100
AcDbLine
 10
0.9991502999999999
 20
0.9323662
 30
0.0
 11
0.9991502999999999
 21
0.8811852
 31
0.0
  0
ARC
  5
E1B
330
1F
100
AcDbEntity
  8
Top Solder
100
AcDbCircle
 10
1.0129928
 20
0.8811852
 30
0.0
 40
0.0138425
100
AcDbArc
 50
180.0
 51
0.0
  0
LINE
  5
E1C
330
1F
100
AcDbEntity
  8
Top Solder
100
AcDbLine
 10
1.0268353
 20
0.8811852
 30
0.0
 11
1.0268353
 21
0.9323662
 31
0.0
  0
ARC
  5
E1D
330
1F
100
AcDbEntity
  8
Top Paste
100
AcDbCircle
 10
0.9814928
 20
0.9323662
 30
0.0
 40
0.0118425
100
AcDbArc
 50
0.0
 51
180.0
  0
LINE
  5
E1E
330
1F
100
AcDbEntity
  8
Top Paste
100
AcDbLine
 10
0.9696503000000001
 20
0.9323662
 30
0.0
 11
0.9696503000000001
 21
0.8811852
 31
0.0
  0
ARC
  5
E1F
330
1F
100
AcDbEntity
  8
Top Paste
100
AcDbCircle
 10
0.9814928
 20
0.8811852
 30
0.0
 40
0.0118425
100
AcDbArc
 50
180.0
 51
0.0
  0
LINE
  5
E20
330
1F
100
AcDbEntity
  8
Top Paste
100
AcDbLine
 10
0.9933353
 20
0.8811852
 30
0.0
 11
0.9933353
 21
0.9323662
 31
0.0
  0
ARC
  5
E21
330
1F
100
AcDbEntity
  8
Top Solder
100
AcDbCircle
 10
0.9814928
 20
0.9323662
 30
0.0
 40
0.0138425
100
AcDbArc
 50
0.0
 51
180.0
  0
LINE
  5
E22
330
1F
100
AcDbEntity
  8
Top Solder
100
AcDbLine
 10
0.9676503000000001
 20
0.9323662
 30
0.0
 11
0.9676503000000001
 21
0.8811852
 31
0.0
  0
ARC
  5
E23
330
1F
100
AcDbEntity
  8
Top Solder
100
AcDbCircle
 10
0.9814928
 20
0.8811852
 30
0.0
 40
0.0138425
100
AcDbArc
 50
180.0
 51
0.0
  0
LINE
  5
E24
330
1F
100
AcDbEntity
  8
Top Solder
100
AcDbLine
 10
0.9953353
 20
0.8811852
 30
0.0
 11
0.9953353
 21
0.9323662
 31
0.0
  0
ARC
  5
E25
330
1F
100
AcDbEntity
  8
Top Paste
100
AcDbCircle
 10
0.9500028
 20
0.9323662
 30
0.0
 40
0.0118425
100
AcDbArc
 50
0.0
 51
180.0
  0
LINE
  5
E26
330
1F
100
AcDbEntity
  8
Top Paste
100
AcDbLine
 10
0.9381603000000001
 20
0.9323662
 30
0.0
 11
0.9381603000000001
 21
0.8811852
 31
0.0
  0
ARC
  5
E27
330
1F
100
AcDbEntity
  8
Top Paste
100
AcDbCircle
 10
0.9500028
 20
0.8811852
 30
0.0
 40
0.0118425
100
AcDbArc
 50
180.0
 51
0.0
  0
LINE
  5
E28
330
1F
100
AcDbEntity
  8
Top Paste
100
AcDbLine
 10
0.9618453
 20
0.8811852
 30
0.0
 11
0.9618453
 21
0.9323662
 31
0.0
  0
ARC
  5
E29
330
1F
100
AcDbEntity
  8
Top Solder
100
AcDbCircle
 10
0.9500028
 20
0.9323662
 30
0.0
 40
0.0138425
100
AcDbArc
 50
0.0
 51
180.0
  0
LINE
  5
E2A
330
1F
100
AcDbEntity
  8
Top Solder
100
AcDbLine
 10
0.9361603000000001
 20
0.9323662
 30
0.0
 11
0.9361603000000001
 21
0.8811852
 31
0.0
  0
ARC
  5
E2B
330
1F
100
AcDbEntity
  8
Top Solder
100
AcDbCircle
 10
0.9500028
 20
0.8811852
 30
0.0
 40
0.0138425
100
AcDbArc
 50
180.0
 51
0.0
  0
LINE
  5
E2C
330
1F
100
AcDbEntity
  8
Top Solder
100
AcDbLine
 10
0.9638453
 20
0.8811852
 30
0.0
 11
0.9638453
 21
0.9323662
 31
0.0
  0
ARC
  5
E2D
330
1F
100
AcDbEntity
  8
Top Paste
100
AcDbCircle
 10
0.9185028
 20
0.9323662
 30
0.0
 40
0.0118425
100
AcDbArc
 50
0.0
 51
180.0
  0
LINE
  5
E2E
330
1F
100
AcDbEntity
  8
Top Paste
100
AcDbLine
 10
0.9066603
 20
0.9323662
 30
0.0
 11
0.9066603
 21
0.8811852
 31
0.0
  0
ARC
  5
E2F
330
1F
100
AcDbEntity
  8
Top Paste
100
AcDbCircle
 10
0.9185028
 20
0.8811852
 30
0.0
 40
0.0118425
100
AcDbArc
 50
180.0
 51
0.0
  0
LINE
  5
E30
330
1F
100
AcDbEntity
  8
Top Paste
100
AcDbLine
 10
0.9303452999999999
 20
0.8811852
 30
0.0
 11
0.9303452999999999
 21
0.9323662
 31
0.0
  0
ARC
  5
E31
330
1F
100
AcDbEntity
  8
Top Solder
100
AcDbCircle
 10
0.9185028
 20
0.9323662
 30
0.0
 40
0.0138425
100
AcDbArc
 50
0.0
 51
180.0
  0
LINE
  5
E32
330
1F
100
AcDbEntity
  8
Top Solder
100
AcDbLine
 10
0.9046603
 20
0.9323662
 30
0.0
 11
0.9046603
 21
0.8811852
 31
0.0
  0
ARC
  5
E33
330
1F
100
AcDbEntity
  8
Top Solder
100
AcDbCircle
 10
0.9185028
 20
0.8811852
 30
0.0
 40
0.0138425
100
AcDbArc
 50
180.0
 51
0.0
  0
LINE
  5
E34
330
1F
100
AcDbEntity
  8
Top Solder
100
AcDbLine
 10
0.9323452999999999
 20
0.8811852
 30
0.0
 11
0.9323452999999999
 21
0.9323662
 31
0.0
  0
ARC
  5
E35
330
1F
100
AcDbEntity
  8
Top Paste
100
AcDbCircle
 10
1.7374028
 20
0.4881062
 30
0.0
 40
0.0118425
100
AcDbArc
 50
0.0
 51
180.0
  0
LINE
  5
E36
330
1F
100
AcDbEntity
  8
Top Paste
100
AcDbLine
 10
1.7255603
 20
0.4881062
 30
0.0
 11
1.7255603
 21
0.4369252
 31
0.0
  0
ARC
  5
E37
330
1F
100
AcDbEntity
  8
Top Paste
100
AcDbCircle
 10
1.7374028
 20
0.4369252
 30
0.0
 40
0.0118425
100
AcDbArc
 50
180.0
 51
0.0
  0
LINE
  5
E38
330
1F
100
AcDbEntity
  8
Top Paste
100
AcDbLine
 10
1.7492453
 20
0.4369252
 30
0.0
 11
1.7492453
 21
0.4881062
 31
0.0
  0
ARC
  5
E39
330
1F
100
AcDbEntity
  8
Top Solder
100
AcDbCircle
 10
1.7374028
 20
0.4881062
 30
0.0
 40
0.0138425
100
AcDbArc
 50
0.0
 51
180.0
  0
LINE
  5
E3A
330
1F
100
AcDbEntity
  8
Top Solder
100
AcDbLine
 10
1.7235603
 20
0.4881062
 30
0.0
 11
1.7235603
 21
0.4369252
 31
0.0
  0
ARC
  5
E3B
330
1F
100
AcDbEntity
  8
Top Solder
100
AcDbCircle
 10
1.7374028
 20
0.4369252
 30
0.0
 40
0.0138425
100
AcDbArc
 50
180.0
 51
0.0
  0
LINE
  5
E3C
330
1F
100
AcDbEntity
  8
Top Solder
100
AcDbLine
 10
1.7512453
 20
0.4369252
 30
0.0
 11
1.7512453
 21
0.4881062
 31
0.0
  0
ARC
  5
E3D
330
1F
100
AcDbEntity
  8
Top Paste
100
AcDbCircle
 10
1.7059028
 20
0.4881062
 30
0.0
 40
0.0118425
100
AcDbArc
 50
0.0
 51
180.0
  0
LINE
  5
E3E
330
1F
100
AcDbEntity
  8
Top Paste
100
AcDbLine
 10
1.6940603
 20
0.4881062
 30
0.0
 11
1.6940603
 21
0.4369252
 31
0.0
  0
ARC
  5
E3F
330
1F
100
AcDbEntity
  8
Top Paste
100
AcDbCircle
 10
1.7059028
 20
0.4369252
 30
0.0
 40
0.0118425
100
AcDbArc
 50
180.0
 51
0.0
  0
LINE
  5
E40
330
1F
100
AcDbEntity
  8
Top Paste
100
AcDbLine
 10
1.7177453
 20
0.4369252
 30
0.0
 11
1.7177453
 21
0.4881062
 31
0.0
  0
ARC
  5
E41
330
1F
100
AcDbEntity
  8
Top Solder
100
AcDbCircle
 10
1.7059028
 20
0.4881062
 30
0.0
 40
0.0138425
100
AcDbArc
 50
0.0
 51
180.0
  0
LINE
  5
E42
330
1F
100
AcDbEntity
  8
Top Solder
100
AcDbLine
 10
1.6920603
 20
0.4881062
 30
0.0
 11
1.6920603
 21
0.4369252
 31
0.0
  0
ARC
  5
E43
330
1F
100
AcDbEntity
  8
Top Solder
100
AcDbCircle
 10
1.7059028
 20
0.4369252
 30
0.0
 40
0.0138425
100
AcDbArc
 50
180.0
 51
0.0
  0
LINE
  5
E44
330
1F
100
AcDbEntity
  8
Top Solder
100
AcDbLine
 10
1.7197453
 20
0.4369252
 30
0.0
 11
1.7197453
 21
0.4881062
 31
0.0
  0
ARC
  5
E45
330
1F
100
AcDbEntity
  8
Top Paste
100
AcDbCircle
 10
1.6744128
 20
0.4881062
 30
0.0
 40
0.0118425
100
AcDbArc
 50
0.0
 51
180.0
  0
LINE
  5
E46
330
1F
100
AcDbEntity
  8
Top Paste
100
AcDbLine
 10
1.6625703
 20
0.4881062
 30
0.0
 11
1.6625703
 21
0.4369252
 31
0.0
  0
ARC
  5
E47
330
1F
100
AcDbEntity
  8
Top Paste
100
AcDbCircle
 10
1.6744128
 20
0.4369252
 30
0.0
 40
0.0118425
100
AcDbArc
 50
180.0
 51
0.0
  0
LINE
  5
E48
330
1F
100
AcDbEntity
  8
Top Paste
100
AcDbLine
 10
1.6862553
 20
0.4369252
 30
0.0
 11
1.6862553
 21
0.4881062
 31
0.0
  0
ARC
  5
E49
330
1F
100
AcDbEntity
  8
Top Solder
100
AcDbCircle
 10
1.6744128
 20
0.4881062
 30
0.0
 40
0.0138425
100
AcDbArc
 50
0.0
 51
180.0
  0
LINE
  5
E4A
330
1F
100
AcDbEntity
  8
Top Solder
100
AcDbLine
 10
1.6605703
 20
0.4881062
 30
0.0
 11
1.6605703
 21
0.4369252
 31
0.0
  0
ARC
  5
E4B
330
1F
100
AcDbEntity
  8
Top Solder
100
AcDbCircle
 10
1.6744128
 20
0.4369252
 30
0.0
 40
0.0138425
100
AcDbArc
 50
180.0
 51
0.0
  0
LINE
  5
E4C
330
1F
100
AcDbEntity
  8
Top Solder
100
AcDbLine
 10
1.6882553
 20
0.4369252
 30
0.0
 11
1.6882553
 21
0.4881062
 31
0.0
  0
ARC
  5
E4D
330
1F
100
AcDbEntity
  8
Top Paste
100
AcDbCircle
 10
1.6429128
 20
0.4881062
 30
0.0
 40
0.0118425
100
AcDbArc
 50
0.0
 51
180.0
  0
LINE
  5
E4E
330
1F
100
AcDbEntity
  8
Top Paste
100
AcDbLine
 10
1.6310703
 20
0.4881062
 30
0.0
 11
1.6310703
 21
0.4369252
 31
0.0
  0
ARC
  5
E4F
330
1F
100
AcDbEntity
  8
Top Paste
100
AcDbCircle
 10
1.6429128
 20
0.4369252
 30
0.0
 40
0.0118425
100
AcDbArc
 50
180.0
 51
0.0
  0
LINE
  5
E50
330
1F
100
AcDbEntity
  8
Top Paste
100
AcDbLine
 10
1.6547553
 20
0.4369252
 30
0.0
 11
1.6547553
 21
0.4881062
 31
0.0
  0
ARC
  5
E51
330
1F
100
AcDbEntity
  8
Top Solder
100
AcDbCircle
 10
1.6429128
 20
0.4881062
 30
0.0
 40
0.0138425
100
AcDbArc
 50
0.0
 51
180.0
  0
LINE
  5
E52
330
1F
100
AcDbEntity
  8
Top Solder
100
AcDbLine
 10
1.6290703
 20
0.4881062
 30
0.0
 11
1.6290703
 21
0.4369252
 31
0.0
  0
ARC
  5
E53
330
1F
100
AcDbEntity
  8
Top Solder
100
AcDbCircle
 10
1.6429128
 20
0.4369252
 30
0.0
 40
0.0138425
100
AcDbArc
 50
180.0
 51
0.0
  0
LINE
  5
E54
330
1F
100
AcDbEntity
  8
Top Solder
100
AcDbLine
 10
1.6567553
 20
0.4369252
 30
0.0
 11
1.6567553
 21
0.4881062
 31
0.0
  0
ARC
  5
E55
330
1F
100
AcDbEntity
  8
Top Paste
100
AcDbCircle
 10
1.6114128
 20
0.4881062
 30
0.0
 40
0.0118425
100
AcDbArc
 50
0.0
 51
180.0
  0
LINE
  5
E56
330
1F
100
AcDbEntity
  8
Top Paste
100
AcDbLine
 10
1.5995703
 20
0.4881062
 30
0.0
 11
1.5995703
 21
0.4369252
 31
0.0
  0
ARC
  5
E57
330
1F
100
AcDbEntity
  8
Top Paste
100
AcDbCircle
 10
1.6114128
 20
0.4369252
 30
0.0
 40
0.0118425
100
AcDbArc
 50
180.0
 51
0.0
  0
LINE
  5
E58
330
1F
100
AcDbEntity
  8
Top Paste
100
AcDbLine
 10
1.6232553
 20
0.4369252
 30
0.0
 11
1.6232553
 21
0.4881062
 31
0.0
  0
ARC
  5
E59
330
1F
100
AcDbEntity
  8
Top Solder
100
AcDbCircle
 10
1.6114128
 20
0.4881062
 30
0.0
 40
0.0138425
100
AcDbArc
 50
0.0
 51
180.0
  0
LINE
  5
E5A
330
1F
100
AcDbEntity
  8
Top Solder
100
AcDbLine
 10
1.5975703
 20
0.4881062
 30
0.0
 11
1.5975703
 21
0.4369252
 31
0.0
  0
ARC
  5
E5B
330
1F
100
AcDbEntity
  8
Top Solder
100
AcDbCircle
 10
1.6114128
 20
0.4369252
 30
0.0
 40
0.0138425
100
AcDbArc
 50
180.0
 51
0.0
  0
LINE
  5
E5C
330
1F
100
AcDbEntity
  8
Top Solder
100
AcDbLine
 10
1.6252553
 20
0.4369252
 30
0.0
 11
1.6252553
 21
0.4881062
 31
0.0
  0
ARC
  5
E5D
330
1F
100
AcDbEntity
  8
Top Paste
100
AcDbCircle
 10
1.5799228
 20
0.4881062
 30
0.0
 40
0.0118425
100
AcDbArc
 50
0.0
 51
180.0
  0
LINE
  5
E5E
330
1F
100
AcDbEntity
  8
Top Paste
100
AcDbLine
 10
1.5680803
 20
0.4881062
 30
0.0
 11
1.5680803
 21
0.4369252
 31
0.0
  0
ARC
  5
E5F
330
1F
100
AcDbEntity
  8
Top Paste
100
AcDbCircle
 10
1.5799228
 20
0.4369252
 30
0.0
 40
0.0118425
100
AcDbArc
 50
180.0
 51
0.0
  0
LINE
  5
E60
330
1F
100
AcDbEntity
  8
Top Paste
100
AcDbLine
 10
1.5917653
 20
0.4369252
 30
0.0
 11
1.5917653
 21
0.4881062
 31
0.0
  0
ARC
  5
E61
330
1F
100
AcDbEntity
  8
Top Solder
100
AcDbCircle
 10
1.5799228
 20
0.4881062
 30
0.0
 40
0.0138425
100
AcDbArc
 50
0.0
 51
180.0
  0
LINE
  5
E62
330
1F
100
AcDbEntity
  8
Top Solder
100
AcDbLine
 10
1.5660803
 20
0.4881062
 30
0.0
 11
1.5660803
 21
0.4369252
 31
0.0
  0
ARC
  5
E63
330
1F
100
AcDbEntity
  8
Top Solder
100
AcDbCircle
 10
1.5799228
 20
0.4369252
 30
0.0
 40
0.0138425
100
AcDbArc
 50
180.0
 51
0.0
  0
LINE
  5
E64
330
1F
100
AcDbEntity
  8
Top Solder
100
AcDbLine
 10
1.5937653
 20
0.4369252
 30
0.0
 11
1.5937653
 21
0.4881062
 31
0.0
  0
ARC
  5
E65
330
1F
100
AcDbEntity
  8
Top Paste
100
AcDbCircle
 10
1.5484228
 20
0.4881062
 30
0.0
 40
0.0118425
100
AcDbArc
 50
0.0
 51
180.0
  0
LINE
  5
E66
330
1F
100
AcDbEntity
  8
Top Paste
100
AcDbLine
 10
1.5365803
 20
0.4881062
 30
0.0
 11
1.5365803
 21
0.4369252
 31
0.0
  0
ARC
  5
E67
330
1F
100
AcDbEntity
  8
Top Paste
100
AcDbCircle
 10
1.5484228
 20
0.4369252
 30
0.0
 40
0.0118425
100
AcDbArc
 50
180.0
 51
0.0
  0
LINE
  5
E68
330
1F
100
AcDbEntity
  8
Top Paste
100
AcDbLine
 10
1.5602653
 20
0.4369252
 30
0.0
 11
1.5602653
 21
0.4881062
 31
0.0
  0
ARC
  5
E69
330
1F
100
AcDbEntity
  8
Top Solder
100
AcDbCircle
 10
1.5484228
 20
0.4881062
 30
0.0
 40
0.0138425
100
AcDbArc
 50
0.0
 51
180.0
  0
LINE
  5
E6A
330
1F
100
AcDbEntity
  8
Top Solder
100
AcDbLine
 10
1.5345803
 20
0.4881062
 30
0.0
 11
1.5345803
 21
0.4369252
 31
0.0
  0
ARC
  5
E6B
330
1F
100
AcDbEntity
  8
Top Solder
100
AcDbCircle
 10
1.5484228
 20
0.4369252
 30
0.0
 40
0.0138425
100
AcDbArc
 50
180.0
 51
0.0
  0
LINE
  5
E6C
330
1F
100
AcDbEntity
  8
Top Solder
100
AcDbLine
 10
1.5622653
 20
0.4369252
 30
0.0
 11
1.5622653
 21
0.4881062
 31
0.0
  0
ARC
  5
E6D
330
1F
100
AcDbEntity
  8
Top Paste
100
AcDbCircle
 10
1.5169328
 20
0.4881062
 30
0.0
 40
0.0118425
100
AcDbArc
 50
0.0
 51
180.0
  0
LINE
  5
E6E
330
1F
100
AcDbEntity
  8
Top Paste
100
AcDbLine
 10
1.5050903
 20
0.4881062
 30
0.0
 11
1.5050903
 21
0.4369252
 31
0.0
  0
ARC
  5
E6F
330
1F
100
AcDbEntity
  8
Top Paste
100
AcDbCircle
 10
1.5169328
 20
0.4369252
 30
0.0
 40
0.0118425
100
AcDbArc
 50
180.0
 51
0.0
  0
LINE
  5
E70
330
1F
100
AcDbEntity
  8
Top Paste
100
AcDbLine
 10
1.5287753
 20
0.4369252
 30
0.0
 11
1.5287753
 21
0.4881062
 31
0.0
  0
ARC
  5
E71
330
1F
100
AcDbEntity
  8
Top Solder
100
AcDbCircle
 10
1.5169328
 20
0.4881062
 30
0.0
 40
0.0138425
100
AcDbArc
 50
0.0
 51
180.0
  0
LINE
  5
E72
330
1F
100
AcDbEntity
  8
Top Solder
100
AcDbLine
 10
1.5030903
 20
0.4881062
 30
0.0
 11
1.5030903
 21
0.4369252
 31
0.0
  0
ARC
  5
E73
330
1F
100
AcDbEntity
  8
Top Solder
100
AcDbCircle
 10
1.5169328
 20
0.4369252
 30
0.0
 40
0.0138425
100
AcDbArc
 50
180.0
 51
0.0
  0
LINE
  5
E74
330
1F
100
AcDbEntity
  8
Top Solder
100
AcDbLine
 10
1.5307753
 20
0.4369252
 30
0.0
 11
1.5307753
 21
0.4881062
 31
0.0
  0
ARC
  5
E75
330
1F
100
AcDbEntity
  8
Top Paste
100
AcDbCircle
 10
1.4854328
 20
0.4881062
 30
0.0
 40
0.0118425
100
AcDbArc
 50
0.0
 51
180.0
  0
LINE
  5
E76
330
1F
100
AcDbEntity
  8
Top Paste
100
AcDbLine
 10
1.4735903
 20
0.4881062
 30
0.0
 11
1.4735903
 21
0.4369252
 31
0.0
  0
ARC
  5
E77
330
1F
100
AcDbEntity
  8
Top Paste
100
AcDbCircle
 10
1.4854328
 20
0.4369252
 30
0.0
 40
0.0118425
100
AcDbArc
 50
180.0
 51
0.0
  0
LINE
  5
E78
330
1F
100
AcDbEntity
  8
Top Paste
100
AcDbLine
 10
1.4972753
 20
0.4369252
 30
0.0
 11
1.4972753
 21
0.4881062
 31
0.0
  0
ARC
  5
E79
330
1F
100
AcDbEntity
  8
Top Solder
100
AcDbCircle
 10
1.4854328
 20
0.4881062
 30
0.0
 40
0.0138425
100
AcDbArc
 50
0.0
 51
180.0
  0
LINE
  5
E7A
330
1F
100
AcDbEntity
  8
Top Solder
100
AcDbLine
 10
1.4715903
 20
0.4881062
 30
0.0
 11
1.4715903
 21
0.4369252
 31
0.0
  0
ARC
  5
E7B
330
1F
100
AcDbEntity
  8
Top Solder
100
AcDbCircle
 10
1.4854328
 20
0.4369252
 30
0.0
 40
0.0138425
100
AcDbArc
 50
180.0
 51
0.0
  0
LINE
  5
E7C
330
1F
100
AcDbEntity
  8
Top Solder
100
AcDbLine
 10
1.4992753
 20
0.4369252
 30
0.0
 11
1.4992753
 21
0.4881062
 31
0.0
  0
ARC
  5
E7D
330
1F
100
AcDbEntity
  8
Top Paste
100
AcDbCircle
 10
1.4539328
 20
0.4881062
 30
0.0
 40
0.0118425
100
AcDbArc
 50
0.0
 51
180.0
  0
LINE
  5
E7E
330
1F
100
AcDbEntity
  8
Top Paste
100
AcDbLine
 10
1.4420903
 20
0.4881062
 30
0.0
 11
1.4420903
 21
0.4369252
 31
0.0
  0
ARC
  5
E7F
330
1F
100
AcDbEntity
  8
Top Paste
100
AcDbCircle
 10
1.4539328
 20
0.4369252
 30
0.0
 40
0.0118425
100
AcDbArc
 50
180.0
 51
0.0
  0
LINE
  5
E80
330
1F
100
AcDbEntity
  8
Top Paste
100
AcDbLine
 10
1.4657753
 20
0.4369252
 30
0.0
 11
1.4657753
 21
0.4881062
 31
0.0
  0
ARC
  5
E81
330
1F
100
AcDbEntity
  8
Top Solder
100
AcDbCircle
 10
1.4539328
 20
0.4881062
 30
0.0
 40
0.0138425
100
AcDbArc
 50
0.0
 51
180.0
  0
LINE
  5
E82
330
1F
100
AcDbEntity
  8
Top Solder
100
AcDbLine
 10
1.4400903
 20
0.4881062
 30
0.0
 11
1.4400903
 21
0.4369252
 31
0.0
  0
ARC
  5
E83
330
1F
100
AcDbEntity
  8
Top Solder
100
AcDbCircle
 10
1.4539328
 20
0.4369252
 30
0.0
 40
0.0138425
100
AcDbArc
 50
180.0
 51
0.0
  0
LINE
  5
E84
330
1F
100
AcDbEntity
  8
Top Solder
100
AcDbLine
 10
1.4677753
 20
0.4369252
 30
0.0
 11
1.4677753
 21
0.4881062
 31
0.0
  0
ARC
  5
E85
330
1F
100
AcDbEntity
  8
Top Paste
100
AcDbCircle
 10
1.4224428
 20
0.4881062
 30
0.0
 40
0.0118425
100
AcDbArc
 50
0.0
 51
180.0
  0
LINE
  5
E86
330
1F
100
AcDbEntity
  8
Top Paste
100
AcDbLine
 10
1.4106003
 20
0.4881062
 30
0.0
 11
1.4106003
 21
0.4369252
 31
0.0
  0
ARC
  5
E87
330
1F
100
AcDbEntity
  8
Top Paste
100
AcDbCircle
 10
1.4224428
 20
0.4369252
 30
0.0
 40
0.0118425
100
AcDbArc
 50
180.0
 51
0.0
  0
LINE
  5
E88
330
1F
100
AcDbEntity
  8
Top Paste
100
AcDbLine
 10
1.4342853
 20
0.4369252
 30
0.0
 11
1.4342853
 21
0.4881062
 31
0.0
  0
ARC
  5
E89
330
1F
100
AcDbEntity
  8
Top Solder
100
AcDbCircle
 10
1.4224428
 20
0.4881062
 30
0.0
 40
0.0138425
100
AcDbArc
 50
0.0
 51
180.0
  0
LINE
  5
E8A
330
1F
100
AcDbEntity
  8
Top Solder
100
AcDbLine
 10
1.4086003
 20
0.4881062
 30
0.0
 11
1.4086003
 21
0.4369252
 31
0.0
  0
ARC
  5
E8B
330
1F
100
AcDbEntity
  8
Top Solder
100
AcDbCircle
 10
1.4224428
 20
0.4369252
 30
0.0
 40
0.0138425
100
AcDbArc
 50
180.0
 51
0.0
  0
LINE
  5
E8C
330
1F
100
AcDbEntity
  8
Top Solder
100
AcDbLine
 10
1.4362853
 20
0.4369252
 30
0.0
 11
1.4362853
 21
0.4881062
 31
0.0
  0
ARC
  5
E8D
330
1F
100
AcDbEntity
  8
Top Paste
100
AcDbCircle
 10
1.3909428
 20
0.4881062
 30
0.0
 40
0.0118425
100
AcDbArc
 50
0.0
 51
180.0
  0
LINE
  5
E8E
330
1F
100
AcDbEntity
  8
Top Paste
100
AcDbLine
 10
1.3791003
 20
0.4881062
 30
0.0
 11
1.3791003
 21
0.4369252
 31
0.0
  0
ARC
  5
E8F
330
1F
100
AcDbEntity
  8
Top Paste
100
AcDbCircle
 10
1.3909428
 20
0.4369252
 30
0.0
 40
0.0118425
100
AcDbArc
 50
180.0
 51
0.0
  0
LINE
  5
E90
330
1F
100
AcDbEntity
  8
Top Paste
100
AcDbLine
 10
1.4027853
 20
0.4369252
 30
0.0
 11
1.4027853
 21
0.4881062
 31
0.0
  0
ARC
  5
E91
330
1F
100
AcDbEntity
  8
Top Solder
100
AcDbCircle
 10
1.3909428
 20
0.4881062
 30
0.0
 40
0.0138425
100
AcDbArc
 50
0.0
 51
180.0
  0
LINE
  5
E92
330
1F
100
AcDbEntity
  8
Top Solder
100
AcDbLine
 10
1.3771003
 20
0.4881062
 30
0.0
 11
1.3771003
 21
0.4369252
 31
0.0
  0
ARC
  5
E93
330
1F
100
AcDbEntity
  8
Top Solder
100
AcDbCircle
 10
1.3909428
 20
0.4369252
 30
0.0
 40
0.0138425
100
AcDbArc
 50
180.0
 51
0.0
  0
LINE
  5
E94
330
1F
100
AcDbEntity
  8
Top Solder
100
AcDbLine
 10
1.4047853
 20
0.4369252
 30
0.0
 11
1.4047853
 21
0.4881062
 31
0.0
  0
ARC
  5
E95
330
1F
100
AcDbEntity
  8
Top Paste
100
AcDbCircle
 10
1.3594528
 20
0.4881062
 30
0.0
 40
0.0118425
100
AcDbArc
 50
0.0
 51
180.0
  0
LINE
  5
E96
330
1F
100
AcDbEntity
  8
Top Paste
100
AcDbLine
 10
1.3476103
 20
0.4881062
 30
0.0
 11
1.3476103
 21
0.4369252
 31
0.0
  0
ARC
  5
E97
330
1F
100
AcDbEntity
  8
Top Paste
100
AcDbCircle
 10
1.3594528
 20
0.4369252
 30
0.0
 40
0.0118425
100
AcDbArc
 50
180.0
 51
0.0
  0
LINE
  5
E98
330
1F
100
AcDbEntity
  8
Top Paste
100
AcDbLine
 10
1.3712953
 20
0.4369252
 30
0.0
 11
1.3712953
 21
0.4881062
 31
0.0
  0
ARC
  5
E99
330
1F
100
AcDbEntity
  8
Top Solder
100
AcDbCircle
 10
1.3594528
 20
0.4881062
 30
0.0
 40
0.0138425
100
AcDbArc
 50
0.0
 51
180.0
  0
LINE
  5
E9A
330
1F
100
AcDbEntity
  8
Top Solder
100
AcDbLine
 10
1.3456103
 20
0.4881062
 30
0.0
 11
1.3456103
 21
0.4369252
 31
0.0
  0
ARC
  5
E9B
330
1F
100
AcDbEntity
  8
Top Solder
100
AcDbCircle
 10
1.3594528
 20
0.4369252
 30
0.0
 40
0.0138425
100
AcDbArc
 50
180.0
 51
0.0
  0
LINE
  5
E9C
330
1F
100
AcDbEntity
  8
Top Solder
100
AcDbLine
 10
1.3732953
 20
0.4369252
 30
0.0
 11
1.3732953
 21
0.4881062
 31
0.0
  0
ARC
  5
E9D
330
1F
100
AcDbEntity
  8
Top Paste
100
AcDbCircle
 10
1.3279528
 20
0.4881062
 30
0.0
 40
0.0118425
100
AcDbArc
 50
0.0
 51
180.0
  0
LINE
  5
E9E
330
1F
100
AcDbEntity
  8
Top Paste
100
AcDbLine
 10
1.3161103
 20
0.4881062
 30
0.0
 11
1.3161103
 21
0.4369252
 31
0.0
  0
ARC
  5
E9F
330
1F
100
AcDbEntity
  8
Top Paste
100
AcDbCircle
 10
1.3279528
 20
0.4369252
 30
0.0
 40
0.0118425
100
AcDbArc
 50
180.0
 51
0.0
  0
LINE
  5
EA0
330
1F
100
AcDbEntity
  8
Top Paste
100
AcDbLine
 10
1.3397953
 20
0.4369252
 30
0.0
 11
1.3397953
 21
0.4881062
 31
0.0
  0
ARC
  5
EA1
330
1F
100
AcDbEntity
  8
Top Solder
100
AcDbCircle
 10
1.3279528
 20
0.4881062
 30
0.0
 40
0.0138425
100
AcDbArc
 50
0.0
 51
180.0
  0
LINE
  5
EA2
330
1F
100
AcDbEntity
  8
Top Solder
100
AcDbLine
 10
1.3141103
 20
0.4881062
 30
0.0
 11
1.3141103
 21
0.4369252
 31
0.0
  0
ARC
  5
EA3
330
1F
100
AcDbEntity
  8
Top Solder
100
AcDbCircle
 10
1.3279528
 20
0.4369252
 30
0.0
 40
0.0138425
100
AcDbArc
 50
180.0
 51
0.0
  0
LINE
  5
EA4
330
1F
100
AcDbEntity
  8
Top Solder
100
AcDbLine
 10
1.3417953
 20
0.4369252
 30
0.0
 11
1.3417953
 21
0.4881062
 31
0.0
  0
ARC
  5
EA5
330
1F
100
AcDbEntity
  8
Top Paste
100
AcDbCircle
 10
1.2964528
 20
0.4881062
 30
0.0
 40
0.0118425
100
AcDbArc
 50
0.0
 51
180.0
  0
LINE
  5
EA6
330
1F
100
AcDbEntity
  8
Top Paste
100
AcDbLine
 10
1.2846103
 20
0.4881062
 30
0.0
 11
1.2846103
 21
0.4369252
 31
0.0
  0
ARC
  5
EA7
330
1F
100
AcDbEntity
  8
Top Paste
100
AcDbCircle
 10
1.2964528
 20
0.4369252
 30
0.0
 40
0.0118425
100
AcDbArc
 50
180.0
 51
0.0
  0
LINE
  5
EA8
330
1F
100
AcDbEntity
  8
Top Paste
100
AcDbLine
 10
1.3082953
 20
0.4369252
 30
0.0
 11
1.3082953
 21
0.4881062
 31
0.0
  0
ARC
  5
EA9
330
1F
100
AcDbEntity
  8
Top Solder
100
AcDbCircle
 10
1.2964528
 20
0.4881062
 30
0.0
 40
0.0138425
100
AcDbArc
 50
0.0
 51
180.0
  0
LINE
  5
EAA
330
1F
100
AcDbEntity
  8
Top Solder
100
AcDbLine
 10
1.2826103
 20
0.4881062
 30
0.0
 11
1.2826103
 21
0.4369252
 31
0.0
  0
ARC
  5
EAB
330
1F
100
AcDbEntity
  8
Top Solder
100
AcDbCircle
 10
1.2964528
 20
0.4369252
 30
0.0
 40
0.0138425
100
AcDbArc
 50
180.0
 51
0.0
  0
LINE
  5
EAC
330
1F
100
AcDbEntity
  8
Top Solder
100
AcDbLine
 10
1.3102953
 20
0.4369252
 30
0.0
 11
1.3102953
 21
0.4881062
 31
0.0
  0
ARC
  5
EAD
330
1F
100
AcDbEntity
  8
Top Paste
100
AcDbCircle
 10
1.2649628
 20
0.4881062
 30
0.0
 40
0.0118425
100
AcDbArc
 50
0.0
 51
180.0
  0
LINE
  5
EAE
330
1F
100
AcDbEntity
  8
Top Paste
100
AcDbLine
 10
1.2531203
 20
0.4881062
 30
0.0
 11
1.2531203
 21
0.4369252
 31
0.0
  0
ARC
  5
EAF
330
1F
100
AcDbEntity
  8
Top Paste
100
AcDbCircle
 10
1.2649628
 20
0.4369252
 30
0.0
 40
0.0118425
100
AcDbArc
 50
180.0
 51
0.0
  0
LINE
  5
EB0
330
1F
100
AcDbEntity
  8
Top Paste
100
AcDbLine
 10
1.2768053
 20
0.4369252
 30
0.0
 11
1.2768053
 21
0.4881062
 31
0.0
  0
ARC
  5
EB1
330
1F
100
AcDbEntity
  8
Top Solder
100
AcDbCircle
 10
1.2649628
 20
0.4881062
 30
0.0
 40
0.0138425
100
AcDbArc
 50
0.0
 51
180.0
  0
LINE
  5
EB2
330
1F
100
AcDbEntity
  8
Top Solder
100
AcDbLine
 10
1.2511203
 20
0.4881062
 30
0.0
 11
1.2511203
 21
0.4369252
 31
0.0
  0
ARC
  5
EB3
330
1F
100
AcDbEntity
  8
Top Solder
100
AcDbCircle
 10
1.2649628
 20
0.4369252
 30
0.0
 40
0.0138425
100
AcDbArc
 50
180.0
 51
0.0
  0
LINE
  5
EB4
330
1F
100
AcDbEntity
  8
Top Solder
100
AcDbLine
 10
1.2788053
 20
0.4369252
 30
0.0
 11
1.2788053
 21
0.4881062
 31
0.0
  0
ARC
  5
EB5
330
1F
100
AcDbEntity
  8
Top Paste
100
AcDbCircle
 10
1.2334628
 20
0.4881062
 30
0.0
 40
0.0118425
100
AcDbArc
 50
0.0
 51
180.0
  0
LINE
  5
EB6
330
1F
100
AcDbEntity
  8
Top Paste
100
AcDbLine
 10
1.2216203
 20
0.4881062
 30
0.0
 11
1.2216203
 21
0.4369252
 31
0.0
  0
ARC
  5
EB7
330
1F
100
AcDbEntity
  8
Top Paste
100
AcDbCircle
 10
1.2334628
 20
0.4369252
 30
0.0
 40
0.0118425
100
AcDbArc
 50
180.0
 51
0.0
  0
LINE
  5
EB8
330
1F
100
AcDbEntity
  8
Top Paste
100
AcDbLine
 10
1.2453053
 20
0.4369252
 30
0.0
 11
1.2453053
 21
0.4881062
 31
0.0
  0
ARC
  5
EB9
330
1F
100
AcDbEntity
  8
Top Solder
100
AcDbCircle
 10
1.2334628
 20
0.4881062
 30
0.0
 40
0.0138425
100
AcDbArc
 50
0.0
 51
180.0
  0
LINE
  5
EBA
330
1F
100
AcDbEntity
  8
Top Solder
100
AcDbLine
 10
1.2196203
 20
0.4881062
 30
0.0
 11
1.2196203
 21
0.4369252
 31
0.0
  0
ARC
  5
EBB
330
1F
100
AcDbEntity
  8
Top Solder
100
AcDbCircle
 10
1.2334628
 20
0.4369252
 30
0.0
 40
0.0138425
100
AcDbArc
 50
180.0
 51
0.0
  0
LINE
  5
EBC
330
1F
100
AcDbEntity
  8
Top Solder
100
AcDbLine
 10
1.2473053
 20
0.4369252
 30
0.0
 11
1.2473053
 21
0.4881062
 31
0.0
  0
ARC
  5
EBD
330
1F
100
AcDbEntity
  8
Top Paste
100
AcDbCircle
 10
1.2019728
 20
0.4881062
 30
0.0
 40
0.0118425
100
AcDbArc
 50
0.0
 51
180.0
  0
LINE
  5
EBE
330
1F
100
AcDbEntity
  8
Top Paste
100
AcDbLine
 10
1.1901303
 20
0.4881062
 30
0.0
 11
1.1901303
 21
0.4369252
 31
0.0
  0
ARC
  5
EBF
330
1F
100
AcDbEntity
  8
Top Paste
100
AcDbCircle
 10
1.2019728
 20
0.4369252
 30
0.0
 40
0.0118425
100
AcDbArc
 50
180.0
 51
0.0
  0
LINE
  5
EC0
330
1F
100
AcDbEntity
  8
Top Paste
100
AcDbLine
 10
1.2138153
 20
0.4369252
 30
0.0
 11
1.2138153
 21
0.4881062
 31
0.0
  0
ARC
  5
EC1
330
1F
100
AcDbEntity
  8
Top Solder
100
AcDbCircle
 10
1.2019728
 20
0.4881062
 30
0.0
 40
0.0138425
100
AcDbArc
 50
0.0
 51
180.0
  0
LINE
  5
EC2
330
1F
100
AcDbEntity
  8
Top Solder
100
AcDbLine
 10
1.1881303
 20
0.4881062
 30
0.0
 11
1.1881303
 21
0.4369252
 31
0.0
  0
ARC
  5
EC3
330
1F
100
AcDbEntity
  8
Top Solder
100
AcDbCircle
 10
1.2019728
 20
0.4369252
 30
0.0
 40
0.0138425
100
AcDbArc
 50
180.0
 51
0.0
  0
LINE
  5
EC4
330
1F
100
AcDbEntity
  8
Top Solder
100
AcDbLine
 10
1.2158153
 20
0.4369252
 30
0.0
 11
1.2158153
 21
0.4881062
 31
0.0
  0
ARC
  5
EC5
330
1F
100
AcDbEntity
  8
Top Paste
100
AcDbCircle
 10
1.1704728
 20
0.4881062
 30
0.0
 40
0.0118425
100
AcDbArc
 50
0.0
 51
180.0
  0
LINE
  5
EC6
330
1F
100
AcDbEntity
  8
Top Paste
100
AcDbLine
 10
1.1586303
 20
0.4881062
 30
0.0
 11
1.1586303
 21
0.4369252
 31
0.0
  0
ARC
  5
EC7
330
1F
100
AcDbEntity
  8
Top Paste
100
AcDbCircle
 10
1.1704728
 20
0.4369252
 30
0.0
 40
0.0118425
100
AcDbArc
 50
180.0
 51
0.0
  0
LINE
  5
EC8
330
1F
100
AcDbEntity
  8
Top Paste
100
AcDbLine
 10
1.1823153
 20
0.4369252
 30
0.0
 11
1.1823153
 21
0.4881062
 31
0.0
  0
ARC
  5
EC9
330
1F
100
AcDbEntity
  8
Top Solder
100
AcDbCircle
 10
1.1704728
 20
0.4881062
 30
0.0
 40
0.0138425
100
AcDbArc
 50
0.0
 51
180.0
  0
LINE
  5
ECA
330
1F
100
AcDbEntity
  8
Top Solder
100
AcDbLine
 10
1.1566303
 20
0.4881062
 30
0.0
 11
1.1566303
 21
0.4369252
 31
0.0
  0
ARC
  5
ECB
330
1F
100
AcDbEntity
  8
Top Solder
100
AcDbCircle
 10
1.1704728
 20
0.4369252
 30
0.0
 40
0.0138425
100
AcDbArc
 50
180.0
 51
0.0
  0
LINE
  5
ECC
330
1F
100
AcDbEntity
  8
Top Solder
100
AcDbLine
 10
1.1843153
 20
0.4369252
 30
0.0
 11
1.1843153
 21
0.4881062
 31
0.0
  0
ARC
  5
ECD
330
1F
100
AcDbEntity
  8
Top Paste
100
AcDbCircle
 10
1.1389728
 20
0.4881062
 30
0.0
 40
0.0118425
100
AcDbArc
 50
0.0
 51
180.0
  0
LINE
  5
ECE
330
1F
100
AcDbEntity
  8
Top Paste
100
AcDbLine
 10
1.1271303
 20
0.4881062
 30
0.0
 11
1.1271303
 21
0.4369252
 31
0.0
  0
ARC
  5
ECF
330
1F
100
AcDbEntity
  8
Top Paste
100
AcDbCircle
 10
1.1389728
 20
0.4369252
 30
0.0
 40
0.0118425
100
AcDbArc
 50
180.0
 51
0.0
  0
LINE
  5
ED0
330
1F
100
AcDbEntity
  8
Top Paste
100
AcDbLine
 10
1.1508153
 20
0.4369252
 30
0.0
 11
1.1508153
 21
0.4881062
 31
0.0
  0
ARC
  5
ED1
330
1F
100
AcDbEntity
  8
Top Solder
100
AcDbCircle
 10
1.1389728
 20
0.4881062
 30
0.0
 40
0.0138425
100
AcDbArc
 50
0.0
 51
180.0
  0
LINE
  5
ED2
330
1F
100
AcDbEntity
  8
Top Solder
100
AcDbLine
 10
1.1251303
 20
0.4881062
 30
0.0
 11
1.1251303
 21
0.4369252
 31
0.0
  0
ARC
  5
ED3
330
1F
100
AcDbEntity
  8
Top Solder
100
AcDbCircle
 10
1.1389728
 20
0.4369252
 30
0.0
 40
0.0138425
100
AcDbArc
 50
180.0
 51
0.0
  0
LINE
  5
ED4
330
1F
100
AcDbEntity
  8
Top Solder
100
AcDbLine
 10
1.1528153
 20
0.4369252
 30
0.0
 11
1.1528153
 21
0.4881062
 31
0.0
  0
ARC
  5
ED5
330
1F
100
AcDbEntity
  8
Top Paste
100
AcDbCircle
 10
1.1074828
 20
0.4881062
 30
0.0
 40
0.0118425
100
AcDbArc
 50
0.0
 51
180.0
  0
LINE
  5
ED6
330
1F
100
AcDbEntity
  8
Top Paste
100
AcDbLine
 10
1.0956403
 20
0.4881062
 30
0.0
 11
1.0956403
 21
0.4369252
 31
0.0
  0
ARC
  5
ED7
330
1F
100
AcDbEntity
  8
Top Paste
100
AcDbCircle
 10
1.1074828
 20
0.4369252
 30
0.0
 40
0.0118425
100
AcDbArc
 50
180.0
 51
0.0
  0
LINE
  5
ED8
330
1F
100
AcDbEntity
  8
Top Paste
100
AcDbLine
 10
1.1193253
 20
0.4369252
 30
0.0
 11
1.1193253
 21
0.4881062
 31
0.0
  0
ARC
  5
ED9
330
1F
100
AcDbEntity
  8
Top Solder
100
AcDbCircle
 10
1.1074828
 20
0.4881062
 30
0.0
 40
0.0138425
100
AcDbArc
 50
0.0
 51
180.0
  0
LINE
  5
EDA
330
1F
100
AcDbEntity
  8
Top Solder
100
AcDbLine
 10
1.0936403
 20
0.4881062
 30
0.0
 11
1.0936403
 21
0.4369252
 31
0.0
  0
ARC
  5
EDB
330
1F
100
AcDbEntity
  8
Top Solder
100
AcDbCircle
 10
1.1074828
 20
0.4369252
 30
0.0
 40
0.0138425
100
AcDbArc
 50
180.0
 51
0.0
  0
LINE
  5
EDC
330
1F
100
AcDbEntity
  8
Top Solder
100
AcDbLine
 10
1.1213253
 20
0.4369252
 30
0.0
 11
1.1213253
 21
0.4881062
 31
0.0
  0
ARC
  5
EDD
330
1F
100
AcDbEntity
  8
Top Paste
100
AcDbCircle
 10
1.0759828
 20
0.4881062
 30
0.0
 40
0.0118425
100
AcDbArc
 50
0.0
 51
180.0
  0
LINE
  5
EDE
330
1F
100
AcDbEntity
  8
Top Paste
100
AcDbLine
 10
1.0641403
 20
0.4881062
 30
0.0
 11
1.0641403
 21
0.4369252
 31
0.0
  0
ARC
  5
EDF
330
1F
100
AcDbEntity
  8
Top Paste
100
AcDbCircle
 10
1.0759828
 20
0.4369252
 30
0.0
 40
0.0118425
100
AcDbArc
 50
180.0
 51
0.0
  0
LINE
  5
EE0
330
1F
100
AcDbEntity
  8
Top Paste
100
AcDbLine
 10
1.0878253
 20
0.4369252
 30
0.0
 11
1.0878253
 21
0.4881062
 31
0.0
  0
ARC
  5
EE1
330
1F
100
AcDbEntity
  8
Top Solder
100
AcDbCircle
 10
1.0759828
 20
0.4881062
 30
0.0
 40
0.0138425
100
AcDbArc
 50
0.0
 51
180.0
  0
LINE
  5
EE2
330
1F
100
AcDbEntity
  8
Top Solder
100
AcDbLine
 10
1.0621403
 20
0.4881062
 30
0.0
 11
1.0621403
 21
0.4369252
 31
0.0
  0
ARC
  5
EE3
330
1F
100
AcDbEntity
  8
Top Solder
100
AcDbCircle
 10
1.0759828
 20
0.4369252
 30
0.0
 40
0.0138425
100
AcDbArc
 50
180.0
 51
0.0
  0
LINE
  5
EE4
330
1F
100
AcDbEntity
  8
Top Solder
100
AcDbLine
 10
1.0898253
 20
0.4369252
 30
0.0
 11
1.0898253
 21
0.4881062
 31
0.0
  0
ARC
  5
EE5
330
1F
100
AcDbEntity
  8
Top Paste
100
AcDbCircle
 10
1.0444828
 20
0.4881062
 30
0.0
 40
0.0118425
100
AcDbArc
 50
0.0
 51
180.0
  0
LINE
  5
EE6
330
1F
100
AcDbEntity
  8
Top Paste
100
AcDbLine
 10
1.0326403
 20
0.4881062
 30
0.0
 11
1.0326403
 21
0.4369252
 31
0.0
  0
ARC
  5
EE7
330
1F
100
AcDbEntity
  8
Top Paste
100
AcDbCircle
 10
1.0444828
 20
0.4369252
 30
0.0
 40
0.0118425
100
AcDbArc
 50
180.0
 51
0.0
  0
LINE
  5
EE8
330
1F
100
AcDbEntity
  8
Top Paste
100
AcDbLine
 10
1.0563253
 20
0.4369252
 30
0.0
 11
1.0563253
 21
0.4881062
 31
0.0
  0
ARC
  5
EE9
330
1F
100
AcDbEntity
  8
Top Solder
100
AcDbCircle
 10
1.0444828
 20
0.4881062
 30
0.0
 40
0.0138425
100
AcDbArc
 50
0.0
 51
180.0
  0
LINE
  5
EEA
330
1F
100
AcDbEntity
  8
Top Solder
100
AcDbLine
 10
1.0306403
 20
0.4881062
 30
0.0
 11
1.0306403
 21
0.4369252
 31
0.0
  0
ARC
  5
EEB
330
1F
100
AcDbEntity
  8
Top Solder
100
AcDbCircle
 10
1.0444828
 20
0.4369252
 30
0.0
 40
0.0138425
100
AcDbArc
 50
180.0
 51
0.0
  0
LINE
  5
EEC
330
1F
100
AcDbEntity
  8
Top Solder
100
AcDbLine
 10
1.0583253
 20
0.4369252
 30
0.0
 11
1.0583253
 21
0.4881062
 31
0.0
  0
ARC
  5
EED
330
1F
100
AcDbEntity
  8
Top Paste
100
AcDbCircle
 10
1.0129928
 20
0.4881062
 30
0.0
 40
0.0118425
100
AcDbArc
 50
0.0
 51
180.0
  0
LINE
  5
EEE
330
1F
100
AcDbEntity
  8
Top Paste
100
AcDbLine
 10
1.0011503
 20
0.4881062
 30
0.0
 11
1.0011503
 21
0.4369252
 31
0.0
  0
ARC
  5
EEF
330
1F
100
AcDbEntity
  8
Top Paste
100
AcDbCircle
 10
1.0129928
 20
0.4369252
 30
0.0
 40
0.0118425
100
AcDbArc
 50
180.0
 51
0.0
  0
LINE
  5
EF0
330
1F
100
AcDbEntity
  8
Top Paste
100
AcDbLine
 10
1.0248353
 20
0.4369252
 30
0.0
 11
1.0248353
 21
0.4881062
 31
0.0
  0
ARC
  5
EF1
330
1F
100
AcDbEntity
  8
Top Solder
100
AcDbCircle
 10
1.0129928
 20
0.4881062
 30
0.0
 40
0.0138425
100
AcDbArc
 50
0.0
 51
180.0
  0
LINE
  5
EF2
330
1F
100
AcDbEntity
  8
Top Solder
100
AcDbLine
 10
0.9991502999999999
 20
0.4881062
 30
0.0
 11
0.9991502999999999
 21
0.4369252
 31
0.0
  0
ARC
  5
EF3
330
1F
100
AcDbEntity
  8
Top Solder
100
AcDbCircle
 10
1.0129928
 20
0.4369252
 30
0.0
 40
0.0138425
100
AcDbArc
 50
180.0
 51
0.0
  0
LINE
  5
EF4
330
1F
100
AcDbEntity
  8
Top Solder
100
AcDbLine
 10
1.0268353
 20
0.4369252
 30
0.0
 11
1.0268353
 21
0.4881062
 31
0.0
  0
ARC
  5
EF5
330
1F
100
AcDbEntity
  8
Top Paste
100
AcDbCircle
 10
0.9814928
 20
0.4881062
 30
0.0
 40
0.0118425
100
AcDbArc
 50
0.0
 51
180.0
  0
LINE
  5
EF6
330
1F
100
AcDbEntity
  8
Top Paste
100
AcDbLine
 10
0.9696503000000001
 20
0.4881062
 30
0.0
 11
0.9696503000000001
 21
0.4369252
 31
0.0
  0
ARC
  5
EF7
330
1F
100
AcDbEntity
  8
Top Paste
100
AcDbCircle
 10
0.9814928
 20
0.4369252
 30
0.0
 40
0.0118425
100
AcDbArc
 50
180.0
 51
0.0
  0
LINE
  5
EF8
330
1F
100
AcDbEntity
  8
Top Paste
100
AcDbLine
 10
0.9933353
 20
0.4369252
 30
0.0
 11
0.9933353
 21
0.4881062
 31
0.0
  0
ARC
  5
EF9
330
1F
100
AcDbEntity
  8
Top Solder
100
AcDbCircle
 10
0.9814928
 20
0.4881062
 30
0.0
 40
0.0138425
100
AcDbArc
 50
0.0
 51
180.0
  0
LINE
  5
EFA
330
1F
100
AcDbEntity
  8
Top Solder
100
AcDbLine
 10
0.9676503000000001
 20
0.4881062
 30
0.0
 11
0.9676503000000001
 21
0.4369252
 31
0.0
  0
ARC
  5
EFB
330
1F
100
AcDbEntity
  8
Top Solder
100
AcDbCircle
 10
0.9814928
 20
0.4369252
 30
0.0
 40
0.0138425
100
AcDbArc
 50
180.0
 51
0.0
  0
LINE
  5
EFC
330
1F
100
AcDbEntity
  8
Top Solder
100
AcDbLine
 10
0.9953353
 20
0.4369252
 30
0.0
 11
0.9953353
 21
0.4881062
 31
0.0
  0
ARC
  5
EFD
330
1F
100
AcDbEntity
  8
Top Paste
100
AcDbCircle
 10
0.9500028
 20
0.4881062
 30
0.0
 40
0.0118425
100
AcDbArc
 50
0.0
 51
180.0
  0
LINE
  5
EFE
330
1F
100
AcDbEntity
  8
Top Paste
100
AcDbLine
 10
0.9381603000000001
 20
0.4881062
 30
0.0
 11
0.9381603000000001
 21
0.4369252
 31
0.0
  0
ARC
  5
EFF
330
1F
100
AcDbEntity
  8
Top Paste
100
AcDbCircle
 10
0.9500028
 20
0.4369252
 30
0.0
 40
0.0118425
100
AcDbArc
 50
180.0
 51
0.0
  0
LINE
  5
F00
330
1F
100
AcDbEntity
  8
Top Paste
100
AcDbLine
 10
0.9618453
 20
0.4369252
 30
0.0
 11
0.9618453
 21
0.4881062
 31
0.0
  0
ARC
  5
F01
330
1F
100
AcDbEntity
  8
Top Solder
100
AcDbCircle
 10
0.9500028
 20
0.4881062
 30
0.0
 40
0.0138425
100
AcDbArc
 50
0.0
 51
180.0
  0
LINE
  5
F02
330
1F
100
AcDbEntity
  8
Top Solder
100
AcDbLine
 10
0.9361603000000001
 20
0.4881062
 30
0.0
 11
0.9361603000000001
 21
0.4369252
 31
0.0
  0
ARC
  5
F03
330
1F
100
AcDbEntity
  8
Top Solder
100
AcDbCircle
 10
0.9500028
 20
0.4369252
 30
0.0
 40
0.0138425
100
AcDbArc
 50
180.0
 51
0.0
  0
LINE
  5
F04
330
1F
100
AcDbEntity
  8
Top Solder
100
AcDbLine
 10
0.9638453
 20
0.4369252
 30
0.0
 11
0.9638453
 21
0.4881062
 31
0.0
  0
ARC
  5
F05
330
1F
100
AcDbEntity
  8
Top Paste
100
AcDbCircle
 10
0.9185028
 20
0.4881062
 30
0.0
 40
0.0118425
100
AcDbArc
 50
0.0
 51
180.0
  0
LINE
  5
F06
330
1F
100
AcDbEntity
  8
Top Paste
100
AcDbLine
 10
0.9066603
 20
0.4881062
 30
0.0
 11
0.9066603
 21
0.4369252
 31
0.0
  0
ARC
  5
F07
330
1F
100
AcDbEntity
  8
Top Paste
100
AcDbCircle
 10
0.9185028
 20
0.4369252
 30
0.0
 40
0.0118425
100
AcDbArc
 50
180.0
 51
0.0
  0
LINE
  5
F08
330
1F
100
AcDbEntity
  8
Top Paste
100
AcDbLine
 10
0.9303452999999999
 20
0.4369252
 30
0.0
 11
0.9303452999999999
 21
0.4881062
 31
0.0
  0
ARC
  5
F09
330
1F
100
AcDbEntity
  8
Top Solder
100
AcDbCircle
 10
0.9185028
 20
0.4881062
 30
0.0
 40
0.0138425
100
AcDbArc
 50
0.0
 51
180.0
  0
LINE
  5
F0A
330
1F
100
AcDbEntity
  8
Top Solder
100
AcDbLine
 10
0.9046603
 20
0.4881062
 30
0.0
 11
0.9046603
 21
0.4369252
 31
0.0
  0
ARC
  5
F0B
330
1F
100
AcDbEntity
  8
Top Solder
100
AcDbCircle
 10
0.9185028
 20
0.4369252
 30
0.0
 40
0.0138425
100
AcDbArc
 50
180.0
 51
0.0
  0
LINE
  5
F0C
330
1F
100
AcDbEntity
  8
Top Solder
100
AcDbLine
 10
0.9323452999999999
 20
0.4369252
 30
0.0
 11
0.9323452999999999
 21
0.4881062
 31
0.0
  0
LINE
  5
F0D
330
1F
100
AcDbEntity
  8
Top Overlay
100
AcDbLine
 10
2.385433
 20
0.3133859
 30
0.0
 11
2.385827
 21
0.4763779
 31
0.0
  0
LINE
  5
F0E
330
1F
100
AcDbEntity
  8
Top Overlay
100
AcDbLine
 10
2.174803
 20
0.3133859
 30
0.0
 11
2.385433
 21
0.3133859
 31
0.0
  0
LINE
  5
F0F
330
1F
100
AcDbEntity
  8
Top Overlay
100
AcDbLine
 10
2.174803
 20
0.3133859
 30
0.0
 11
2.174803
 21
0.4763779
 31
0.0
  0
LINE
  5
F10
330
1F
100
AcDbEntity
  8
Top Overlay
100
AcDbLine
 10
2.174803
 20
0.4763779
 30
0.0
 11
2.385827
 21
0.4763779
 31
0.0
  0
LINE
  5
F11
330
1F
100
AcDbEntity
  8
Top Paste
100
AcDbLine
 10
2.1525
 20
0.3848424
 30
0.0
 11
2.1525
 21
0.3549214
 31
0.0
  0
LINE
  5
F12
330
1F
100
AcDbEntity
  8
Top Paste
100
AcDbLine
 10
2.1525
 20
0.3549214
 30
0.0
 11
2.10813
 21
0.3549214
 31
0.0
  0
LINE
  5
F13
330
1F
100
AcDbEntity
  8
Top Paste
100
AcDbLine
 10
2.10813
 20
0.3549214
 30
0.0
 11
2.10813
 21
0.3848424
 31
0.0
  0
LINE
  5
F14
330
1F
100
AcDbEntity
  8
Top Paste
100
AcDbLine
 10
2.10813
 20
0.3848424
 30
0.0
 11
2.1525
 21
0.3848424
 31
0.0
  0
LINE
  5
F15
330
1F
100
AcDbEntity
  8
Top Solder
100
AcDbLine
 10
2.1544685
 20
0.3868109
 30
0.0
 11
2.1544685
 21
0.3529529
 31
0.0
  0
LINE
  5
F16
330
1F
100
AcDbEntity
  8
Top Solder
100
AcDbLine
 10
2.1544685
 20
0.3529529
 30
0.0
 11
2.1061615
 21
0.3529529
 31
0.0
  0
LINE
  5
F17
330
1F
100
AcDbEntity
  8
Top Solder
100
AcDbLine
 10
2.1061615
 20
0.3529529
 30
0.0
 11
2.1061615
 21
0.3868109
 31
0.0
  0
LINE
  5
F18
330
1F
100
AcDbEntity
  8
Top Solder
100
AcDbLine
 10
2.1061615
 20
0.3868109
 30
0.0
 11
2.1544685
 21
0.3868109
 31
0.0
  0
LINE
  5
F19
330
1F
100
AcDbEntity
  8
Top Paste
100
AcDbLine
 10
2.1525
 20
0.4348424
 30
0.0
 11
2.1525
 21
0.4049214
 31
0.0
  0
LINE
  5
F1A
330
1F
100
AcDbEntity
  8
Top Paste
100
AcDbLine
 10
2.1525
 20
0.4049214
 30
0.0
 11
2.10813
 21
0.4049214
 31
0.0
  0
LINE
  5
F1B
330
1F
100
AcDbEntity
  8
Top Paste
100
AcDbLine
 10
2.10813
 20
0.4049214
 30
0.0
 11
2.10813
 21
0.4348424
 31
0.0
  0
LINE
  5
F1C
330
1F
100
AcDbEntity
  8
Top Paste
100
AcDbLine
 10
2.10813
 20
0.4348424
 30
0.0
 11
2.1525
 21
0.4348424
 31
0.0
  0
LINE
  5
F1D
330
1F
100
AcDbEntity
  8
Top Solder
100
AcDbLine
 10
2.1544685
 20
0.4368109
 30
0.0
 11
2.1544685
 21
0.4029529
 31
0.0
  0
LINE
  5
F1E
330
1F
100
AcDbEntity
  8
Top Solder
100
AcDbLine
 10
2.1544685
 20
0.4029529
 30
0.0
 11
2.1061615
 21
0.4029529
 31
0.0
  0
LINE
  5
F1F
330
1F
100
AcDbEntity
  8
Top Solder
100
AcDbLine
 10
2.1061615
 20
0.4029529
 30
0.0
 11
2.1061615
 21
0.4368109
 31
0.0
  0
LINE
  5
F20
330
1F
100
AcDbEntity
  8
Top Solder
100
AcDbLine
 10
2.1061615
 20
0.4368109
 30
0.0
 11
2.1544685
 21
0.4368109
 31
0.0
  0
LINE
  5
F21
330
1F
100
AcDbEntity
  8
Top Paste
100
AcDbLine
 10
2.4525
 20
0.4348424
 30
0.0
 11
2.4525
 21
0.4049214
 31
0.0
  0
LINE
  5
F22
330
1F
100
AcDbEntity
  8
Top Paste
100
AcDbLine
 10
2.4525
 20
0.4049214
 30
0.0
 11
2.40813
 21
0.4049214
 31
0.0
  0
LINE
  5
F23
330
1F
100
AcDbEntity
  8
Top Paste
100
AcDbLine
 10
2.40813
 20
0.4049214
 30
0.0
 11
2.40813
 21
0.4348424
 31
0.0
  0
LINE
  5
F24
330
1F
100
AcDbEntity
  8
Top Paste
100
AcDbLine
 10
2.40813
 20
0.4348424
 30
0.0
 11
2.4525
 21
0.4348424
 31
0.0
  0
LINE
  5
F25
330
1F
100
AcDbEntity
  8
Top Solder
100
AcDbLine
 10
2.4544685
 20
0.4368109
 30
0.0
 11
2.4544685
 21
0.4029529
 31
0.0
  0
LINE
  5
F26
330
1F
100
AcDbEntity
  8
Top Solder
100
AcDbLine
 10
2.4544685
 20
0.4029529
 30
0.0
 11
2.4061615
 21
0.4029529
 31
0.0
  0
LINE
  5
F27
330
1F
100
AcDbEntity
  8
Top Solder
100
AcDbLine
 10
2.4061615
 20
0.4029529
 30
0.0
 11
2.4061615
 21
0.4368109
 31
0.0
  0
LINE
  5
F28
330
1F
100
AcDbEntity
  8
Top Solder
100
AcDbLine
 10
2.4061615
 20
0.4368109
 30
0.0
 11
2.4544685
 21
0.4368109
 31
0.0
  0
LINE
  5
F29
330
1F
100
AcDbEntity
  8
Top Paste
100
AcDbLine
 10
2.4525
 20
0.3848424
 30
0.0
 11
2.4525
 21
0.3549214
 31
0.0
  0
LINE
  5
F2A
330
1F
100
AcDbEntity
  8
Top Paste
100
AcDbLine
 10
2.4525
 20
0.3549214
 30
0.0
 11
2.40813
 21
0.3549214
 31
0.0
  0
LINE
  5
F2B
330
1F
100
AcDbEntity
  8
Top Paste
100
AcDbLine
 10
2.40813
 20
0.3549214
 30
0.0
 11
2.40813
 21
0.3848424
 31
0.0
  0
LINE
  5
F2C
330
1F
100
AcDbEntity
  8
Top Paste
100
AcDbLine
 10
2.40813
 20
0.3848424
 30
0.0
 11
2.4525
 21
0.3848424
 31
0.0
  0
LINE
  5
F2D
330
1F
100
AcDbEntity
  8
Top Solder
100
AcDbLine
 10
2.4544685
 20
0.3868109
 30
0.0
 11
2.4544685
 21
0.3529529
 31
0.0
  0
LINE
  5
F2E
330
1F
100
AcDbEntity
  8
Top Solder
100
AcDbLine
 10
2.4544685
 20
0.3529529
 30
0.0
 11
2.4061615
 21
0.3529529
 31
0.0
  0
LINE
  5
F2F
330
1F
100
AcDbEntity
  8
Top Solder
100
AcDbLine
 10
2.4061615
 20
0.3529529
 30
0.0
 11
2.4061615
 21
0.3868109
 31
0.0
  0
LINE
  5
F30
330
1F
100
AcDbEntity
  8
Top Solder
100
AcDbLine
 10
2.4061615
 20
0.3868109
 30
0.0
 11
2.4544685
 21
0.3868109
 31
0.0
  0
TEXT
  5
F31
330
1F
100
AcDbEntity
  8
Top Overlay
100
AcDbText
 10
2.3310181
 20
0.4449551
 30
0.0
 40
0.0590551
  1
ON
 50
270.0
  7
Arial_Bold
100
AcDbText
  0
TEXT
  5
F32
330
1F
100
AcDbEntity
  8
Top Overlay
100
AcDbText
 10
2.192898
 20
0.3875957
 30
0.0
 40
0.0590551
  1
2
 50
270.0
  7
Arial_Bold
100
AcDbText
  0
TEXT
  5
F33
330
1F
100
AcDbEntity
  8
Top Overlay
100
AcDbText
 10
2.1928984
 20
0.4375955
 30
0.0
 40
0.0590551
  1
1
 50
270.0
  7
Arial_Bold
100
AcDbText
  0
LINE
  5
F34
330
1F
100
AcDbEntity
  8
Top Overlay
100
AcDbLine
 10
1.6001495
 20
1.1644174
 30
0.0
 11
1.6001495
 21
1.5582678
 31
0.0
  0
LINE
  5
F35
330
1F
100
AcDbEntity
  8
Top Overlay
100
AcDbLine
 10
1.2041495
 20
1.1644174
 30
0.0
 11
1.6001495
 21
1.1644174
 31
0.0
  0
LINE
  5
F36
330
1F
100
AcDbEntity
  8
Top Overlay
100
AcDbLine
 10
1.2041495
 20
1.1644174
 30
0.0
 11
1.2041495
 21
1.5444174
 31
0.0
  0
LINE
  5
F37
330
1F
100
AcDbEntity
  8
Top Overlay
100
AcDbLine
 10
1.2041495
 20
1.5444174
 30
0.0
 11
1.2179999
 21
1.5582678
 31
0.0
  0
LINE
  5
F38
330
1F
100
AcDbEntity
  8
Top Overlay
100
AcDbLine
 10
1.2179999
 20
1.5582678
 30
0.0
 11
1.6001495
 21
1.5582678
 31
0.0
  0
CIRCLE
  5
F39
330
1F
100
AcDbEntity
  8
Top Paste
100
AcDbCircle
 10
1.2240157
 20
1.5405516
 30
0.0
 40
0.0059055
  0
CIRCLE
  5
F3A
330
1F
100
AcDbEntity
  8
Top Solder
100
AcDbCircle
 10
1.2240157
 20
1.5405516
 30
0.0
 40
0.007874
  0
CIRCLE
  5
F3B
330
1F
100
AcDbEntity
  8
Top Paste
100
AcDbCircle
 10
1.2496063
 20
1.5405516
 30
0.0
 40
0.0059055
  0
CIRCLE
  5
F3C
330
1F
100
AcDbEntity
  8
Top Solder
100
AcDbCircle
 10
1.2496063
 20
1.5405516
 30
0.0
 40
0.007874
  0
CIRCLE
  5
F3D
330
1F
100
AcDbEntity
  8
Top Paste
100
AcDbCircle
 10
1.2751968
 20
1.5405516
 30
0.0
 40
0.0059055
  0
CIRCLE
  5
F3E
330
1F
100
AcDbEntity
  8
Top Solder
100
AcDbCircle
 10
1.2751968
 20
1.5405516
 30
0.0
 40
0.007874
  0
CIRCLE
  5
F3F
330
1F
100
AcDbEntity
  8
Top Paste
100
AcDbCircle
 10
1.3007874
 20
1.5405516
 30
0.0
 40
0.0059055
  0
CIRCLE
  5
F40
330
1F
100
AcDbEntity
  8
Top Solder
100
AcDbCircle
 10
1.3007874
 20
1.5405516
 30
0.0
 40
0.007874
  0
CIRCLE
  5
F41
330
1F
100
AcDbEntity
  8
Top Paste
100
AcDbCircle
 10
1.3263779
 20
1.5405516
 30
0.0
 40
0.0059055
  0
CIRCLE
  5
F42
330
1F
100
AcDbEntity
  8
Top Solder
100
AcDbCircle
 10
1.3263779
 20
1.5405516
 30
0.0
 40
0.007874
  0
CIRCLE
  5
F43
330
1F
100
AcDbEntity
  8
Top Paste
100
AcDbCircle
 10
1.3519685
 20
1.5405516
 30
0.0
 40
0.0059055
  0
CIRCLE
  5
F44
330
1F
100
AcDbEntity
  8
Top Solder
100
AcDbCircle
 10
1.3519685
 20
1.5405516
 30
0.0
 40
0.007874
  0
CIRCLE
  5
F45
330
1F
100
AcDbEntity
  8
Top Paste
100
AcDbCircle
 10
1.377559
 20
1.5405516
 30
0.0
 40
0.0059055
  0
CIRCLE
  5
F46
330
1F
100
AcDbEntity
  8
Top Solder
100
AcDbCircle
 10
1.377559
 20
1.5405516
 30
0.0
 40
0.007874
  0
CIRCLE
  5
F47
330
1F
100
AcDbEntity
  8
Top Paste
100
AcDbCircle
 10
1.4031496
 20
1.5405516
 30
0.0
 40
0.0059055
  0
CIRCLE
  5
F48
330
1F
100
AcDbEntity
  8
Top Solder
100
AcDbCircle
 10
1.4031496
 20
1.5405516
 30
0.0
 40
0.007874
  0
CIRCLE
  5
F49
330
1F
100
AcDbEntity
  8
Top Paste
100
AcDbCircle
 10
1.4287401
 20
1.5405516
 30
0.0
 40
0.0059055
  0
CIRCLE
  5
F4A
330
1F
100
AcDbEntity
  8
Top Solder
100
AcDbCircle
 10
1.4287401
 20
1.5405516
 30
0.0
 40
0.007874
  0
CIRCLE
  5
F4B
330
1F
100
AcDbEntity
  8
Top Paste
100
AcDbCircle
 10
1.4543307
 20
1.5405516
 30
0.0
 40
0.0059055
  0
CIRCLE
  5
F4C
330
1F
100
AcDbEntity
  8
Top Solder
100
AcDbCircle
 10
1.4543307
 20
1.5405516
 30
0.0
 40
0.007874
  0
CIRCLE
  5
F4D
330
1F
100
AcDbEntity
  8
Top Paste
100
AcDbCircle
 10
1.4799212
 20
1.5405516
 30
0.0
 40
0.0059055
  0
CIRCLE
  5
F4E
330
1F
100
AcDbEntity
  8
Top Solder
100
AcDbCircle
 10
1.4799212
 20
1.5405516
 30
0.0
 40
0.007874
  0
CIRCLE
  5
F4F
330
1F
100
AcDbEntity
  8
Top Paste
100
AcDbCircle
 10
1.5055118
 20
1.5405516
 30
0.0
 40
0.0059055
  0
CIRCLE
  5
F50
330
1F
100
AcDbEntity
  8
Top Solder
100
AcDbCircle
 10
1.5055118
 20
1.5405516
 30
0.0
 40
0.007874
  0
CIRCLE
  5
F51
330
1F
100
AcDbEntity
  8
Top Paste
100
AcDbCircle
 10
1.5311023
 20
1.5405516
 30
0.0
 40
0.0059055
  0
CIRCLE
  5
F52
330
1F
100
AcDbEntity
  8
Top Solder
100
AcDbCircle
 10
1.5311023
 20
1.5405516
 30
0.0
 40
0.007874
  0
CIRCLE
  5
F53
330
1F
100
AcDbEntity
  8
Top Paste
100
AcDbCircle
 10
1.5566929
 20
1.5405516
 30
0.0
 40
0.0059055
  0
CIRCLE
  5
F54
330
1F
100
AcDbEntity
  8
Top Solder
100
AcDbCircle
 10
1.5566929
 20
1.5405516
 30
0.0
 40
0.007874
  0
CIRCLE
  5
F55
330
1F
100
AcDbEntity
  8
Top Paste
100
AcDbCircle
 10
1.5822834
 20
1.5405516
 30
0.0
 40
0.0059055
  0
CIRCLE
  5
F56
330
1F
100
AcDbEntity
  8
Top Solder
100
AcDbCircle
 10
1.5822834
 20
1.5405516
 30
0.0
 40
0.007874
  0
CIRCLE
  5
F57
330
1F
100
AcDbEntity
  8
Top Paste
100
AcDbCircle
 10
1.2240157
 20
1.4125986
 30
0.0
 40
0.0059055
  0
CIRCLE
  5
F58
330
1F
100
AcDbEntity
  8
Top Solder
100
AcDbCircle
 10
1.2240157
 20
1.4125986
 30
0.0
 40
0.007874
  0
CIRCLE
  5
F59
330
1F
100
AcDbEntity
  8
Top Paste
100
AcDbCircle
 10
1.2240157
 20
1.3614174
 30
0.0
 40
0.0059055
  0
CIRCLE
  5
F5A
330
1F
100
AcDbEntity
  8
Top Solder
100
AcDbCircle
 10
1.2240157
 20
1.3614174
 30
0.0
 40
0.007874
  0
CIRCLE
  5
F5B
330
1F
100
AcDbEntity
  8
Top Paste
100
AcDbCircle
 10
1.2240157
 20
1.3358268
 30
0.0
 40
0.0059055
  0
CIRCLE
  5
F5C
330
1F
100
AcDbEntity
  8
Top Solder
100
AcDbCircle
 10
1.2240157
 20
1.3358268
 30
0.0
 40
0.007874
  0
CIRCLE
  5
F5D
330
1F
100
AcDbEntity
  8
Top Paste
100
AcDbCircle
 10
1.2240157
 20
1.3102362
 30
0.0
 40
0.0059055
  0
CIRCLE
  5
F5E
330
1F
100
AcDbEntity
  8
Top Solder
100
AcDbCircle
 10
1.2240157
 20
1.3102362
 30
0.0
 40
0.007874
  0
CIRCLE
  5
F5F
330
1F
100
AcDbEntity
  8
Top Paste
100
AcDbCircle
 10
1.2240157
 20
1.2846456
 30
0.0
 40
0.0059055
  0
CIRCLE
  5
F60
330
1F
100
AcDbEntity
  8
Top Solder
100
AcDbCircle
 10
1.2240157
 20
1.2846456
 30
0.0
 40
0.007874
  0
CIRCLE
  5
F61
330
1F
100
AcDbEntity
  8
Top Paste
100
AcDbCircle
 10
1.2240157
 20
1.259055
 30
0.0
 40
0.0059055
  0
CIRCLE
  5
F62
330
1F
100
AcDbEntity
  8
Top Solder
100
AcDbCircle
 10
1.2240157
 20
1.259055
 30
0.0
 40
0.007874
  0
CIRCLE
  5
F63
330
1F
100
AcDbEntity
  8
Top Paste
100
AcDbCircle
 10
1.2240157
 20
1.2334644
 30
0.0
 40
0.0059055
  0
CIRCLE
  5
F64
330
1F
100
AcDbEntity
  8
Top Solder
100
AcDbCircle
 10
1.2240157
 20
1.2334644
 30
0.0
 40
0.007874
  0
CIRCLE
  5
F65
330
1F
100
AcDbEntity
  8
Top Paste
100
AcDbCircle
 10
1.2240157
 20
1.2078738
 30
0.0
 40
0.0059055
  0
CIRCLE
  5
F66
330
1F
100
AcDbEntity
  8
Top Solder
100
AcDbCircle
 10
1.2240157
 20
1.2078738
 30
0.0
 40
0.007874
  0
CIRCLE
  5
F67
330
1F
100
AcDbEntity
  8
Top Paste
100
AcDbCircle
 10
1.2240157
 20
1.514961
 30
0.0
 40
0.0059055
  0
CIRCLE
  5
F68
330
1F
100
AcDbEntity
  8
Top Solder
100
AcDbCircle
 10
1.2240157
 20
1.514961
 30
0.0
 40
0.007874
  0
CIRCLE
  5
F69
330
1F
100
AcDbEntity
  8
Top Paste
100
AcDbCircle
 10
1.2496063
 20
1.514961
 30
0.0
 40
0.0059055
  0
CIRCLE
  5
F6A
330
1F
100
AcDbEntity
  8
Top Solder
100
AcDbCircle
 10
1.2496063
 20
1.514961
 30
0.0
 40
0.007874
  0
CIRCLE
  5
F6B
330
1F
100
AcDbEntity
  8
Top Paste
100
AcDbCircle
 10
1.2751968
 20
1.514961
 30
0.0
 40
0.0059055
  0
CIRCLE
  5
F6C
330
1F
100
AcDbEntity
  8
Top Solder
100
AcDbCircle
 10
1.2751968
 20
1.514961
 30
0.0
 40
0.007874
  0
CIRCLE
  5
F6D
330
1F
100
AcDbEntity
  8
Top Paste
100
AcDbCircle
 10
1.3007874
 20
1.514961
 30
0.0
 40
0.0059055
  0
CIRCLE
  5
F6E
330
1F
100
AcDbEntity
  8
Top Solder
100
AcDbCircle
 10
1.3007874
 20
1.514961
 30
0.0
 40
0.007874
  0
CIRCLE
  5
F6F
330
1F
100
AcDbEntity
  8
Top Paste
100
AcDbCircle
 10
1.3263779
 20
1.514961
 30
0.0
 40
0.0059055
  0
CIRCLE
  5
F70
330
1F
100
AcDbEntity
  8
Top Solder
100
AcDbCircle
 10
1.3263779
 20
1.514961
 30
0.0
 40
0.007874
  0
CIRCLE
  5
F71
330
1F
100
AcDbEntity
  8
Top Paste
100
AcDbCircle
 10
1.3519685
 20
1.514961
 30
0.0
 40
0.0059055
  0
CIRCLE
  5
F72
330
1F
100
AcDbEntity
  8
Top Solder
100
AcDbCircle
 10
1.3519685
 20
1.514961
 30
0.0
 40
0.007874
  0
CIRCLE
  5
F73
330
1F
100
AcDbEntity
  8
Top Paste
100
AcDbCircle
 10
1.377559
 20
1.514961
 30
0.0
 40
0.0059055
  0
CIRCLE
  5
F74
330
1F
100
AcDbEntity
  8
Top Solder
100
AcDbCircle
 10
1.377559
 20
1.514961
 30
0.0
 40
0.007874
  0
CIRCLE
  5
F75
330
1F
100
AcDbEntity
  8
Top Paste
100
AcDbCircle
 10
1.4031496
 20
1.514961
 30
0.0
 40
0.0059055
  0
CIRCLE
  5
F76
330
1F
100
AcDbEntity
  8
Top Solder
100
AcDbCircle
 10
1.4031496
 20
1.514961
 30
0.0
 40
0.007874
  0
CIRCLE
  5
F77
330
1F
100
AcDbEntity
  8
Top Paste
100
AcDbCircle
 10
1.4287401
 20
1.514961
 30
0.0
 40
0.0059055
  0
CIRCLE
  5
F78
330
1F
100
AcDbEntity
  8
Top Solder
100
AcDbCircle
 10
1.4287401
 20
1.514961
 30
0.0
 40
0.007874
  0
CIRCLE
  5
F79
330
1F
100
AcDbEntity
  8
Top Paste
100
AcDbCircle
 10
1.4543307
 20
1.514961
 30
0.0
 40
0.0059055
  0
CIRCLE
  5
F7A
330
1F
100
AcDbEntity
  8
Top Solder
100
AcDbCircle
 10
1.4543307
 20
1.514961
 30
0.0
 40
0.007874
  0
CIRCLE
  5
F7B
330
1F
100
AcDbEntity
  8
Top Paste
100
AcDbCircle
 10
1.4799212
 20
1.514961
 30
0.0
 40
0.0059055
  0
CIRCLE
  5
F7C
330
1F
100
AcDbEntity
  8
Top Solder
100
AcDbCircle
 10
1.4799212
 20
1.514961
 30
0.0
 40
0.007874
  0
CIRCLE
  5
F7D
330
1F
100
AcDbEntity
  8
Top Paste
100
AcDbCircle
 10
1.5055118
 20
1.514961
 30
0.0
 40
0.0059055
  0
CIRCLE
  5
F7E
330
1F
100
AcDbEntity
  8
Top Solder
100
AcDbCircle
 10
1.5055118
 20
1.514961
 30
0.0
 40
0.007874
  0
CIRCLE
  5
F7F
330
1F
100
AcDbEntity
  8
Top Paste
100
AcDbCircle
 10
1.5311023
 20
1.514961
 30
0.0
 40
0.0059055
  0
CIRCLE
  5
F80
330
1F
100
AcDbEntity
  8
Top Solder
100
AcDbCircle
 10
1.5311023
 20
1.514961
 30
0.0
 40
0.007874
  0
CIRCLE
  5
F81
330
1F
100
AcDbEntity
  8
Top Paste
100
AcDbCircle
 10
1.5566929
 20
1.514961
 30
0.0
 40
0.0059055
  0
CIRCLE
  5
F82
330
1F
100
AcDbEntity
  8
Top Solder
100
AcDbCircle
 10
1.5566929
 20
1.514961
 30
0.0
 40
0.007874
  0
CIRCLE
  5
F83
330
1F
100
AcDbEntity
  8
Top Paste
100
AcDbCircle
 10
1.5822834
 20
1.514961
 30
0.0
 40
0.0059055
  0
CIRCLE
  5
F84
330
1F
100
AcDbEntity
  8
Top Solder
100
AcDbCircle
 10
1.5822834
 20
1.514961
 30
0.0
 40
0.007874
  0
CIRCLE
  5
F85
330
1F
100
AcDbEntity
  8
Top Paste
100
AcDbCircle
 10
1.2240157
 20
1.4893704
 30
0.0
 40
0.0059055
  0
CIRCLE
  5
F86
330
1F
100
AcDbEntity
  8
Top Solder
100
AcDbCircle
 10
1.2240157
 20
1.4893704
 30
0.0
 40
0.007874
  0
CIRCLE
  5
F87
330
1F
100
AcDbEntity
  8
Top Paste
100
AcDbCircle
 10
1.2496063
 20
1.4893704
 30
0.0
 40
0.0059055
  0
CIRCLE
  5
F88
330
1F
100
AcDbEntity
  8
Top Solder
100
AcDbCircle
 10
1.2496063
 20
1.4893704
 30
0.0
 40
0.007874
  0
CIRCLE
  5
F89
330
1F
100
AcDbEntity
  8
Top Paste
100
AcDbCircle
 10
1.2751968
 20
1.4893704
 30
0.0
 40
0.0059055
  0
CIRCLE
  5
F8A
330
1F
100
AcDbEntity
  8
Top Solder
100
AcDbCircle
 10
1.2751968
 20
1.4893704
 30
0.0
 40
0.007874
  0
CIRCLE
  5
F8B
330
1F
100
AcDbEntity
  8
Top Paste
100
AcDbCircle
 10
1.3007874
 20
1.4893704
 30
0.0
 40
0.0059055
  0
CIRCLE
  5
F8C
330
1F
100
AcDbEntity
  8
Top Solder
100
AcDbCircle
 10
1.3007874
 20
1.4893704
 30
0.0
 40
0.007874
  0
CIRCLE
  5
F8D
330
1F
100
AcDbEntity
  8
Top Paste
100
AcDbCircle
 10
1.3263779
 20
1.4893704
 30
0.0
 40
0.0059055
  0
CIRCLE
  5
F8E
330
1F
100
AcDbEntity
  8
Top Solder
100
AcDbCircle
 10
1.3263779
 20
1.4893704
 30
0.0
 40
0.007874
  0
CIRCLE
  5
F8F
330
1F
100
AcDbEntity
  8
Top Paste
100
AcDbCircle
 10
1.3519685
 20
1.4893704
 30
0.0
 40
0.0059055
  0
CIRCLE
  5
F90
330
1F
100
AcDbEntity
  8
Top Solder
100
AcDbCircle
 10
1.3519685
 20
1.4893704
 30
0.0
 40
0.007874
  0
CIRCLE
  5
F91
330
1F
100
AcDbEntity
  8
Top Paste
100
AcDbCircle
 10
1.377559
 20
1.4893704
 30
0.0
 40
0.0059055
  0
CIRCLE
  5
F92
330
1F
100
AcDbEntity
  8
Top Solder
100
AcDbCircle
 10
1.377559
 20
1.4893704
 30
0.0
 40
0.007874
  0
CIRCLE
  5
F93
330
1F
100
AcDbEntity
  8
Top Paste
100
AcDbCircle
 10
1.4031496
 20
1.4893704
 30
0.0
 40
0.0059055
  0
CIRCLE
  5
F94
330
1F
100
AcDbEntity
  8
Top Solder
100
AcDbCircle
 10
1.4031496
 20
1.4893704
 30
0.0
 40
0.007874
  0
CIRCLE
  5
F95
330
1F
100
AcDbEntity
  8
Top Paste
100
AcDbCircle
 10
1.4287401
 20
1.4893704
 30
0.0
 40
0.0059055
  0
CIRCLE
  5
F96
330
1F
100
AcDbEntity
  8
Top Solder
100
AcDbCircle
 10
1.4287401
 20
1.4893704
 30
0.0
 40
0.007874
  0
CIRCLE
  5
F97
330
1F
100
AcDbEntity
  8
Top Paste
100
AcDbCircle
 10
1.4543307
 20
1.4893704
 30
0.0
 40
0.0059055
  0
CIRCLE
  5
F98
330
1F
100
AcDbEntity
  8
Top Solder
100
AcDbCircle
 10
1.4543307
 20
1.4893704
 30
0.0
 40
0.007874
  0
CIRCLE
  5
F99
330
1F
100
AcDbEntity
  8
Top Paste
100
AcDbCircle
 10
1.4799212
 20
1.4893704
 30
0.0
 40
0.0059055
  0
CIRCLE
  5
F9A
330
1F
100
AcDbEntity
  8
Top Solder
100
AcDbCircle
 10
1.4799212
 20
1.4893704
 30
0.0
 40
0.007874
  0
CIRCLE
  5
F9B
330
1F
100
AcDbEntity
  8
Top Paste
100
AcDbCircle
 10
1.5055118
 20
1.4893704
 30
0.0
 40
0.0059055
  0
CIRCLE
  5
F9C
330
1F
100
AcDbEntity
  8
Top Solder
100
AcDbCircle
 10
1.5055118
 20
1.4893704
 30
0.0
 40
0.007874
  0
CIRCLE
  5
F9D
330
1F
100
AcDbEntity
  8
Top Paste
100
AcDbCircle
 10
1.5311023
 20
1.4893704
 30
0.0
 40
0.0059055
  0
CIRCLE
  5
F9E
330
1F
100
AcDbEntity
  8
Top Solder
100
AcDbCircle
 10
1.5311023
 20
1.4893704
 30
0.0
 40
0.007874
  0
CIRCLE
  5
F9F
330
1F
100
AcDbEntity
  8
Top Paste
100
AcDbCircle
 10
1.5566929
 20
1.4893704
 30
0.0
 40
0.0059055
  0
CIRCLE
  5
FA0
330
1F
100
AcDbEntity
  8
Top Solder
100
AcDbCircle
 10
1.5566929
 20
1.4893704
 30
0.0
 40
0.007874
  0
CIRCLE
  5
FA1
330
1F
100
AcDbEntity
  8
Top Paste
100
AcDbCircle
 10
1.5822834
 20
1.4893704
 30
0.0
 40
0.0059055
  0
CIRCLE
  5
FA2
330
1F
100
AcDbEntity
  8
Top Solder
100
AcDbCircle
 10
1.5822834
 20
1.4893704
 30
0.0
 40
0.007874
  0
CIRCLE
  5
FA3
330
1F
100
AcDbEntity
  8
Top Paste
100
AcDbCircle
 10
1.2240157
 20
1.4637798
 30
0.0
 40
0.0059055
  0
CIRCLE
  5
FA4
330
1F
100
AcDbEntity
  8
Top Solder
100
AcDbCircle
 10
1.2240157
 20
1.4637798
 30
0.0
 40
0.007874
  0
CIRCLE
  5
FA5
330
1F
100
AcDbEntity
  8
Top Paste
100
AcDbCircle
 10
1.2496063
 20
1.4637798
 30
0.0
 40
0.0059055
  0
CIRCLE
  5
FA6
330
1F
100
AcDbEntity
  8
Top Solder
100
AcDbCircle
 10
1.2496063
 20
1.4637798
 30
0.0
 40
0.007874
  0
CIRCLE
  5
FA7
330
1F
100
AcDbEntity
  8
Top Paste
100
AcDbCircle
 10
1.2751968
 20
1.4637798
 30
0.0
 40
0.0059055
  0
CIRCLE
  5
FA8
330
1F
100
AcDbEntity
  8
Top Solder
100
AcDbCircle
 10
1.2751968
 20
1.4637798
 30
0.0
 40
0.007874
  0
CIRCLE
  5
FA9
330
1F
100
AcDbEntity
  8
Top Paste
100
AcDbCircle
 10
1.3007874
 20
1.4637798
 30
0.0
 40
0.0059055
  0
CIRCLE
  5
FAA
330
1F
100
AcDbEntity
  8
Top Solder
100
AcDbCircle
 10
1.3007874
 20
1.4637798
 30
0.0
 40
0.007874
  0
CIRCLE
  5
FAB
330
1F
100
AcDbEntity
  8
Top Paste
100
AcDbCircle
 10
1.3263779
 20
1.4637798
 30
0.0
 40
0.0059055
  0
CIRCLE
  5
FAC
330
1F
100
AcDbEntity
  8
Top Solder
100
AcDbCircle
 10
1.3263779
 20
1.4637798
 30
0.0
 40
0.007874
  0
CIRCLE
  5
FAD
330
1F
100
AcDbEntity
  8
Top Paste
100
AcDbCircle
 10
1.3519685
 20
1.4637798
 30
0.0
 40
0.0059055
  0
CIRCLE
  5
FAE
330
1F
100
AcDbEntity
  8
Top Solder
100
AcDbCircle
 10
1.3519685
 20
1.4637798
 30
0.0
 40
0.007874
  0
CIRCLE
  5
FAF
330
1F
100
AcDbEntity
  8
Top Paste
100
AcDbCircle
 10
1.377559
 20
1.4637798
 30
0.0
 40
0.0059055
  0
CIRCLE
  5
FB0
330
1F
100
AcDbEntity
  8
Top Solder
100
AcDbCircle
 10
1.377559
 20
1.4637798
 30
0.0
 40
0.007874
  0
CIRCLE
  5
FB1
330
1F
100
AcDbEntity
  8
Top Paste
100
AcDbCircle
 10
1.4031496
 20
1.4637798
 30
0.0
 40
0.0059055
  0
CIRCLE
  5
FB2
330
1F
100
AcDbEntity
  8
Top Solder
100
AcDbCircle
 10
1.4031496
 20
1.4637798
 30
0.0
 40
0.007874
  0
CIRCLE
  5
FB3
330
1F
100
AcDbEntity
  8
Top Paste
100
AcDbCircle
 10
1.4287401
 20
1.4637798
 30
0.0
 40
0.0059055
  0
CIRCLE
  5
FB4
330
1F
100
AcDbEntity
  8
Top Solder
100
AcDbCircle
 10
1.4287401
 20
1.4637798
 30
0.0
 40
0.007874
  0
CIRCLE
  5
FB5
330
1F
100
AcDbEntity
  8
Top Paste
100
AcDbCircle
 10
1.4543307
 20
1.4637798
 30
0.0
 40
0.0059055
  0
CIRCLE
  5
FB6
330
1F
100
AcDbEntity
  8
Top Solder
100
AcDbCircle
 10
1.4543307
 20
1.4637798
 30
0.0
 40
0.007874
  0
CIRCLE
  5
FB7
330
1F
100
AcDbEntity
  8
Top Paste
100
AcDbCircle
 10
1.4799212
 20
1.4637798
 30
0.0
 40
0.0059055
  0
CIRCLE
  5
FB8
330
1F
100
AcDbEntity
  8
Top Solder
100
AcDbCircle
 10
1.4799212
 20
1.4637798
 30
0.0
 40
0.007874
  0
CIRCLE
  5
FB9
330
1F
100
AcDbEntity
  8
Top Paste
100
AcDbCircle
 10
1.5055118
 20
1.4637798
 30
0.0
 40
0.0059055
  0
CIRCLE
  5
FBA
330
1F
100
AcDbEntity
  8
Top Solder
100
AcDbCircle
 10
1.5055118
 20
1.4637798
 30
0.0
 40
0.007874
  0
CIRCLE
  5
FBB
330
1F
100
AcDbEntity
  8
Top Paste
100
AcDbCircle
 10
1.5311023
 20
1.4637798
 30
0.0
 40
0.0059055
  0
CIRCLE
  5
FBC
330
1F
100
AcDbEntity
  8
Top Solder
100
AcDbCircle
 10
1.5311023
 20
1.4637798
 30
0.0
 40
0.007874
  0
CIRCLE
  5
FBD
330
1F
100
AcDbEntity
  8
Top Paste
100
AcDbCircle
 10
1.5566929
 20
1.4637798
 30
0.0
 40
0.0059055
  0
CIRCLE
  5
FBE
330
1F
100
AcDbEntity
  8
Top Solder
100
AcDbCircle
 10
1.5566929
 20
1.4637798
 30
0.0
 40
0.007874
  0
CIRCLE
  5
FBF
330
1F
100
AcDbEntity
  8
Top Paste
100
AcDbCircle
 10
1.5822834
 20
1.4637798
 30
0.0
 40
0.0059055
  0
CIRCLE
  5
FC0
330
1F
100
AcDbEntity
  8
Top Solder
100
AcDbCircle
 10
1.5822834
 20
1.4637798
 30
0.0
 40
0.007874
  0
CIRCLE
  5
FC1
330
1F
100
AcDbEntity
  8
Top Paste
100
AcDbCircle
 10
1.2240157
 20
1.4381892
 30
0.0
 40
0.0059055
  0
CIRCLE
  5
FC2
330
1F
100
AcDbEntity
  8
Top Solder
100
AcDbCircle
 10
1.2240157
 20
1.4381892
 30
0.0
 40
0.007874
  0
CIRCLE
  5
FC3
330
1F
100
AcDbEntity
  8
Top Paste
100
AcDbCircle
 10
1.2496063
 20
1.4381892
 30
0.0
 40
0.0059055
  0
CIRCLE
  5
FC4
330
1F
100
AcDbEntity
  8
Top Solder
100
AcDbCircle
 10
1.2496063
 20
1.4381892
 30
0.0
 40
0.007874
  0
CIRCLE
  5
FC5
330
1F
100
AcDbEntity
  8
Top Paste
100
AcDbCircle
 10
1.2751968
 20
1.4381892
 30
0.0
 40
0.0059055
  0
CIRCLE
  5
FC6
330
1F
100
AcDbEntity
  8
Top Solder
100
AcDbCircle
 10
1.2751968
 20
1.4381892
 30
0.0
 40
0.007874
  0
CIRCLE
  5
FC7
330
1F
100
AcDbEntity
  8
Top Paste
100
AcDbCircle
 10
1.3007874
 20
1.4381892
 30
0.0
 40
0.0059055
  0
CIRCLE
  5
FC8
330
1F
100
AcDbEntity
  8
Top Solder
100
AcDbCircle
 10
1.3007874
 20
1.4381892
 30
0.0
 40
0.007874
  0
CIRCLE
  5
FC9
330
1F
100
AcDbEntity
  8
Top Paste
100
AcDbCircle
 10
1.5055118
 20
1.4381892
 30
0.0
 40
0.0059055
  0
CIRCLE
  5
FCA
330
1F
100
AcDbEntity
  8
Top Solder
100
AcDbCircle
 10
1.5055118
 20
1.4381892
 30
0.0
 40
0.007874
  0
CIRCLE
  5
FCB
330
1F
100
AcDbEntity
  8
Top Paste
100
AcDbCircle
 10
1.5311023
 20
1.4381892
 30
0.0
 40
0.0059055
  0
CIRCLE
  5
FCC
330
1F
100
AcDbEntity
  8
Top Solder
100
AcDbCircle
 10
1.5311023
 20
1.4381892
 30
0.0
 40
0.007874
  0
CIRCLE
  5
FCD
330
1F
100
AcDbEntity
  8
Top Paste
100
AcDbCircle
 10
1.5566929
 20
1.4381892
 30
0.0
 40
0.0059055
  0
CIRCLE
  5
FCE
330
1F
100
AcDbEntity
  8
Top Solder
100
AcDbCircle
 10
1.5566929
 20
1.4381892
 30
0.0
 40
0.007874
  0
CIRCLE
  5
FCF
330
1F
100
AcDbEntity
  8
Top Paste
100
AcDbCircle
 10
1.5822834
 20
1.4381892
 30
0.0
 40
0.0059055
  0
CIRCLE
  5
FD0
330
1F
100
AcDbEntity
  8
Top Solder
100
AcDbCircle
 10
1.5822834
 20
1.4381892
 30
0.0
 40
0.007874
  0
CIRCLE
  5
FD1
330
1F
100
AcDbEntity
  8
Top Paste
100
AcDbCircle
 10
1.2496063
 20
1.4125986
 30
0.0
 40
0.0059055
  0
CIRCLE
  5
FD2
330
1F
100
AcDbEntity
  8
Top Solder
100
AcDbCircle
 10
1.2496063
 20
1.4125986
 30
0.0
 40
0.007874
  0
CIRCLE
  5
FD3
330
1F
100
AcDbEntity
  8
Top Paste
100
AcDbCircle
 10
1.2751968
 20
1.4125986
 30
0.0
 40
0.0059055
  0
CIRCLE
  5
FD4
330
1F
100
AcDbEntity
  8
Top Solder
100
AcDbCircle
 10
1.2751968
 20
1.4125986
 30
0.0
 40
0.007874
  0
CIRCLE
  5
FD5
330
1F
100
AcDbEntity
  8
Top Paste
100
AcDbCircle
 10
1.3007874
 20
1.4125986
 30
0.0
 40
0.0059055
  0
CIRCLE
  5
FD6
330
1F
100
AcDbEntity
  8
Top Solder
100
AcDbCircle
 10
1.3007874
 20
1.4125986
 30
0.0
 40
0.007874
  0
CIRCLE
  5
FD7
330
1F
100
AcDbEntity
  8
Top Paste
100
AcDbCircle
 10
1.3519685
 20
1.4125986
 30
0.0
 40
0.0059055
  0
CIRCLE
  5
FD8
330
1F
100
AcDbEntity
  8
Top Solder
100
AcDbCircle
 10
1.3519685
 20
1.4125986
 30
0.0
 40
0.007874
  0
CIRCLE
  5
FD9
330
1F
100
AcDbEntity
  8
Top Paste
100
AcDbCircle
 10
1.377559
 20
1.4125986
 30
0.0
 40
0.0059055
  0
CIRCLE
  5
FDA
330
1F
100
AcDbEntity
  8
Top Solder
100
AcDbCircle
 10
1.377559
 20
1.4125986
 30
0.0
 40
0.007874
  0
CIRCLE
  5
FDB
330
1F
100
AcDbEntity
  8
Top Paste
100
AcDbCircle
 10
1.4031496
 20
1.4125986
 30
0.0
 40
0.0059055
  0
CIRCLE
  5
FDC
330
1F
100
AcDbEntity
  8
Top Solder
100
AcDbCircle
 10
1.4031496
 20
1.4125986
 30
0.0
 40
0.007874
  0
CIRCLE
  5
FDD
330
1F
100
AcDbEntity
  8
Top Paste
100
AcDbCircle
 10
1.4287401
 20
1.4125986
 30
0.0
 40
0.0059055
  0
CIRCLE
  5
FDE
330
1F
100
AcDbEntity
  8
Top Solder
100
AcDbCircle
 10
1.4287401
 20
1.4125986
 30
0.0
 40
0.007874
  0
CIRCLE
  5
FDF
330
1F
100
AcDbEntity
  8
Top Paste
100
AcDbCircle
 10
1.4543307
 20
1.4125986
 30
0.0
 40
0.0059055
  0
CIRCLE
  5
FE0
330
1F
100
AcDbEntity
  8
Top Solder
100
AcDbCircle
 10
1.4543307
 20
1.4125986
 30
0.0
 40
0.007874
  0
CIRCLE
  5
FE1
330
1F
100
AcDbEntity
  8
Top Paste
100
AcDbCircle
 10
1.5055118
 20
1.4125986
 30
0.0
 40
0.0059055
  0
CIRCLE
  5
FE2
330
1F
100
AcDbEntity
  8
Top Solder
100
AcDbCircle
 10
1.5055118
 20
1.4125986
 30
0.0
 40
0.007874
  0
CIRCLE
  5
FE3
330
1F
100
AcDbEntity
  8
Top Paste
100
AcDbCircle
 10
1.5311023
 20
1.4125986
 30
0.0
 40
0.0059055
  0
CIRCLE
  5
FE4
330
1F
100
AcDbEntity
  8
Top Solder
100
AcDbCircle
 10
1.5311023
 20
1.4125986
 30
0.0
 40
0.007874
  0
CIRCLE
  5
FE5
330
1F
100
AcDbEntity
  8
Top Paste
100
AcDbCircle
 10
1.5566929
 20
1.4125986
 30
0.0
 40
0.0059055
  0
CIRCLE
  5
FE6
330
1F
100
AcDbEntity
  8
Top Solder
100
AcDbCircle
 10
1.5566929
 20
1.4125986
 30
0.0
 40
0.007874
  0
CIRCLE
  5
FE7
330
1F
100
AcDbEntity
  8
Top Paste
100
AcDbCircle
 10
1.5822834
 20
1.4125986
 30
0.0
 40
0.0059055
  0
CIRCLE
  5
FE8
330
1F
100
AcDbEntity
  8
Top Solder
100
AcDbCircle
 10
1.5822834
 20
1.4125986
 30
0.0
 40
0.007874
  0
CIRCLE
  5
FE9
330
1F
100
AcDbEntity
  8
Top Paste
100
AcDbCircle
 10
1.2240157
 20
1.387008
 30
0.0
 40
0.0059055
  0
CIRCLE
  5
FEA
330
1F
100
AcDbEntity
  8
Top Solder
100
AcDbCircle
 10
1.2240157
 20
1.387008
 30
0.0
 40
0.007874
  0
CIRCLE
  5
FEB
330
1F
100
AcDbEntity
  8
Top Paste
100
AcDbCircle
 10
1.2496063
 20
1.387008
 30
0.0
 40
0.0059055
  0
CIRCLE
  5
FEC
330
1F
100
AcDbEntity
  8
Top Solder
100
AcDbCircle
 10
1.2496063
 20
1.387008
 30
0.0
 40
0.007874
  0
CIRCLE
  5
FED
330
1F
100
AcDbEntity
  8
Top Paste
100
AcDbCircle
 10
1.2751968
 20
1.387008
 30
0.0
 40
0.0059055
  0
CIRCLE
  5
FEE
330
1F
100
AcDbEntity
  8
Top Solder
100
AcDbCircle
 10
1.2751968
 20
1.387008
 30
0.0
 40
0.007874
  0
CIRCLE
  5
FEF
330
1F
100
AcDbEntity
  8
Top Paste
100
AcDbCircle
 10
1.3007874
 20
1.387008
 30
0.0
 40
0.0059055
  0
CIRCLE
  5
FF0
330
1F
100
AcDbEntity
  8
Top Solder
100
AcDbCircle
 10
1.3007874
 20
1.387008
 30
0.0
 40
0.007874
  0
CIRCLE
  5
FF1
330
1F
100
AcDbEntity
  8
Top Paste
100
AcDbCircle
 10
1.3519685
 20
1.387008
 30
0.0
 40
0.0059055
  0
CIRCLE
  5
FF2
330
1F
100
AcDbEntity
  8
Top Solder
100
AcDbCircle
 10
1.3519685
 20
1.387008
 30
0.0
 40
0.007874
  0
CIRCLE
  5
FF3
330
1F
100
AcDbEntity
  8
Top Paste
100
AcDbCircle
 10
1.377559
 20
1.387008
 30
0.0
 40
0.0059055
  0
CIRCLE
  5
FF4
330
1F
100
AcDbEntity
  8
Top Solder
100
AcDbCircle
 10
1.377559
 20
1.387008
 30
0.0
 40
0.007874
  0
CIRCLE
  5
FF5
330
1F
100
AcDbEntity
  8
Top Paste
100
AcDbCircle
 10
1.4031496
 20
1.387008
 30
0.0
 40
0.0059055
  0
CIRCLE
  5
FF6
330
1F
100
AcDbEntity
  8
Top Solder
100
AcDbCircle
 10
1.4031496
 20
1.387008
 30
0.0
 40
0.007874
  0
CIRCLE
  5
FF7
330
1F
100
AcDbEntity
  8
Top Paste
100
AcDbCircle
 10
1.4287401
 20
1.387008
 30
0.0
 40
0.0059055
  0
CIRCLE
  5
FF8
330
1F
100
AcDbEntity
  8
Top Solder
100
AcDbCircle
 10
1.4287401
 20
1.387008
 30
0.0
 40
0.007874
  0
CIRCLE
  5
FF9
330
1F
100
AcDbEntity
  8
Top Paste
100
AcDbCircle
 10
1.4543307
 20
1.387008
 30
0.0
 40
0.0059055
  0
CIRCLE
  5
FFA
330
1F
100
AcDbEntity
  8
Top Solder
100
AcDbCircle
 10
1.4543307
 20
1.387008
 30
0.0
 40
0.007874
  0
CIRCLE
  5
FFB
330
1F
100
AcDbEntity
  8
Top Paste
100
AcDbCircle
 10
1.5055118
 20
1.387008
 30
0.0
 40
0.0059055
  0
CIRCLE
  5
FFC
330
1F
100
AcDbEntity
  8
Top Solder
100
AcDbCircle
 10
1.5055118
 20
1.387008
 30
0.0
 40
0.007874
  0
CIRCLE
  5
FFD
330
1F
100
AcDbEntity
  8
Top Paste
100
AcDbCircle
 10
1.5311023
 20
1.387008
 30
0.0
 40
0.0059055
  0
CIRCLE
  5
FFE
330
1F
100
AcDbEntity
  8
Top Solder
100
AcDbCircle
 10
1.5311023
 20
1.387008
 30
0.0
 40
0.007874
  0
CIRCLE
  5
FFF
330
1F
100
AcDbEntity
  8
Top Paste
100
AcDbCircle
 10
1.5566929
 20
1.387008
 30
0.0
 40
0.0059055
  0
CIRCLE
  5
1000
330
1F
100
AcDbEntity
  8
Top Solder
100
AcDbCircle
 10
1.5566929
 20
1.387008
 30
0.0
 40
0.007874
  0
CIRCLE
  5
1001
330
1F
100
AcDbEntity
  8
Top Paste
100
AcDbCircle
 10
1.5822834
 20
1.387008
 30
0.0
 40
0.0059055
  0
CIRCLE
  5
1002
330
1F
100
AcDbEntity
  8
Top Solder
100
AcDbCircle
 10
1.5822834
 20
1.387008
 30
0.0
 40
0.007874
  0
CIRCLE
  5
1003
330
1F
100
AcDbEntity
  8
Top Paste
100
AcDbCircle
 10
1.2496063
 20
1.3614174
 30
0.0
 40
0.0059055
  0
CIRCLE
  5
1004
330
1F
100
AcDbEntity
  8
Top Solder
100
AcDbCircle
 10
1.2496063
 20
1.3614174
 30
0.0
 40
0.007874
  0
CIRCLE
  5
1005
330
1F
100
AcDbEntity
  8
Top Paste
100
AcDbCircle
 10
1.2751968
 20
1.3614174
 30
0.0
 40
0.0059055
  0
CIRCLE
  5
1006
330
1F
100
AcDbEntity
  8
Top Solder
100
AcDbCircle
 10
1.2751968
 20
1.3614174
 30
0.0
 40
0.007874
  0
CIRCLE
  5
1007
330
1F
100
AcDbEntity
  8
Top Paste
100
AcDbCircle
 10
1.3007874
 20
1.3614174
 30
0.0
 40
0.0059055
  0
CIRCLE
  5
1008
330
1F
100
AcDbEntity
  8
Top Solder
100
AcDbCircle
 10
1.3007874
 20
1.3614174
 30
0.0
 40
0.007874
  0
CIRCLE
  5
1009
330
1F
100
AcDbEntity
  8
Top Paste
100
AcDbCircle
 10
1.3519685
 20
1.3614174
 30
0.0
 40
0.0059055
  0
CIRCLE
  5
100A
330
1F
100
AcDbEntity
  8
Top Solder
100
AcDbCircle
 10
1.3519685
 20
1.3614174
 30
0.0
 40
0.007874
  0
CIRCLE
  5
100B
330
1F
100
AcDbEntity
  8
Top Paste
100
AcDbCircle
 10
1.377559
 20
1.3614174
 30
0.0
 40
0.0059055
  0
CIRCLE
  5
100C
330
1F
100
AcDbEntity
  8
Top Solder
100
AcDbCircle
 10
1.377559
 20
1.3614174
 30
0.0
 40
0.007874
  0
CIRCLE
  5
100D
330
1F
100
AcDbEntity
  8
Top Paste
100
AcDbCircle
 10
1.4031496
 20
1.3614174
 30
0.0
 40
0.0059055
  0
CIRCLE
  5
100E
330
1F
100
AcDbEntity
  8
Top Solder
100
AcDbCircle
 10
1.4031496
 20
1.3614174
 30
0.0
 40
0.007874
  0
CIRCLE
  5
100F
330
1F
100
AcDbEntity
  8
Top Paste
100
AcDbCircle
 10
1.4287401
 20
1.3614174
 30
0.0
 40
0.0059055
  0
CIRCLE
  5
1010
330
1F
100
AcDbEntity
  8
Top Solder
100
AcDbCircle
 10
1.4287401
 20
1.3614174
 30
0.0
 40
0.007874
  0
CIRCLE
  5
1011
330
1F
100
AcDbEntity
  8
Top Paste
100
AcDbCircle
 10
1.4543307
 20
1.3614174
 30
0.0
 40
0.0059055
  0
CIRCLE
  5
1012
330
1F
100
AcDbEntity
  8
Top Solder
100
AcDbCircle
 10
1.4543307
 20
1.3614174
 30
0.0
 40
0.007874
  0
CIRCLE
  5
1013
330
1F
100
AcDbEntity
  8
Top Paste
100
AcDbCircle
 10
1.5055118
 20
1.3614174
 30
0.0
 40
0.0059055
  0
CIRCLE
  5
1014
330
1F
100
AcDbEntity
  8
Top Solder
100
AcDbCircle
 10
1.5055118
 20
1.3614174
 30
0.0
 40
0.007874
  0
CIRCLE
  5
1015
330
1F
100
AcDbEntity
  8
Top Paste
100
AcDbCircle
 10
1.5311023
 20
1.3614174
 30
0.0
 40
0.0059055
  0
CIRCLE
  5
1016
330
1F
100
AcDbEntity
  8
Top Solder
100
AcDbCircle
 10
1.5311023
 20
1.3614174
 30
0.0
 40
0.007874
  0
CIRCLE
  5
1017
330
1F
100
AcDbEntity
  8
Top Paste
100
AcDbCircle
 10
1.5566929
 20
1.3614174
 30
0.0
 40
0.0059055
  0
CIRCLE
  5
1018
330
1F
100
AcDbEntity
  8
Top Solder
100
AcDbCircle
 10
1.5566929
 20
1.3614174
 30
0.0
 40
0.007874
  0
CIRCLE
  5
1019
330
1F
100
AcDbEntity
  8
Top Paste
100
AcDbCircle
 10
1.5822834
 20
1.3614174
 30
0.0
 40
0.0059055
  0
CIRCLE
  5
101A
330
1F
100
AcDbEntity
  8
Top Solder
100
AcDbCircle
 10
1.5822834
 20
1.3614174
 30
0.0
 40
0.007874
  0
CIRCLE
  5
101B
330
1F
100
AcDbEntity
  8
Top Paste
100
AcDbCircle
 10
1.2496063
 20
1.3358268
 30
0.0
 40
0.0059055
  0
CIRCLE
  5
101C
330
1F
100
AcDbEntity
  8
Top Solder
100
AcDbCircle
 10
1.2496063
 20
1.3358268
 30
0.0
 40
0.007874
  0
CIRCLE
  5
101D
330
1F
100
AcDbEntity
  8
Top Paste
100
AcDbCircle
 10
1.2751968
 20
1.3358268
 30
0.0
 40
0.0059055
  0
CIRCLE
  5
101E
330
1F
100
AcDbEntity
  8
Top Solder
100
AcDbCircle
 10
1.2751968
 20
1.3358268
 30
0.0
 40
0.007874
  0
CIRCLE
  5
101F
330
1F
100
AcDbEntity
  8
Top Paste
100
AcDbCircle
 10
1.3007874
 20
1.3358268
 30
0.0
 40
0.0059055
  0
CIRCLE
  5
1020
330
1F
100
AcDbEntity
  8
Top Solder
100
AcDbCircle
 10
1.3007874
 20
1.3358268
 30
0.0
 40
0.007874
  0
CIRCLE
  5
1021
330
1F
100
AcDbEntity
  8
Top Paste
100
AcDbCircle
 10
1.3519685
 20
1.3358268
 30
0.0
 40
0.0059055
  0
CIRCLE
  5
1022
330
1F
100
AcDbEntity
  8
Top Solder
100
AcDbCircle
 10
1.3519685
 20
1.3358268
 30
0.0
 40
0.007874
  0
CIRCLE
  5
1023
330
1F
100
AcDbEntity
  8
Top Paste
100
AcDbCircle
 10
1.377559
 20
1.3358268
 30
0.0
 40
0.0059055
  0
CIRCLE
  5
1024
330
1F
100
AcDbEntity
  8
Top Solder
100
AcDbCircle
 10
1.377559
 20
1.3358268
 30
0.0
 40
0.007874
  0
CIRCLE
  5
1025
330
1F
100
AcDbEntity
  8
Top Paste
100
AcDbCircle
 10
1.4031496
 20
1.3358268
 30
0.0
 40
0.0059055
  0
CIRCLE
  5
1026
330
1F
100
AcDbEntity
  8
Top Solder
100
AcDbCircle
 10
1.4031496
 20
1.3358268
 30
0.0
 40
0.007874
  0
CIRCLE
  5
1027
330
1F
100
AcDbEntity
  8
Top Paste
100
AcDbCircle
 10
1.4287401
 20
1.3358268
 30
0.0
 40
0.0059055
  0
CIRCLE
  5
1028
330
1F
100
AcDbEntity
  8
Top Solder
100
AcDbCircle
 10
1.4287401
 20
1.3358268
 30
0.0
 40
0.007874
  0
CIRCLE
  5
1029
330
1F
100
AcDbEntity
  8
Top Paste
100
AcDbCircle
 10
1.4543307
 20
1.3358268
 30
0.0
 40
0.0059055
  0
CIRCLE
  5
102A
330
1F
100
AcDbEntity
  8
Top Solder
100
AcDbCircle
 10
1.4543307
 20
1.3358268
 30
0.0
 40
0.007874
  0
CIRCLE
  5
102B
330
1F
100
AcDbEntity
  8
Top Paste
100
AcDbCircle
 10
1.5055118
 20
1.3358268
 30
0.0
 40
0.0059055
  0
CIRCLE
  5
102C
330
1F
100
AcDbEntity
  8
Top Solder
100
AcDbCircle
 10
1.5055118
 20
1.3358268
 30
0.0
 40
0.007874
  0
CIRCLE
  5
102D
330
1F
100
AcDbEntity
  8
Top Paste
100
AcDbCircle
 10
1.5311023
 20
1.3358268
 30
0.0
 40
0.0059055
  0
CIRCLE
  5
102E
330
1F
100
AcDbEntity
  8
Top Solder
100
AcDbCircle
 10
1.5311023
 20
1.3358268
 30
0.0
 40
0.007874
  0
CIRCLE
  5
102F
330
1F
100
AcDbEntity
  8
Top Paste
100
AcDbCircle
 10
1.5566929
 20
1.3358268
 30
0.0
 40
0.0059055
  0
CIRCLE
  5
1030
330
1F
100
AcDbEntity
  8
Top Solder
100
AcDbCircle
 10
1.5566929
 20
1.3358268
 30
0.0
 40
0.007874
  0
CIRCLE
  5
1031
330
1F
100
AcDbEntity
  8
Top Paste
100
AcDbCircle
 10
1.5822834
 20
1.3358268
 30
0.0
 40
0.0059055
  0
CIRCLE
  5
1032
330
1F
100
AcDbEntity
  8
Top Solder
100
AcDbCircle
 10
1.5822834
 20
1.3358268
 30
0.0
 40
0.007874
  0
CIRCLE
  5
1033
330
1F
100
AcDbEntity
  8
Top Paste
100
AcDbCircle
 10
1.2496063
 20
1.3102362
 30
0.0
 40
0.0059055
  0
CIRCLE
  5
1034
330
1F
100
AcDbEntity
  8
Top Solder
100
AcDbCircle
 10
1.2496063
 20
1.3102362
 30
0.0
 40
0.007874
  0
CIRCLE
  5
1035
330
1F
100
AcDbEntity
  8
Top Paste
100
AcDbCircle
 10
1.2751968
 20
1.3102362
 30
0.0
 40
0.0059055
  0
CIRCLE
  5
1036
330
1F
100
AcDbEntity
  8
Top Solder
100
AcDbCircle
 10
1.2751968
 20
1.3102362
 30
0.0
 40
0.007874
  0
CIRCLE
  5
1037
330
1F
100
AcDbEntity
  8
Top Paste
100
AcDbCircle
 10
1.3007874
 20
1.3102362
 30
0.0
 40
0.0059055
  0
CIRCLE
  5
1038
330
1F
100
AcDbEntity
  8
Top Solder
100
AcDbCircle
 10
1.3007874
 20
1.3102362
 30
0.0
 40
0.007874
  0
CIRCLE
  5
1039
330
1F
100
AcDbEntity
  8
Top Paste
100
AcDbCircle
 10
1.3519685
 20
1.3102362
 30
0.0
 40
0.0059055
  0
CIRCLE
  5
103A
330
1F
100
AcDbEntity
  8
Top Solder
100
AcDbCircle
 10
1.3519685
 20
1.3102362
 30
0.0
 40
0.007874
  0
CIRCLE
  5
103B
330
1F
100
AcDbEntity
  8
Top Paste
100
AcDbCircle
 10
1.377559
 20
1.3102362
 30
0.0
 40
0.0059055
  0
CIRCLE
  5
103C
330
1F
100
AcDbEntity
  8
Top Solder
100
AcDbCircle
 10
1.377559
 20
1.3102362
 30
0.0
 40
0.007874
  0
CIRCLE
  5
103D
330
1F
100
AcDbEntity
  8
Top Paste
100
AcDbCircle
 10
1.4031496
 20
1.3102362
 30
0.0
 40
0.0059055
  0
CIRCLE
  5
103E
330
1F
100
AcDbEntity
  8
Top Solder
100
AcDbCircle
 10
1.4031496
 20
1.3102362
 30
0.0
 40
0.007874
  0
CIRCLE
  5
103F
330
1F
100
AcDbEntity
  8
Top Paste
100
AcDbCircle
 10
1.4287401
 20
1.3102362
 30
0.0
 40
0.0059055
  0
CIRCLE
  5
1040
330
1F
100
AcDbEntity
  8
Top Solder
100
AcDbCircle
 10
1.4287401
 20
1.3102362
 30
0.0
 40
0.007874
  0
CIRCLE
  5
1041
330
1F
100
AcDbEntity
  8
Top Paste
100
AcDbCircle
 10
1.4543307
 20
1.3102362
 30
0.0
 40
0.0059055
  0
CIRCLE
  5
1042
330
1F
100
AcDbEntity
  8
Top Solder
100
AcDbCircle
 10
1.4543307
 20
1.3102362
 30
0.0
 40
0.007874
  0
CIRCLE
  5
1043
330
1F
100
AcDbEntity
  8
Top Paste
100
AcDbCircle
 10
1.5055118
 20
1.3102362
 30
0.0
 40
0.0059055
  0
CIRCLE
  5
1044
330
1F
100
AcDbEntity
  8
Top Solder
100
AcDbCircle
 10
1.5055118
 20
1.3102362
 30
0.0
 40
0.007874
  0
CIRCLE
  5
1045
330
1F
100
AcDbEntity
  8
Top Paste
100
AcDbCircle
 10
1.5311023
 20
1.3102362
 30
0.0
 40
0.0059055
  0
CIRCLE
  5
1046
330
1F
100
AcDbEntity
  8
Top Solder
100
AcDbCircle
 10
1.5311023
 20
1.3102362
 30
0.0
 40
0.007874
  0
CIRCLE
  5
1047
330
1F
100
AcDbEntity
  8
Top Paste
100
AcDbCircle
 10
1.5566929
 20
1.3102362
 30
0.0
 40
0.0059055
  0
CIRCLE
  5
1048
330
1F
100
AcDbEntity
  8
Top Solder
100
AcDbCircle
 10
1.5566929
 20
1.3102362
 30
0.0
 40
0.007874
  0
CIRCLE
  5
1049
330
1F
100
AcDbEntity
  8
Top Paste
100
AcDbCircle
 10
1.5822834
 20
1.3102362
 30
0.0
 40
0.0059055
  0
CIRCLE
  5
104A
330
1F
100
AcDbEntity
  8
Top Solder
100
AcDbCircle
 10
1.5822834
 20
1.3102362
 30
0.0
 40
0.007874
  0
CIRCLE
  5
104B
330
1F
100
AcDbEntity
  8
Top Paste
100
AcDbCircle
 10
1.2496063
 20
1.2846456
 30
0.0
 40
0.0059055
  0
CIRCLE
  5
104C
330
1F
100
AcDbEntity
  8
Top Solder
100
AcDbCircle
 10
1.2496063
 20
1.2846456
 30
0.0
 40
0.007874
  0
CIRCLE
  5
104D
330
1F
100
AcDbEntity
  8
Top Paste
100
AcDbCircle
 10
1.2751968
 20
1.2846456
 30
0.0
 40
0.0059055
  0
CIRCLE
  5
104E
330
1F
100
AcDbEntity
  8
Top Solder
100
AcDbCircle
 10
1.2751968
 20
1.2846456
 30
0.0
 40
0.007874
  0
CIRCLE
  5
104F
330
1F
100
AcDbEntity
  8
Top Paste
100
AcDbCircle
 10
1.3007874
 20
1.2846456
 30
0.0
 40
0.0059055
  0
CIRCLE
  5
1050
330
1F
100
AcDbEntity
  8
Top Solder
100
AcDbCircle
 10
1.3007874
 20
1.2846456
 30
0.0
 40
0.007874
  0
CIRCLE
  5
1051
330
1F
100
AcDbEntity
  8
Top Paste
100
AcDbCircle
 10
1.5055118
 20
1.2846456
 30
0.0
 40
0.0059055
  0
CIRCLE
  5
1052
330
1F
100
AcDbEntity
  8
Top Solder
100
AcDbCircle
 10
1.5055118
 20
1.2846456
 30
0.0
 40
0.007874
  0
CIRCLE
  5
1053
330
1F
100
AcDbEntity
  8
Top Paste
100
AcDbCircle
 10
1.5311023
 20
1.2846456
 30
0.0
 40
0.0059055
  0
CIRCLE
  5
1054
330
1F
100
AcDbEntity
  8
Top Solder
100
AcDbCircle
 10
1.5311023
 20
1.2846456
 30
0.0
 40
0.007874
  0
CIRCLE
  5
1055
330
1F
100
AcDbEntity
  8
Top Paste
100
AcDbCircle
 10
1.5566929
 20
1.2846456
 30
0.0
 40
0.0059055
  0
CIRCLE
  5
1056
330
1F
100
AcDbEntity
  8
Top Solder
100
AcDbCircle
 10
1.5566929
 20
1.2846456
 30
0.0
 40
0.007874
  0
CIRCLE
  5
1057
330
1F
100
AcDbEntity
  8
Top Paste
100
AcDbCircle
 10
1.5822834
 20
1.2846456
 30
0.0
 40
0.0059055
  0
CIRCLE
  5
1058
330
1F
100
AcDbEntity
  8
Top Solder
100
AcDbCircle
 10
1.5822834
 20
1.2846456
 30
0.0
 40
0.007874
  0
CIRCLE
  5
1059
330
1F
100
AcDbEntity
  8
Top Paste
100
AcDbCircle
 10
1.2496063
 20
1.259055
 30
0.0
 40
0.0059055
  0
CIRCLE
  5
105A
330
1F
100
AcDbEntity
  8
Top Solder
100
AcDbCircle
 10
1.2496063
 20
1.259055
 30
0.0
 40
0.007874
  0
CIRCLE
  5
105B
330
1F
100
AcDbEntity
  8
Top Paste
100
AcDbCircle
 10
1.2751968
 20
1.259055
 30
0.0
 40
0.0059055
  0
CIRCLE
  5
105C
330
1F
100
AcDbEntity
  8
Top Solder
100
AcDbCircle
 10
1.2751968
 20
1.259055
 30
0.0
 40
0.007874
  0
CIRCLE
  5
105D
330
1F
100
AcDbEntity
  8
Top Paste
100
AcDbCircle
 10
1.3007874
 20
1.259055
 30
0.0
 40
0.0059055
  0
CIRCLE
  5
105E
330
1F
100
AcDbEntity
  8
Top Solder
100
AcDbCircle
 10
1.3007874
 20
1.259055
 30
0.0
 40
0.007874
  0
CIRCLE
  5
105F
330
1F
100
AcDbEntity
  8
Top Paste
100
AcDbCircle
 10
1.3263779
 20
1.259055
 30
0.0
 40
0.0059055
  0
CIRCLE
  5
1060
330
1F
100
AcDbEntity
  8
Top Solder
100
AcDbCircle
 10
1.3263779
 20
1.259055
 30
0.0
 40
0.007874
  0
CIRCLE
  5
1061
330
1F
100
AcDbEntity
  8
Top Paste
100
AcDbCircle
 10
1.3519685
 20
1.259055
 30
0.0
 40
0.0059055
  0
CIRCLE
  5
1062
330
1F
100
AcDbEntity
  8
Top Solder
100
AcDbCircle
 10
1.3519685
 20
1.259055
 30
0.0
 40
0.007874
  0
CIRCLE
  5
1063
330
1F
100
AcDbEntity
  8
Top Paste
100
AcDbCircle
 10
1.377559
 20
1.259055
 30
0.0
 40
0.0059055
  0
CIRCLE
  5
1064
330
1F
100
AcDbEntity
  8
Top Solder
100
AcDbCircle
 10
1.377559
 20
1.259055
 30
0.0
 40
0.007874
  0
CIRCLE
  5
1065
330
1F
100
AcDbEntity
  8
Top Paste
100
AcDbCircle
 10
1.4031496
 20
1.259055
 30
0.0
 40
0.0059055
  0
CIRCLE
  5
1066
330
1F
100
AcDbEntity
  8
Top Solder
100
AcDbCircle
 10
1.4031496
 20
1.259055
 30
0.0
 40
0.007874
  0
CIRCLE
  5
1067
330
1F
100
AcDbEntity
  8
Top Paste
100
AcDbCircle
 10
1.4287401
 20
1.259055
 30
0.0
 40
0.0059055
  0
CIRCLE
  5
1068
330
1F
100
AcDbEntity
  8
Top Solder
100
AcDbCircle
 10
1.4287401
 20
1.259055
 30
0.0
 40
0.007874
  0
CIRCLE
  5
1069
330
1F
100
AcDbEntity
  8
Top Paste
100
AcDbCircle
 10
1.4543307
 20
1.259055
 30
0.0
 40
0.0059055
  0
CIRCLE
  5
106A
330
1F
100
AcDbEntity
  8
Top Solder
100
AcDbCircle
 10
1.4543307
 20
1.259055
 30
0.0
 40
0.007874
  0
CIRCLE
  5
106B
330
1F
100
AcDbEntity
  8
Top Paste
100
AcDbCircle
 10
1.4799212
 20
1.259055
 30
0.0
 40
0.0059055
  0
CIRCLE
  5
106C
330
1F
100
AcDbEntity
  8
Top Solder
100
AcDbCircle
 10
1.4799212
 20
1.259055
 30
0.0
 40
0.007874
  0
CIRCLE
  5
106D
330
1F
100
AcDbEntity
  8
Top Paste
100
AcDbCircle
 10
1.5055118
 20
1.259055
 30
0.0
 40
0.0059055
  0
CIRCLE
  5
106E
330
1F
100
AcDbEntity
  8
Top Solder
100
AcDbCircle
 10
1.5055118
 20
1.259055
 30
0.0
 40
0.007874
  0
CIRCLE
  5
106F
330
1F
100
AcDbEntity
  8
Top Paste
100
AcDbCircle
 10
1.5311023
 20
1.259055
 30
0.0
 40
0.0059055
  0
CIRCLE
  5
1070
330
1F
100
AcDbEntity
  8
Top Solder
100
AcDbCircle
 10
1.5311023
 20
1.259055
 30
0.0
 40
0.007874
  0
CIRCLE
  5
1071
330
1F
100
AcDbEntity
  8
Top Paste
100
AcDbCircle
 10
1.5566929
 20
1.259055
 30
0.0
 40
0.0059055
  0
CIRCLE
  5
1072
330
1F
100
AcDbEntity
  8
Top Solder
100
AcDbCircle
 10
1.5566929
 20
1.259055
 30
0.0
 40
0.007874
  0
CIRCLE
  5
1073
330
1F
100
AcDbEntity
  8
Top Paste
100
AcDbCircle
 10
1.5822834
 20
1.259055
 30
0.0
 40
0.0059055
  0
CIRCLE
  5
1074
330
1F
100
AcDbEntity
  8
Top Solder
100
AcDbCircle
 10
1.5822834
 20
1.259055
 30
0.0
 40
0.007874
  0
CIRCLE
  5
1075
330
1F
100
AcDbEntity
  8
Top Paste
100
AcDbCircle
 10
1.2496063
 20
1.2334644
 30
0.0
 40
0.0059055
  0
CIRCLE
  5
1076
330
1F
100
AcDbEntity
  8
Top Solder
100
AcDbCircle
 10
1.2496063
 20
1.2334644
 30
0.0
 40
0.007874
  0
CIRCLE
  5
1077
330
1F
100
AcDbEntity
  8
Top Paste
100
AcDbCircle
 10
1.2751968
 20
1.2334644
 30
0.0
 40
0.0059055
  0
CIRCLE
  5
1078
330
1F
100
AcDbEntity
  8
Top Solder
100
AcDbCircle
 10
1.2751968
 20
1.2334644
 30
0.0
 40
0.007874
  0
CIRCLE
  5
1079
330
1F
100
AcDbEntity
  8
Top Paste
100
AcDbCircle
 10
1.3007874
 20
1.2334644
 30
0.0
 40
0.0059055
  0
CIRCLE
  5
107A
330
1F
100
AcDbEntity
  8
Top Solder
100
AcDbCircle
 10
1.3007874
 20
1.2334644
 30
0.0
 40
0.007874
  0
CIRCLE
  5
107B
330
1F
100
AcDbEntity
  8
Top Paste
100
AcDbCircle
 10
1.3263779
 20
1.2334644
 30
0.0
 40
0.0059055
  0
CIRCLE
  5
107C
330
1F
100
AcDbEntity
  8
Top Solder
100
AcDbCircle
 10
1.3263779
 20
1.2334644
 30
0.0
 40
0.007874
  0
CIRCLE
  5
107D
330
1F
100
AcDbEntity
  8
Top Paste
100
AcDbCircle
 10
1.3519685
 20
1.2334644
 30
0.0
 40
0.0059055
  0
CIRCLE
  5
107E
330
1F
100
AcDbEntity
  8
Top Solder
100
AcDbCircle
 10
1.3519685
 20
1.2334644
 30
0.0
 40
0.007874
  0
CIRCLE
  5
107F
330
1F
100
AcDbEntity
  8
Top Paste
100
AcDbCircle
 10
1.377559
 20
1.2334644
 30
0.0
 40
0.0059055
  0
CIRCLE
  5
1080
330
1F
100
AcDbEntity
  8
Top Solder
100
AcDbCircle
 10
1.377559
 20
1.2334644
 30
0.0
 40
0.007874
  0
CIRCLE
  5
1081
330
1F
100
AcDbEntity
  8
Top Paste
100
AcDbCircle
 10
1.4031496
 20
1.2334644
 30
0.0
 40
0.0059055
  0
CIRCLE
  5
1082
330
1F
100
AcDbEntity
  8
Top Solder
100
AcDbCircle
 10
1.4031496
 20
1.2334644
 30
0.0
 40
0.007874
  0
CIRCLE
  5
1083
330
1F
100
AcDbEntity
  8
Top Paste
100
AcDbCircle
 10
1.4287401
 20
1.2334644
 30
0.0
 40
0.0059055
  0
CIRCLE
  5
1084
330
1F
100
AcDbEntity
  8
Top Solder
100
AcDbCircle
 10
1.4287401
 20
1.2334644
 30
0.0
 40
0.007874
  0
CIRCLE
  5
1085
330
1F
100
AcDbEntity
  8
Top Paste
100
AcDbCircle
 10
1.4543307
 20
1.2334644
 30
0.0
 40
0.0059055
  0
CIRCLE
  5
1086
330
1F
100
AcDbEntity
  8
Top Solder
100
AcDbCircle
 10
1.4543307
 20
1.2334644
 30
0.0
 40
0.007874
  0
CIRCLE
  5
1087
330
1F
100
AcDbEntity
  8
Top Paste
100
AcDbCircle
 10
1.4799212
 20
1.2334644
 30
0.0
 40
0.0059055
  0
CIRCLE
  5
1088
330
1F
100
AcDbEntity
  8
Top Solder
100
AcDbCircle
 10
1.4799212
 20
1.2334644
 30
0.0
 40
0.007874
  0
CIRCLE
  5
1089
330
1F
100
AcDbEntity
  8
Top Paste
100
AcDbCircle
 10
1.5055118
 20
1.2334644
 30
0.0
 40
0.0059055
  0
CIRCLE
  5
108A
330
1F
100
AcDbEntity
  8
Top Solder
100
AcDbCircle
 10
1.5055118
 20
1.2334644
 30
0.0
 40
0.007874
  0
CIRCLE
  5
108B
330
1F
100
AcDbEntity
  8
Top Paste
100
AcDbCircle
 10
1.5311023
 20
1.2334644
 30
0.0
 40
0.0059055
  0
CIRCLE
  5
108C
330
1F
100
AcDbEntity
  8
Top Solder
100
AcDbCircle
 10
1.5311023
 20
1.2334644
 30
0.0
 40
0.007874
  0
CIRCLE
  5
108D
330
1F
100
AcDbEntity
  8
Top Paste
100
AcDbCircle
 10
1.5566929
 20
1.2334644
 30
0.0
 40
0.0059055
  0
CIRCLE
  5
108E
330
1F
100
AcDbEntity
  8
Top Solder
100
AcDbCircle
 10
1.5566929
 20
1.2334644
 30
0.0
 40
0.007874
  0
CIRCLE
  5
108F
330
1F
100
AcDbEntity
  8
Top Paste
100
AcDbCircle
 10
1.5822834
 20
1.2334644
 30
0.0
 40
0.0059055
  0
CIRCLE
  5
1090
330
1F
100
AcDbEntity
  8
Top Solder
100
AcDbCircle
 10
1.5822834
 20
1.2334644
 30
0.0
 40
0.007874
  0
CIRCLE
  5
1091
330
1F
100
AcDbEntity
  8
Top Paste
100
AcDbCircle
 10
1.2496063
 20
1.2078738
 30
0.0
 40
0.0059055
  0
CIRCLE
  5
1092
330
1F
100
AcDbEntity
  8
Top Solder
100
AcDbCircle
 10
1.2496063
 20
1.2078738
 30
0.0
 40
0.007874
  0
CIRCLE
  5
1093
330
1F
100
AcDbEntity
  8
Top Paste
100
AcDbCircle
 10
1.2751968
 20
1.2078738
 30
0.0
 40
0.0059055
  0
CIRCLE
  5
1094
330
1F
100
AcDbEntity
  8
Top Solder
100
AcDbCircle
 10
1.2751968
 20
1.2078738
 30
0.0
 40
0.007874
  0
CIRCLE
  5
1095
330
1F
100
AcDbEntity
  8
Top Paste
100
AcDbCircle
 10
1.3007874
 20
1.2078738
 30
0.0
 40
0.0059055
  0
CIRCLE
  5
1096
330
1F
100
AcDbEntity
  8
Top Solder
100
AcDbCircle
 10
1.3007874
 20
1.2078738
 30
0.0
 40
0.007874
  0
CIRCLE
  5
1097
330
1F
100
AcDbEntity
  8
Top Paste
100
AcDbCircle
 10
1.3263779
 20
1.2078738
 30
0.0
 40
0.0059055
  0
CIRCLE
  5
1098
330
1F
100
AcDbEntity
  8
Top Solder
100
AcDbCircle
 10
1.3263779
 20
1.2078738
 30
0.0
 40
0.007874
  0
CIRCLE
  5
1099
330
1F
100
AcDbEntity
  8
Top Paste
100
AcDbCircle
 10
1.3519685
 20
1.2078738
 30
0.0
 40
0.0059055
  0
CIRCLE
  5
109A
330
1F
100
AcDbEntity
  8
Top Solder
100
AcDbCircle
 10
1.3519685
 20
1.2078738
 30
0.0
 40
0.007874
  0
CIRCLE
  5
109B
330
1F
100
AcDbEntity
  8
Top Paste
100
AcDbCircle
 10
1.377559
 20
1.2078738
 30
0.0
 40
0.0059055
  0
CIRCLE
  5
109C
330
1F
100
AcDbEntity
  8
Top Solder
100
AcDbCircle
 10
1.377559
 20
1.2078738
 30
0.0
 40
0.007874
  0
CIRCLE
  5
109D
330
1F
100
AcDbEntity
  8
Top Paste
100
AcDbCircle
 10
1.4031496
 20
1.2078738
 30
0.0
 40
0.0059055
  0
CIRCLE
  5
109E
330
1F
100
AcDbEntity
  8
Top Solder
100
AcDbCircle
 10
1.4031496
 20
1.2078738
 30
0.0
 40
0.007874
  0
CIRCLE
  5
109F
330
1F
100
AcDbEntity
  8
Top Paste
100
AcDbCircle
 10
1.4287401
 20
1.2078738
 30
0.0
 40
0.0059055
  0
CIRCLE
  5
10A0
330
1F
100
AcDbEntity
  8
Top Solder
100
AcDbCircle
 10
1.4287401
 20
1.2078738
 30
0.0
 40
0.007874
  0
CIRCLE
  5
10A1
330
1F
100
AcDbEntity
  8
Top Paste
100
AcDbCircle
 10
1.4543307
 20
1.2078738
 30
0.0
 40
0.0059055
  0
CIRCLE
  5
10A2
330
1F
100
AcDbEntity
  8
Top Solder
100
AcDbCircle
 10
1.4543307
 20
1.2078738
 30
0.0
 40
0.007874
  0
CIRCLE
  5
10A3
330
1F
100
AcDbEntity
  8
Top Paste
100
AcDbCircle
 10
1.4799212
 20
1.2078738
 30
0.0
 40
0.0059055
  0
CIRCLE
  5
10A4
330
1F
100
AcDbEntity
  8
Top Solder
100
AcDbCircle
 10
1.4799212
 20
1.2078738
 30
0.0
 40
0.007874
  0
CIRCLE
  5
10A5
330
1F
100
AcDbEntity
  8
Top Paste
100
AcDbCircle
 10
1.5055118
 20
1.2078738
 30
0.0
 40
0.0059055
  0
CIRCLE
  5
10A6
330
1F
100
AcDbEntity
  8
Top Solder
100
AcDbCircle
 10
1.5055118
 20
1.2078738
 30
0.0
 40
0.007874
  0
CIRCLE
  5
10A7
330
1F
100
AcDbEntity
  8
Top Paste
100
AcDbCircle
 10
1.5311023
 20
1.2078738
 30
0.0
 40
0.0059055
  0
CIRCLE
  5
10A8
330
1F
100
AcDbEntity
  8
Top Solder
100
AcDbCircle
 10
1.5311023
 20
1.2078738
 30
0.0
 40
0.007874
  0
CIRCLE
  5
10A9
330
1F
100
AcDbEntity
  8
Top Paste
100
AcDbCircle
 10
1.5566929
 20
1.2078738
 30
0.0
 40
0.0059055
  0
CIRCLE
  5
10AA
330
1F
100
AcDbEntity
  8
Top Solder
100
AcDbCircle
 10
1.5566929
 20
1.2078738
 30
0.0
 40
0.007874
  0
CIRCLE
  5
10AB
330
1F
100
AcDbEntity
  8
Top Paste
100
AcDbCircle
 10
1.5822834
 20
1.2078738
 30
0.0
 40
0.0059055
  0
CIRCLE
  5
10AC
330
1F
100
AcDbEntity
  8
Top Solder
100
AcDbCircle
 10
1.5822834
 20
1.2078738
 30
0.0
 40
0.007874
  0
CIRCLE
  5
10AD
330
1F
100
AcDbEntity
  8
Top Paste
100
AcDbCircle
 10
1.2240157
 20
1.1822832
 30
0.0
 40
0.0059055
  0
CIRCLE
  5
10AE
330
1F
100
AcDbEntity
  8
Top Solder
100
AcDbCircle
 10
1.2240157
 20
1.1822832
 30
0.0
 40
0.007874
  0
CIRCLE
  5
10AF
330
1F
100
AcDbEntity
  8
Top Paste
100
AcDbCircle
 10
1.2496063
 20
1.1822832
 30
0.0
 40
0.0059055
  0
CIRCLE
  5
10B0
330
1F
100
AcDbEntity
  8
Top Solder
100
AcDbCircle
 10
1.2496063
 20
1.1822832
 30
0.0
 40
0.007874
  0
CIRCLE
  5
10B1
330
1F
100
AcDbEntity
  8
Top Paste
100
AcDbCircle
 10
1.2751968
 20
1.1822832
 30
0.0
 40
0.0059055
  0
CIRCLE
  5
10B2
330
1F
100
AcDbEntity
  8
Top Solder
100
AcDbCircle
 10
1.2751968
 20
1.1822832
 30
0.0
 40
0.007874
  0
CIRCLE
  5
10B3
330
1F
100
AcDbEntity
  8
Top Paste
100
AcDbCircle
 10
1.3007874
 20
1.1822832
 30
0.0
 40
0.0059055
  0
CIRCLE
  5
10B4
330
1F
100
AcDbEntity
  8
Top Solder
100
AcDbCircle
 10
1.3007874
 20
1.1822832
 30
0.0
 40
0.007874
  0
CIRCLE
  5
10B5
330
1F
100
AcDbEntity
  8
Top Paste
100
AcDbCircle
 10
1.3263779
 20
1.1822832
 30
0.0
 40
0.0059055
  0
CIRCLE
  5
10B6
330
1F
100
AcDbEntity
  8
Top Solder
100
AcDbCircle
 10
1.3263779
 20
1.1822832
 30
0.0
 40
0.007874
  0
CIRCLE
  5
10B7
330
1F
100
AcDbEntity
  8
Top Paste
100
AcDbCircle
 10
1.3519685
 20
1.1822832
 30
0.0
 40
0.0059055
  0
CIRCLE
  5
10B8
330
1F
100
AcDbEntity
  8
Top Solder
100
AcDbCircle
 10
1.3519685
 20
1.1822832
 30
0.0
 40
0.007874
  0
CIRCLE
  5
10B9
330
1F
100
AcDbEntity
  8
Top Paste
100
AcDbCircle
 10
1.377559
 20
1.1822832
 30
0.0
 40
0.0059055
  0
CIRCLE
  5
10BA
330
1F
100
AcDbEntity
  8
Top Solder
100
AcDbCircle
 10
1.377559
 20
1.1822832
 30
0.0
 40
0.007874
  0
CIRCLE
  5
10BB
330
1F
100
AcDbEntity
  8
Top Paste
100
AcDbCircle
 10
1.4031496
 20
1.1822832
 30
0.0
 40
0.0059055
  0
CIRCLE
  5
10BC
330
1F
100
AcDbEntity
  8
Top Solder
100
AcDbCircle
 10
1.4031496
 20
1.1822832
 30
0.0
 40
0.007874
  0
CIRCLE
  5
10BD
330
1F
100
AcDbEntity
  8
Top Paste
100
AcDbCircle
 10
1.4287401
 20
1.1822832
 30
0.0
 40
0.0059055
  0
CIRCLE
  5
10BE
330
1F
100
AcDbEntity
  8
Top Solder
100
AcDbCircle
 10
1.4287401
 20
1.1822832
 30
0.0
 40
0.007874
  0
CIRCLE
  5
10BF
330
1F
100
AcDbEntity
  8
Top Paste
100
AcDbCircle
 10
1.4543307
 20
1.1822832
 30
0.0
 40
0.0059055
  0
CIRCLE
  5
10C0
330
1F
100
AcDbEntity
  8
Top Solder
100
AcDbCircle
 10
1.4543307
 20
1.1822832
 30
0.0
 40
0.007874
  0
CIRCLE
  5
10C1
330
1F
100
AcDbEntity
  8
Top Paste
100
AcDbCircle
 10
1.4799212
 20
1.1822832
 30
0.0
 40
0.0059055
  0
CIRCLE
  5
10C2
330
1F
100
AcDbEntity
  8
Top Solder
100
AcDbCircle
 10
1.4799212
 20
1.1822832
 30
0.0
 40
0.007874
  0
CIRCLE
  5
10C3
330
1F
100
AcDbEntity
  8
Top Paste
100
AcDbCircle
 10
1.5055118
 20
1.1822832
 30
0.0
 40
0.0059055
  0
CIRCLE
  5
10C4
330
1F
100
AcDbEntity
  8
Top Solder
100
AcDbCircle
 10
1.5055118
 20
1.1822832
 30
0.0
 40
0.007874
  0
CIRCLE
  5
10C5
330
1F
100
AcDbEntity
  8
Top Paste
100
AcDbCircle
 10
1.5311023
 20
1.1822832
 30
0.0
 40
0.0059055
  0
CIRCLE
  5
10C6
330
1F
100
AcDbEntity
  8
Top Solder
100
AcDbCircle
 10
1.5311023
 20
1.1822832
 30
0.0
 40
0.007874
  0
CIRCLE
  5
10C7
330
1F
100
AcDbEntity
  8
Top Paste
100
AcDbCircle
 10
1.5566929
 20
1.1822832
 30
0.0
 40
0.0059055
  0
CIRCLE
  5
10C8
330
1F
100
AcDbEntity
  8
Top Solder
100
AcDbCircle
 10
1.5566929
 20
1.1822832
 30
0.0
 40
0.007874
  0
CIRCLE
  5
10C9
330
1F
100
AcDbEntity
  8
Top Paste
100
AcDbCircle
 10
1.5822834
 20
1.1822832
 30
0.0
 40
0.0059055
  0
CIRCLE
  5
10CA
330
1F
100
AcDbEntity
  8
Top Solder
100
AcDbCircle
 10
1.5822834
 20
1.1822832
 30
0.0
 40
0.007874
  0
LINE
  5
10CB
330
1F
100
AcDbEntity
  8
Top Overlay
100
AcDbLine
 10
0.170865
 20
2.0533467
 30
0.0
 11
0.336219
 21
2.0533457
 31
0.0
  0
LINE
  5
10CC
330
1F
100
AcDbEntity
  8
Top Overlay
100
AcDbLine
 10
0.170865
 20
2.1872047
 30
0.0
 11
0.336219
 21
2.1872057
 31
0.0
  0
LINE
  5
10CD
330
1F
100
AcDbEntity
  8
Top Overlay
100
AcDbLine
 10
0.336219
 20
2.0533457
 30
0.0
 11
0.336219
 21
2.0560577
 31
0.0
  0
LINE
  5
10CE
330
1F
100
AcDbEntity
  8
Top Overlay
100
AcDbLine
 10
0.336219
 20
2.0998477
 30
0.0
 11
0.336219
 21
2.1407037
 31
0.0
  0
LINE
  5
10CF
330
1F
100
AcDbEntity
  8
Top Overlay
100
AcDbLine
 10
0.336219
 20
2.1844937
 30
0.0
 11
0.336219
 21
2.1872057
 31
0.0
  0
LINE
  5
10D0
330
1F
100
AcDbEntity
  8
Top Overlay
100
AcDbLine
 10
0.170865
 20
2.0533467
 30
0.0
 11
0.170865
 21
2.0560577
 31
0.0
  0
LINE
  5
10D1
330
1F
100
AcDbEntity
  8
Top Overlay
100
AcDbLine
 10
0.170865
 20
2.0998477
 30
0.0
 11
0.170865
 21
2.1407037
 31
0.0
  0
LINE
  5
10D2
330
1F
100
AcDbEntity
  8
Top Overlay
100
AcDbLine
 10
0.170865
 20
2.1844937
 30
0.0
 11
0.170865
 21
2.1872047
 31
0.0
  0
LINE
  5
10D3
330
1F
100
AcDbEntity
  8
Top Overlay
100
AcDbLine
 10
0.223542
 20
2.0952757
 30
0.0
 11
0.283542
 21
2.0952757
 31
0.0
  0
LINE
  5
10D4
330
1F
100
AcDbEntity
  8
Top Overlay
100
AcDbLine
 10
0.223541
 20
2.1452747
 30
0.0
 11
0.283541
 21
2.1452747
 31
0.0
  0
ARC
  5
10D5
330
1F
100
AcDbEntity
  8
Top Overlay
100
AcDbCircle
 10
0.283565
 20
2.1202637
 30
0.0
 40
0.025011
100
AcDbArc
 50
270.1000000000001
 51
90.10000000000002
  0
ARC
  5
10D6
330
1F
100
AcDbEntity
  8
Top Overlay
100
AcDbCircle
 10
0.2237218
 20
2.1202641
 30
0.0
 40
0.024989
100
AcDbArc
 50
90.30000000000003
 51
269.6
  0
LINE
  5
10D7
330
1F
100
AcDbEntity
  8
Top Paste
100
AcDbLine
 10
0.1905525
 20
2.0917322
 30
0.0
 11
0.1905525
 21
2.0641732
 31
0.0
  0
LINE
  5
10D8
330
1F
100
AcDbEntity
  8
Top Paste
100
AcDbLine
 10
0.1905525
 20
2.0641732
 30
0.0
 11
0.1393715
 21
2.0641732
 31
0.0
  0
LINE
  5
10D9
330
1F
100
AcDbEntity
  8
Top Paste
100
AcDbLine
 10
0.1393715
 20
2.0641732
 30
0.0
 11
0.1393715
 21
2.0917322
 31
0.0
  0
LINE
  5
10DA
330
1F
100
AcDbEntity
  8
Top Paste
100
AcDbLine
 10
0.1393715
 20
2.0917322
 30
0.0
 11
0.1905525
 21
2.0917322
 31
0.0
  0
LINE
  5
10DB
330
1F
100
AcDbEntity
  8
Top Solder
100
AcDbLine
 10
0.1945525
 20
2.0957322
 30
0.0
 11
0.1945525
 21
2.0601732
 31
0.0
  0
LINE
  5
10DC
330
1F
100
AcDbEntity
  8
Top Solder
100
AcDbLine
 10
0.1945525
 20
2.0601732
 30
0.0
 11
0.1353715
 21
2.0601732
 31
0.0
  0
LINE
  5
10DD
330
1F
100
AcDbEntity
  8
Top Solder
100
AcDbLine
 10
0.1353715
 20
2.0601732
 30
0.0
 11
0.1353715
 21
2.0957322
 31
0.0
  0
LINE
  5
10DE
330
1F
100
AcDbEntity
  8
Top Solder
100
AcDbLine
 10
0.1353715
 20
2.0957322
 30
0.0
 11
0.1945525
 21
2.0957322
 31
0.0
  0
LINE
  5
10DF
330
1F
100
AcDbEntity
  8
Top Paste
100
AcDbLine
 10
0.3677165
 20
2.1763822
 30
0.0
 11
0.3677165
 21
2.1488232
 31
0.0
  0
LINE
  5
10E0
330
1F
100
AcDbEntity
  8
Top Paste
100
AcDbLine
 10
0.3677165
 20
2.1488232
 30
0.0
 11
0.3165355
 21
2.1488232
 31
0.0
  0
LINE
  5
10E1
330
1F
100
AcDbEntity
  8
Top Paste
100
AcDbLine
 10
0.3165355
 20
2.1488232
 30
0.0
 11
0.3165355
 21
2.1763822
 31
0.0
  0
LINE
  5
10E2
330
1F
100
AcDbEntity
  8
Top Paste
100
AcDbLine
 10
0.3165355
 20
2.1763822
 30
0.0
 11
0.3677165
 21
2.1763822
 31
0.0
  0
LINE
  5
10E3
330
1F
100
AcDbEntity
  8
Top Solder
100
AcDbLine
 10
0.3717165
 20
2.1803822
 30
0.0
 11
0.3717165
 21
2.1448232
 31
0.0
  0
LINE
  5
10E4
330
1F
100
AcDbEntity
  8
Top Solder
100
AcDbLine
 10
0.3717165
 20
2.1448232
 30
0.0
 11
0.3125355
 21
2.1448232
 31
0.0
  0
LINE
  5
10E5
330
1F
100
AcDbEntity
  8
Top Solder
100
AcDbLine
 10
0.3125355
 20
2.1448232
 30
0.0
 11
0.3125355
 21
2.1803822
 31
0.0
  0
LINE
  5
10E6
330
1F
100
AcDbEntity
  8
Top Solder
100
AcDbLine
 10
0.3125355
 20
2.1803822
 30
0.0
 11
0.3717165
 21
2.1803822
 31
0.0
  0
LINE
  5
10E7
330
1F
100
AcDbEntity
  8
Top Paste
100
AcDbLine
 10
0.1905525
 20
2.1763822
 30
0.0
 11
0.1905525
 21
2.1488232
 31
0.0
  0
LINE
  5
10E8
330
1F
100
AcDbEntity
  8
Top Paste
100
AcDbLine
 10
0.1905525
 20
2.1488232
 30
0.0
 11
0.1393715
 21
2.1488232
 31
0.0
  0
LINE
  5
10E9
330
1F
100
AcDbEntity
  8
Top Paste
100
AcDbLine
 10
0.1393715
 20
2.1488232
 30
0.0
 11
0.1393715
 21
2.1763822
 31
0.0
  0
LINE
  5
10EA
330
1F
100
AcDbEntity
  8
Top Paste
100
AcDbLine
 10
0.1393715
 20
2.1763822
 30
0.0
 11
0.1905525
 21
2.1763822
 31
0.0
  0
LINE
  5
10EB
330
1F
100
AcDbEntity
  8
Top Solder
100
AcDbLine
 10
0.1945525
 20
2.1803822
 30
0.0
 11
0.1945525
 21
2.1448232
 31
0.0
  0
LINE
  5
10EC
330
1F
100
AcDbEntity
  8
Top Solder
100
AcDbLine
 10
0.1945525
 20
2.1448232
 30
0.0
 11
0.1353715
 21
2.1448232
 31
0.0
  0
LINE
  5
10ED
330
1F
100
AcDbEntity
  8
Top Solder
100
AcDbLine
 10
0.1353715
 20
2.1448232
 30
0.0
 11
0.1353715
 21
2.1803822
 31
0.0
  0
LINE
  5
10EE
330
1F
100
AcDbEntity
  8
Top Solder
100
AcDbLine
 10
0.1353715
 20
2.1803822
 30
0.0
 11
0.1945525
 21
2.1803822
 31
0.0
  0
LINE
  5
10EF
330
1F
100
AcDbEntity
  8
Top Paste
100
AcDbLine
 10
0.3677165
 20
2.0917322
 30
0.0
 11
0.3677165
 21
2.0641732
 31
0.0
  0
LINE
  5
10F0
330
1F
100
AcDbEntity
  8
Top Paste
100
AcDbLine
 10
0.3677165
 20
2.0641732
 30
0.0
 11
0.3165355
 21
2.0641732
 31
0.0
  0
LINE
  5
10F1
330
1F
100
AcDbEntity
  8
Top Paste
100
AcDbLine
 10
0.3165355
 20
2.0641732
 30
0.0
 11
0.3165355
 21
2.0917322
 31
0.0
  0
LINE
  5
10F2
330
1F
100
AcDbEntity
  8
Top Paste
100
AcDbLine
 10
0.3165355
 20
2.0917322
 30
0.0
 11
0.3677165
 21
2.0917322
 31
0.0
  0
LINE
  5
10F3
330
1F
100
AcDbEntity
  8
Top Solder
100
AcDbLine
 10
0.3717165
 20
2.0957322
 30
0.0
 11
0.3717165
 21
2.0601732
 31
0.0
  0
LINE
  5
10F4
330
1F
100
AcDbEntity
  8
Top Solder
100
AcDbLine
 10
0.3717165
 20
2.0601732
 30
0.0
 11
0.3125355
 21
2.0601732
 31
0.0
  0
LINE
  5
10F5
330
1F
100
AcDbEntity
  8
Top Solder
100
AcDbLine
 10
0.3125355
 20
2.0601732
 30
0.0
 11
0.3125355
 21
2.0957322
 31
0.0
  0
LINE
  5
10F6
330
1F
100
AcDbEntity
  8
Top Solder
100
AcDbLine
 10
0.3125355
 20
2.0957322
 30
0.0
 11
0.3717165
 21
2.0957322
 31
0.0
  0
TEXT
  5
10F7
330
1F
100
AcDbEntity
  8
Top Overlay
100
AcDbText
 10
0.1395484
 20
2.2111027
 30
0.0
 40
0.0472441
  1
KEY_WAUP
  7
Arial_Bold
100
AcDbText
  0
LINE
  5
10F8
330
1F
100
AcDbEntity
  8
Top Overlay
100
AcDbLine
 10
0.174802
 20
1.8208643
 30
0.0
 11
0.340156
 21
1.8208633
 31
0.0
  0
LINE
  5
10F9
330
1F
100
AcDbEntity
  8
Top Overlay
100
AcDbLine
 10
0.174802
 20
1.9547223
 30
0.0
 11
0.340156
 21
1.9547233
 31
0.0
  0
LINE
  5
10FA
330
1F
100
AcDbEntity
  8
Top Overlay
100
AcDbLine
 10
0.340156
 20
1.8208633
 30
0.0
 11
0.340156
 21
1.8235753
 31
0.0
  0
LINE
  5
10FB
330
1F
100
AcDbEntity
  8
Top Overlay
100
AcDbLine
 10
0.340156
 20
1.8673653
 30
0.0
 11
0.340156
 21
1.9082213
 31
0.0
  0
LINE
  5
10FC
330
1F
100
AcDbEntity
  8
Top Overlay
100
AcDbLine
 10
0.340156
 20
1.9520113
 30
0.0
 11
0.340156
 21
1.9547233
 31
0.0
  0
LINE
  5
10FD
330
1F
100
AcDbEntity
  8
Top Overlay
100
AcDbLine
 10
0.174802
 20
1.8208643
 30
0.0
 11
0.174802
 21
1.8235753
 31
0.0
  0
LINE
  5
10FE
330
1F
100
AcDbEntity
  8
Top Overlay
100
AcDbLine
 10
0.174802
 20
1.8673653
 30
0.0
 11
0.174802
 21
1.9082213
 31
0.0
  0
LINE
  5
10FF
330
1F
100
AcDbEntity
  8
Top Overlay
100
AcDbLine
 10
0.174802
 20
1.9520113
 30
0.0
 11
0.174802
 21
1.9547223
 31
0.0
  0
LINE
  5
1100
330
1F
100
AcDbEntity
  8
Top Overlay
100
AcDbLine
 10
0.227479
 20
1.8627933
 30
0.0
 11
0.287479
 21
1.8627933
 31
0.0
  0
LINE
  5
1101
330
1F
100
AcDbEntity
  8
Top Overlay
100
AcDbLine
 10
0.227478
 20
1.9127923
 30
0.0
 11
0.287478
 21
1.9127923
 31
0.0
  0
ARC
  5
1102
330
1F
100
AcDbEntity
  8
Top Overlay
100
AcDbCircle
 10
0.287502
 20
1.8877813
 30
0.0
 40
0.025011
100
AcDbArc
 50
270.1000000000001
 51
90.10000000000002
  0
ARC
  5
1103
330
1F
100
AcDbEntity
  8
Top Overlay
100
AcDbCircle
 10
0.2276588
 20
1.8877817
 30
0.0
 40
0.024989
100
AcDbArc
 50
90.30000000000003
 51
269.6
  0
LINE
  5
1104
330
1F
100
AcDbEntity
  8
Top Paste
100
AcDbLine
 10
0.1944895
 20
1.8592498
 30
0.0
 11
0.1944895
 21
1.8316908
 31
0.0
  0
LINE
  5
1105
330
1F
100
AcDbEntity
  8
Top Paste
100
AcDbLine
 10
0.1944895
 20
1.8316908
 30
0.0
 11
0.1433085
 21
1.8316908
 31
0.0
  0
LINE
  5
1106
330
1F
100
AcDbEntity
  8
Top Paste
100
AcDbLine
 10
0.1433085
 20
1.8316908
 30
0.0
 11
0.1433085
 21
1.8592498
 31
0.0
  0
LINE
  5
1107
330
1F
100
AcDbEntity
  8
Top Paste
100
AcDbLine
 10
0.1433085
 20
1.8592498
 30
0.0
 11
0.1944895
 21
1.8592498
 31
0.0
  0
LINE
  5
1108
330
1F
100
AcDbEntity
  8
Top Solder
100
AcDbLine
 10
0.1984895
 20
1.8632498
 30
0.0
 11
0.1984895
 21
1.8276908
 31
0.0
  0
LINE
  5
1109
330
1F
100
AcDbEntity
  8
Top Solder
100
AcDbLine
 10
0.1984895
 20
1.8276908
 30
0.0
 11
0.1393085
 21
1.8276908
 31
0.0
  0
LINE
  5
110A
330
1F
100
AcDbEntity
  8
Top Solder
100
AcDbLine
 10
0.1393085
 20
1.8276908
 30
0.0
 11
0.1393085
 21
1.8632498
 31
0.0
  0
LINE
  5
110B
330
1F
100
AcDbEntity
  8
Top Solder
100
AcDbLine
 10
0.1393085
 20
1.8632498
 30
0.0
 11
0.1984895
 21
1.8632498
 31
0.0
  0
LINE
  5
110C
330
1F
100
AcDbEntity
  8
Top Paste
100
AcDbLine
 10
0.3716535
 20
1.9438998
 30
0.0
 11
0.3716535
 21
1.9163408
 31
0.0
  0
LINE
  5
110D
330
1F
100
AcDbEntity
  8
Top Paste
100
AcDbLine
 10
0.3716535
 20
1.9163408
 30
0.0
 11
0.3204725
 21
1.9163408
 31
0.0
  0
LINE
  5
110E
330
1F
100
AcDbEntity
  8
Top Paste
100
AcDbLine
 10
0.3204725
 20
1.9163408
 30
0.0
 11
0.3204725
 21
1.9438998
 31
0.0
  0
LINE
  5
110F
330
1F
100
AcDbEntity
  8
Top Paste
100
AcDbLine
 10
0.3204725
 20
1.9438998
 30
0.0
 11
0.3716535
 21
1.9438998
 31
0.0
  0
LINE
  5
1110
330
1F
100
AcDbEntity
  8
Top Solder
100
AcDbLine
 10
0.3756535
 20
1.9478998
 30
0.0
 11
0.3756535
 21
1.9123408
 31
0.0
  0
LINE
  5
1111
330
1F
100
AcDbEntity
  8
Top Solder
100
AcDbLine
 10
0.3756535
 20
1.9123408
 30
0.0
 11
0.3164725
 21
1.9123408
 31
0.0
  0
LINE
  5
1112
330
1F
100
AcDbEntity
  8
Top Solder
100
AcDbLine
 10
0.3164725
 20
1.9123408
 30
0.0
 11
0.3164725
 21
1.9478998
 31
0.0
  0
LINE
  5
1113
330
1F
100
AcDbEntity
  8
Top Solder
100
AcDbLine
 10
0.3164725
 20
1.9478998
 30
0.0
 11
0.3756535
 21
1.9478998
 31
0.0
  0
LINE
  5
1114
330
1F
100
AcDbEntity
  8
Top Paste
100
AcDbLine
 10
0.1944895
 20
1.9438998
 30
0.0
 11
0.1944895
 21
1.9163408
 31
0.0
  0
LINE
  5
1115
330
1F
100
AcDbEntity
  8
Top Paste
100
AcDbLine
 10
0.1944895
 20
1.9163408
 30
0.0
 11
0.1433085
 21
1.9163408
 31
0.0
  0
LINE
  5
1116
330
1F
100
AcDbEntity
  8
Top Paste
100
AcDbLine
 10
0.1433085
 20
1.9163408
 30
0.0
 11
0.1433085
 21
1.9438998
 31
0.0
  0
LINE
  5
1117
330
1F
100
AcDbEntity
  8
Top Paste
100
AcDbLine
 10
0.1433085
 20
1.9438998
 30
0.0
 11
0.1944895
 21
1.9438998
 31
0.0
  0
LINE
  5
1118
330
1F
100
AcDbEntity
  8
Top Solder
100
AcDbLine
 10
0.1984895
 20
1.9478998
 30
0.0
 11
0.1984895
 21
1.9123408
 31
0.0
  0
LINE
  5
1119
330
1F
100
AcDbEntity
  8
Top Solder
100
AcDbLine
 10
0.1984895
 20
1.9123408
 30
0.0
 11
0.1393085
 21
1.9123408
 31
0.0
  0
LINE
  5
111A
330
1F
100
AcDbEntity
  8
Top Solder
100
AcDbLine
 10
0.1393085
 20
1.9123408
 30
0.0
 11
0.1393085
 21
1.9478998
 31
0.0
  0
LINE
  5
111B
330
1F
100
AcDbEntity
  8
Top Solder
100
AcDbLine
 10
0.1393085
 20
1.9478998
 30
0.0
 11
0.1984895
 21
1.9478998
 31
0.0
  0
LINE
  5
111C
330
1F
100
AcDbEntity
  8
Top Paste
100
AcDbLine
 10
0.3716535
 20
1.8592498
 30
0.0
 11
0.3716535
 21
1.8316908
 31
0.0
  0
LINE
  5
111D
330
1F
100
AcDbEntity
  8
Top Paste
100
AcDbLine
 10
0.3716535
 20
1.8316908
 30
0.0
 11
0.3204725
 21
1.8316908
 31
0.0
  0
LINE
  5
111E
330
1F
100
AcDbEntity
  8
Top Paste
100
AcDbLine
 10
0.3204725
 20
1.8316908
 30
0.0
 11
0.3204725
 21
1.8592498
 31
0.0
  0
LINE
  5
111F
330
1F
100
AcDbEntity
  8
Top Paste
100
AcDbLine
 10
0.3204725
 20
1.8592498
 30
0.0
 11
0.3716535
 21
1.8592498
 31
0.0
  0
LINE
  5
1120
330
1F
100
AcDbEntity
  8
Top Solder
100
AcDbLine
 10
0.3756535
 20
1.8632498
 30
0.0
 11
0.3756535
 21
1.8276908
 31
0.0
  0
LINE
  5
1121
330
1F
100
AcDbEntity
  8
Top Solder
100
AcDbLine
 10
0.3756535
 20
1.8276908
 30
0.0
 11
0.3164725
 21
1.8276908
 31
0.0
  0
LINE
  5
1122
330
1F
100
AcDbEntity
  8
Top Solder
100
AcDbLine
 10
0.3164725
 20
1.8276908
 30
0.0
 11
0.3164725
 21
1.8632498
 31
0.0
  0
LINE
  5
1123
330
1F
100
AcDbEntity
  8
Top Solder
100
AcDbLine
 10
0.3164725
 20
1.8632498
 30
0.0
 11
0.3756535
 21
1.8632498
 31
0.0
  0
TEXT
  5
1124
330
1F
100
AcDbEntity
  8
Top Overlay
100
AcDbText
 10
0.1358733
 20
1.9805223
 30
0.0
 40
0.0472441
  1
KEY_RESET
  7
Arial_Bold
100
AcDbText
  0
LINE
  5
1125
330
1F
100
AcDbEntity
  8
Top Overlay
100
AcDbLine
 10
1.7851496
 20
1.5571575
 30
0.0
 11
1.8731496
 21
1.5571575
 31
0.0
  0
LINE
  5
1126
330
1F
100
AcDbEntity
  8
Top Overlay
100
AcDbLine
 10
1.7851496
 20
1.5231575
 30
0.0
 11
1.8731496
 21
1.5231575
 31
0.0
  0
LINE
  5
1127
330
1F
100
AcDbEntity
  8
Top Overlay
100
AcDbLine
 10
1.7851496
 20
1.5231575
 30
0.0
 11
1.7851496
 21
1.5571575
 31
0.0
  0
LINE
  5
1128
330
1F
100
AcDbEntity
  8
Top Overlay
100
AcDbLine
 10
1.8731496
 20
1.5231575
 30
0.0
 11
1.8731496
 21
1.5571575
 31
0.0
  0
LINE
  5
1129
330
1F
100
AcDbEntity
  8
Top Paste
100
AcDbLine
 10
1.7921496
 20
1.5501575
 30
0.0
 11
1.8181496
 21
1.5501575
 31
0.0
  0
LINE
  5
112A
330
1F
100
AcDbEntity
  8
Top Paste
100
AcDbLine
 10
1.8181496
 20
1.5501575
 30
0.0
 11
1.8181496
 21
1.5301575
 31
0.0
  0
LINE
  5
112B
330
1F
100
AcDbEntity
  8
Top Paste
100
AcDbLine
 10
1.8181496
 20
1.5301575
 30
0.0
 11
1.7921496
 21
1.5301575
 31
0.0
  0
LINE
  5
112C
330
1F
100
AcDbEntity
  8
Top Paste
100
AcDbLine
 10
1.7921496
 20
1.5301575
 30
0.0
 11
1.7921496
 21
1.5501575
 31
0.0
  0
LINE
  5
112D
330
1F
100
AcDbEntity
  8
Top Solder
100
AcDbLine
 10
1.7881496
 20
1.5541575
 30
0.0
 11
1.8221496
 21
1.5541575
 31
0.0
  0
LINE
  5
112E
330
1F
100
AcDbEntity
  8
Top Solder
100
AcDbLine
 10
1.8221496
 20
1.5541575
 30
0.0
 11
1.8221496
 21
1.5261575
 31
0.0
  0
LINE
  5
112F
330
1F
100
AcDbEntity
  8
Top Solder
100
AcDbLine
 10
1.8221496
 20
1.5261575
 30
0.0
 11
1.7881496
 21
1.5261575
 31
0.0
  0
LINE
  5
1130
330
1F
100
AcDbEntity
  8
Top Solder
100
AcDbLine
 10
1.7881496
 20
1.5261575
 30
0.0
 11
1.7881496
 21
1.5541575
 31
0.0
  0
LINE
  5
1131
330
1F
100
AcDbEntity
  8
Top Paste
100
AcDbLine
 10
1.8401496
 20
1.5501575
 30
0.0
 11
1.8661496
 21
1.5501575
 31
0.0
  0
LINE
  5
1132
330
1F
100
AcDbEntity
  8
Top Paste
100
AcDbLine
 10
1.8661496
 20
1.5501575
 30
0.0
 11
1.8661496
 21
1.5301575
 31
0.0
  0
LINE
  5
1133
330
1F
100
AcDbEntity
  8
Top Paste
100
AcDbLine
 10
1.8661496
 20
1.5301575
 30
0.0
 11
1.8401496
 21
1.5301575
 31
0.0
  0
LINE
  5
1134
330
1F
100
AcDbEntity
  8
Top Paste
100
AcDbLine
 10
1.8401496
 20
1.5301575
 30
0.0
 11
1.8401496
 21
1.5501575
 31
0.0
  0
LINE
  5
1135
330
1F
100
AcDbEntity
  8
Top Solder
100
AcDbLine
 10
1.8361496
 20
1.5541575
 30
0.0
 11
1.8701496
 21
1.5541575
 31
0.0
  0
LINE
  5
1136
330
1F
100
AcDbEntity
  8
Top Solder
100
AcDbLine
 10
1.8701496
 20
1.5541575
 30
0.0
 11
1.8701496
 21
1.5261575
 31
0.0
  0
LINE
  5
1137
330
1F
100
AcDbEntity
  8
Top Solder
100
AcDbLine
 10
1.8701496
 20
1.5261575
 30
0.0
 11
1.8361496
 21
1.5261575
 31
0.0
  0
LINE
  5
1138
330
1F
100
AcDbEntity
  8
Top Solder
100
AcDbLine
 10
1.8361496
 20
1.5261575
 30
0.0
 11
1.8361496
 21
1.5541575
 31
0.0
  0
LINE
  5
1139
330
1F
100
AcDbEntity
  8
Top Overlay
100
AcDbLine
 10
2.1969449
 20
1.3857559
 30
0.0
 11
2.2849449
 21
1.3857559
 31
0.0
  0
LINE
  5
113A
330
1F
100
AcDbEntity
  8
Top Overlay
100
AcDbLine
 10
2.1969449
 20
1.4197559
 30
0.0
 11
2.2849449
 21
1.4197559
 31
0.0
  0
LINE
  5
113B
330
1F
100
AcDbEntity
  8
Top Overlay
100
AcDbLine
 10
2.2849449
 20
1.3857559
 30
0.0
 11
2.2849449
 21
1.4197559
 31
0.0
  0
LINE
  5
113C
330
1F
100
AcDbEntity
  8
Top Overlay
100
AcDbLine
 10
2.1969449
 20
1.3857559
 30
0.0
 11
2.1969449
 21
1.4197559
 31
0.0
  0
LINE
  5
113D
330
1F
100
AcDbEntity
  8
Top Paste
100
AcDbLine
 10
2.2779449
 20
1.3927559
 30
0.0
 11
2.2519449
 21
1.3927559
 31
0.0
  0
LINE
  5
113E
330
1F
100
AcDbEntity
  8
Top Paste
100
AcDbLine
 10
2.2519449
 20
1.3927559
 30
0.0
 11
2.2519449
 21
1.4127559
 31
0.0
  0
LINE
  5
113F
330
1F
100
AcDbEntity
  8
Top Paste
100
AcDbLine
 10
2.2519449
 20
1.4127559
 30
0.0
 11
2.2779449
 21
1.4127559
 31
0.0
  0
LINE
  5
1140
330
1F
100
AcDbEntity
  8
Top Paste
100
AcDbLine
 10
2.2779449
 20
1.4127559
 30
0.0
 11
2.2779449
 21
1.3927559
 31
0.0
  0
LINE
  5
1141
330
1F
100
AcDbEntity
  8
Top Solder
100
AcDbLine
 10
2.2819449
 20
1.3887559
 30
0.0
 11
2.2479449
 21
1.3887559
 31
0.0
  0
LINE
  5
1142
330
1F
100
AcDbEntity
  8
Top Solder
100
AcDbLine
 10
2.2479449
 20
1.3887559
 30
0.0
 11
2.2479449
 21
1.4167559
 31
0.0
  0
LINE
  5
1143
330
1F
100
AcDbEntity
  8
Top Solder
100
AcDbLine
 10
2.2479449
 20
1.4167559
 30
0.0
 11
2.2819449
 21
1.4167559
 31
0.0
  0
LINE
  5
1144
330
1F
100
AcDbEntity
  8
Top Solder
100
AcDbLine
 10
2.2819449
 20
1.4167559
 30
0.0
 11
2.2819449
 21
1.3887559
 31
0.0
  0
LINE
  5
1145
330
1F
100
AcDbEntity
  8
Top Paste
100
AcDbLine
 10
2.2299449
 20
1.3927559
 30
0.0
 11
2.2039449
 21
1.3927559
 31
0.0
  0
LINE
  5
1146
330
1F
100
AcDbEntity
  8
Top Paste
100
AcDbLine
 10
2.2039449
 20
1.3927559
 30
0.0
 11
2.2039449
 21
1.4127559
 31
0.0
  0
LINE
  5
1147
330
1F
100
AcDbEntity
  8
Top Paste
100
AcDbLine
 10
2.2039449
 20
1.4127559
 30
0.0
 11
2.2299449
 21
1.4127559
 31
0.0
  0
LINE
  5
1148
330
1F
100
AcDbEntity
  8
Top Paste
100
AcDbLine
 10
2.2299449
 20
1.4127559
 30
0.0
 11
2.2299449
 21
1.3927559
 31
0.0
  0
LINE
  5
1149
330
1F
100
AcDbEntity
  8
Top Solder
100
AcDbLine
 10
2.2339449
 20
1.3887559
 30
0.0
 11
2.1999449
 21
1.3887559
 31
0.0
  0
LINE
  5
114A
330
1F
100
AcDbEntity
  8
Top Solder
100
AcDbLine
 10
2.1999449
 20
1.3887559
 30
0.0
 11
2.1999449
 21
1.4167559
 31
0.0
  0
LINE
  5
114B
330
1F
100
AcDbEntity
  8
Top Solder
100
AcDbLine
 10
2.1999449
 20
1.4167559
 30
0.0
 11
2.2339449
 21
1.4167559
 31
0.0
  0
LINE
  5
114C
330
1F
100
AcDbEntity
  8
Top Solder
100
AcDbLine
 10
2.2339449
 20
1.4167559
 30
0.0
 11
2.2339449
 21
1.3887559
 31
0.0
  0
LINE
  5
114D
330
1F
100
AcDbEntity
  8
Top Overlay
100
AcDbLine
 10
2.0249683
 20
1.2154488
 30
0.0
 11
2.0249683
 21
1.3034488
 31
0.0
  0
LINE
  5
114E
330
1F
100
AcDbEntity
  8
Top Overlay
100
AcDbLine
 10
2.0589683
 20
1.2154488
 30
0.0
 11
2.0589683
 21
1.3034488
 31
0.0
  0
LINE
  5
114F
330
1F
100
AcDbEntity
  8
Top Overlay
100
AcDbLine
 10
2.0249683
 20
1.2154488
 30
0.0
 11
2.0589683
 21
1.2154488
 31
0.0
  0
LINE
  5
1150
330
1F
100
AcDbEntity
  8
Top Overlay
100
AcDbLine
 10
2.0249683
 20
1.3034488
 30
0.0
 11
2.0589683
 21
1.3034488
 31
0.0
  0
LINE
  5
1151
330
1F
100
AcDbEntity
  8
Top Paste
100
AcDbLine
 10
2.0319683
 20
1.2224488
 30
0.0
 11
2.0319683
 21
1.2484488
 31
0.0
  0
LINE
  5
1152
330
1F
100
AcDbEntity
  8
Top Paste
100
AcDbLine
 10
2.0319683
 20
1.2484488
 30
0.0
 11
2.0519683
 21
1.2484488
 31
0.0
  0
LINE
  5
1153
330
1F
100
AcDbEntity
  8
Top Paste
100
AcDbLine
 10
2.0519683
 20
1.2484488
 30
0.0
 11
2.0519683
 21
1.2224488
 31
0.0
  0
LINE
  5
1154
330
1F
100
AcDbEntity
  8
Top Paste
100
AcDbLine
 10
2.0519683
 20
1.2224488
 30
0.0
 11
2.0319683
 21
1.2224488
 31
0.0
  0
LINE
  5
1155
330
1F
100
AcDbEntity
  8
Top Solder
100
AcDbLine
 10
2.0279683
 20
1.2184488
 30
0.0
 11
2.0279683
 21
1.2524488
 31
0.0
  0
LINE
  5
1156
330
1F
100
AcDbEntity
  8
Top Solder
100
AcDbLine
 10
2.0279683
 20
1.2524488
 30
0.0
 11
2.0559683
 21
1.2524488
 31
0.0
  0
LINE
  5
1157
330
1F
100
AcDbEntity
  8
Top Solder
100
AcDbLine
 10
2.0559683
 20
1.2524488
 30
0.0
 11
2.0559683
 21
1.2184488
 31
0.0
  0
LINE
  5
1158
330
1F
100
AcDbEntity
  8
Top Solder
100
AcDbLine
 10
2.0559683
 20
1.2184488
 30
0.0
 11
2.0279683
 21
1.2184488
 31
0.0
  0
LINE
  5
1159
330
1F
100
AcDbEntity
  8
Top Paste
100
AcDbLine
 10
2.0319683
 20
1.2704488
 30
0.0
 11
2.0319683
 21
1.2964488
 31
0.0
  0
LINE
  5
115A
330
1F
100
AcDbEntity
  8
Top Paste
100
AcDbLine
 10
2.0319683
 20
1.2964488
 30
0.0
 11
2.0519683
 21
1.2964488
 31
0.0
  0
LINE
  5
115B
330
1F
100
AcDbEntity
  8
Top Paste
100
AcDbLine
 10
2.0519683
 20
1.2964488
 30
0.0
 11
2.0519683
 21
1.2704488
 31
0.0
  0
LINE
  5
115C
330
1F
100
AcDbEntity
  8
Top Paste
100
AcDbLine
 10
2.0519683
 20
1.2704488
 30
0.0
 11
2.0319683
 21
1.2704488
 31
0.0
  0
LINE
  5
115D
330
1F
100
AcDbEntity
  8
Top Solder
100
AcDbLine
 10
2.0279683
 20
1.2664488
 30
0.0
 11
2.0279683
 21
1.3004488
 31
0.0
  0
LINE
  5
115E
330
1F
100
AcDbEntity
  8
Top Solder
100
AcDbLine
 10
2.0279683
 20
1.3004488
 30
0.0
 11
2.0559683
 21
1.3004488
 31
0.0
  0
LINE
  5
115F
330
1F
100
AcDbEntity
  8
Top Solder
100
AcDbLine
 10
2.0559683
 20
1.3004488
 30
0.0
 11
2.0559683
 21
1.2664488
 31
0.0
  0
LINE
  5
1160
330
1F
100
AcDbEntity
  8
Top Solder
100
AcDbLine
 10
2.0559683
 20
1.2664488
 30
0.0
 11
2.0279683
 21
1.2664488
 31
0.0
  0
LINE
  5
1161
330
1F
100
AcDbEntity
  8
Top Overlay
100
AcDbLine
 10
1.983866
 20
1.2154488
 30
0.0
 11
1.983866
 21
1.3034488
 31
0.0
  0
LINE
  5
1162
330
1F
100
AcDbEntity
  8
Top Overlay
100
AcDbLine
 10
2.017866
 20
1.2154488
 30
0.0
 11
2.017866
 21
1.3034488
 31
0.0
  0
LINE
  5
1163
330
1F
100
AcDbEntity
  8
Top Overlay
100
AcDbLine
 10
1.983866
 20
1.2154488
 30
0.0
 11
2.017866
 21
1.2154488
 31
0.0
  0
LINE
  5
1164
330
1F
100
AcDbEntity
  8
Top Overlay
100
AcDbLine
 10
1.983866
 20
1.3034488
 30
0.0
 11
2.017866
 21
1.3034488
 31
0.0
  0
LINE
  5
1165
330
1F
100
AcDbEntity
  8
Top Paste
100
AcDbLine
 10
1.990866
 20
1.2224488
 30
0.0
 11
1.990866
 21
1.2484488
 31
0.0
  0
LINE
  5
1166
330
1F
100
AcDbEntity
  8
Top Paste
100
AcDbLine
 10
1.990866
 20
1.2484488
 30
0.0
 11
2.010866
 21
1.2484488
 31
0.0
  0
LINE
  5
1167
330
1F
100
AcDbEntity
  8
Top Paste
100
AcDbLine
 10
2.010866
 20
1.2484488
 30
0.0
 11
2.010866
 21
1.2224488
 31
0.0
  0
LINE
  5
1168
330
1F
100
AcDbEntity
  8
Top Paste
100
AcDbLine
 10
2.010866
 20
1.2224488
 30
0.0
 11
1.990866
 21
1.2224488
 31
0.0
  0
LINE
  5
1169
330
1F
100
AcDbEntity
  8
Top Solder
100
AcDbLine
 10
1.986866
 20
1.2184488
 30
0.0
 11
1.986866
 21
1.2524488
 31
0.0
  0
LINE
  5
116A
330
1F
100
AcDbEntity
  8
Top Solder
100
AcDbLine
 10
1.986866
 20
1.2524488
 30
0.0
 11
2.014866
 21
1.2524488
 31
0.0
  0
LINE
  5
116B
330
1F
100
AcDbEntity
  8
Top Solder
100
AcDbLine
 10
2.014866
 20
1.2524488
 30
0.0
 11
2.014866
 21
1.2184488
 31
0.0
  0
LINE
  5
116C
330
1F
100
AcDbEntity
  8
Top Solder
100
AcDbLine
 10
2.014866
 20
1.2184488
 30
0.0
 11
1.986866
 21
1.2184488
 31
0.0
  0
LINE
  5
116D
330
1F
100
AcDbEntity
  8
Top Paste
100
AcDbLine
 10
1.990866
 20
1.2704488
 30
0.0
 11
1.990866
 21
1.2964488
 31
0.0
  0
LINE
  5
116E
330
1F
100
AcDbEntity
  8
Top Paste
100
AcDbLine
 10
1.990866
 20
1.2964488
 30
0.0
 11
2.010866
 21
1.2964488
 31
0.0
  0
LINE
  5
116F
330
1F
100
AcDbEntity
  8
Top Paste
100
AcDbLine
 10
2.010866
 20
1.2964488
 30
0.0
 11
2.010866
 21
1.2704488
 31
0.0
  0
LINE
  5
1170
330
1F
100
AcDbEntity
  8
Top Paste
100
AcDbLine
 10
2.010866
 20
1.2704488
 30
0.0
 11
1.990866
 21
1.2704488
 31
0.0
  0
LINE
  5
1171
330
1F
100
AcDbEntity
  8
Top Solder
100
AcDbLine
 10
1.986866
 20
1.2664488
 30
0.0
 11
1.986866
 21
1.3004488
 31
0.0
  0
LINE
  5
1172
330
1F
100
AcDbEntity
  8
Top Solder
100
AcDbLine
 10
1.986866
 20
1.3004488
 30
0.0
 11
2.014866
 21
1.3004488
 31
0.0
  0
LINE
  5
1173
330
1F
100
AcDbEntity
  8
Top Solder
100
AcDbLine
 10
2.014866
 20
1.3004488
 30
0.0
 11
2.014866
 21
1.2664488
 31
0.0
  0
LINE
  5
1174
330
1F
100
AcDbEntity
  8
Top Solder
100
AcDbLine
 10
2.014866
 20
1.2664488
 30
0.0
 11
1.986866
 21
1.2664488
 31
0.0
  0
LINE
  5
1175
330
1F
100
AcDbEntity
  8
Top Overlay
100
AcDbLine
 10
1.7843465
 20
1.3658189
 30
0.0
 11
1.8723465
 21
1.3658189
 31
0.0
  0
LINE
  5
1176
330
1F
100
AcDbEntity
  8
Top Overlay
100
AcDbLine
 10
1.7843465
 20
1.3318189
 30
0.0
 11
1.8723465
 21
1.3318189
 31
0.0
  0
LINE
  5
1177
330
1F
100
AcDbEntity
  8
Top Overlay
100
AcDbLine
 10
1.7843465
 20
1.3318189
 30
0.0
 11
1.7843465
 21
1.3658189
 31
0.0
  0
LINE
  5
1178
330
1F
100
AcDbEntity
  8
Top Overlay
100
AcDbLine
 10
1.8723465
 20
1.3318189
 30
0.0
 11
1.8723465
 21
1.3658189
 31
0.0
  0
LINE
  5
1179
330
1F
100
AcDbEntity
  8
Top Paste
100
AcDbLine
 10
1.7913465
 20
1.3588189
 30
0.0
 11
1.8173465
 21
1.3588189
 31
0.0
  0
LINE
  5
117A
330
1F
100
AcDbEntity
  8
Top Paste
100
AcDbLine
 10
1.8173465
 20
1.3588189
 30
0.0
 11
1.8173465
 21
1.3388189
 31
0.0
  0
LINE
  5
117B
330
1F
100
AcDbEntity
  8
Top Paste
100
AcDbLine
 10
1.8173465
 20
1.3388189
 30
0.0
 11
1.7913465
 21
1.3388189
 31
0.0
  0
LINE
  5
117C
330
1F
100
AcDbEntity
  8
Top Paste
100
AcDbLine
 10
1.7913465
 20
1.3388189
 30
0.0
 11
1.7913465
 21
1.3588189
 31
0.0
  0
LINE
  5
117D
330
1F
100
AcDbEntity
  8
Top Solder
100
AcDbLine
 10
1.7873465
 20
1.3628189
 30
0.0
 11
1.8213465
 21
1.3628189
 31
0.0
  0
LINE
  5
117E
330
1F
100
AcDbEntity
  8
Top Solder
100
AcDbLine
 10
1.8213465
 20
1.3628189
 30
0.0
 11
1.8213465
 21
1.3348189
 31
0.0
  0
LINE
  5
117F
330
1F
100
AcDbEntity
  8
Top Solder
100
AcDbLine
 10
1.8213465
 20
1.3348189
 30
0.0
 11
1.7873465
 21
1.3348189
 31
0.0
  0
LINE
  5
1180
330
1F
100
AcDbEntity
  8
Top Solder
100
AcDbLine
 10
1.7873465
 20
1.3348189
 30
0.0
 11
1.7873465
 21
1.3628189
 31
0.0
  0
LINE
  5
1181
330
1F
100
AcDbEntity
  8
Top Paste
100
AcDbLine
 10
1.8393465
 20
1.3588189
 30
0.0
 11
1.8653465
 21
1.3588189
 31
0.0
  0
LINE
  5
1182
330
1F
100
AcDbEntity
  8
Top Paste
100
AcDbLine
 10
1.8653465
 20
1.3588189
 30
0.0
 11
1.8653465
 21
1.3388189
 31
0.0
  0
LINE
  5
1183
330
1F
100
AcDbEntity
  8
Top Paste
100
AcDbLine
 10
1.8653465
 20
1.3388189
 30
0.0
 11
1.8393465
 21
1.3388189
 31
0.0
  0
LINE
  5
1184
330
1F
100
AcDbEntity
  8
Top Paste
100
AcDbLine
 10
1.8393465
 20
1.3388189
 30
0.0
 11
1.8393465
 21
1.3588189
 31
0.0
  0
LINE
  5
1185
330
1F
100
AcDbEntity
  8
Top Solder
100
AcDbLine
 10
1.8353465
 20
1.3628189
 30
0.0
 11
1.8693465
 21
1.3628189
 31
0.0
  0
LINE
  5
1186
330
1F
100
AcDbEntity
  8
Top Solder
100
AcDbLine
 10
1.8693465
 20
1.3628189
 30
0.0
 11
1.8693465
 21
1.3348189
 31
0.0
  0
LINE
  5
1187
330
1F
100
AcDbEntity
  8
Top Solder
100
AcDbLine
 10
1.8693465
 20
1.3348189
 30
0.0
 11
1.8353465
 21
1.3348189
 31
0.0
  0
LINE
  5
1188
330
1F
100
AcDbEntity
  8
Top Solder
100
AcDbLine
 10
1.8353465
 20
1.3348189
 30
0.0
 11
1.8353465
 21
1.3628189
 31
0.0
  0
LINE
  5
1189
330
1F
100
AcDbEntity
  8
Top Overlay
100
AcDbLine
 10
1.8605591
 20
1.2154488
 30
0.0
 11
1.8605591
 21
1.3034488
 31
0.0
  0
LINE
  5
118A
330
1F
100
AcDbEntity
  8
Top Overlay
100
AcDbLine
 10
1.8945591
 20
1.2154488
 30
0.0
 11
1.8945591
 21
1.3034488
 31
0.0
  0
LINE
  5
118B
330
1F
100
AcDbEntity
  8
Top Overlay
100
AcDbLine
 10
1.8605591
 20
1.2154488
 30
0.0
 11
1.8945591
 21
1.2154488
 31
0.0
  0
LINE
  5
118C
330
1F
100
AcDbEntity
  8
Top Overlay
100
AcDbLine
 10
1.8605591
 20
1.3034488
 30
0.0
 11
1.8945591
 21
1.3034488
 31
0.0
  0
LINE
  5
118D
330
1F
100
AcDbEntity
  8
Top Paste
100
AcDbLine
 10
1.8675591
 20
1.2224488
 30
0.0
 11
1.8675591
 21
1.2484488
 31
0.0
  0
LINE
  5
118E
330
1F
100
AcDbEntity
  8
Top Paste
100
AcDbLine
 10
1.8675591
 20
1.2484488
 30
0.0
 11
1.8875591
 21
1.2484488
 31
0.0
  0
LINE
  5
118F
330
1F
100
AcDbEntity
  8
Top Paste
100
AcDbLine
 10
1.8875591
 20
1.2484488
 30
0.0
 11
1.8875591
 21
1.2224488
 31
0.0
  0
LINE
  5
1190
330
1F
100
AcDbEntity
  8
Top Paste
100
AcDbLine
 10
1.8875591
 20
1.2224488
 30
0.0
 11
1.8675591
 21
1.2224488
 31
0.0
  0
LINE
  5
1191
330
1F
100
AcDbEntity
  8
Top Solder
100
AcDbLine
 10
1.8635591
 20
1.2184488
 30
0.0
 11
1.8635591
 21
1.2524488
 31
0.0
  0
LINE
  5
1192
330
1F
100
AcDbEntity
  8
Top Solder
100
AcDbLine
 10
1.8635591
 20
1.2524488
 30
0.0
 11
1.8915591
 21
1.2524488
 31
0.0
  0
LINE
  5
1193
330
1F
100
AcDbEntity
  8
Top Solder
100
AcDbLine
 10
1.8915591
 20
1.2524488
 30
0.0
 11
1.8915591
 21
1.2184488
 31
0.0
  0
LINE
  5
1194
330
1F
100
AcDbEntity
  8
Top Solder
100
AcDbLine
 10
1.8915591
 20
1.2184488
 30
0.0
 11
1.8635591
 21
1.2184488
 31
0.0
  0
LINE
  5
1195
330
1F
100
AcDbEntity
  8
Top Paste
100
AcDbLine
 10
1.8675591
 20
1.2704488
 30
0.0
 11
1.8675591
 21
1.2964488
 31
0.0
  0
LINE
  5
1196
330
1F
100
AcDbEntity
  8
Top Paste
100
AcDbLine
 10
1.8675591
 20
1.2964488
 30
0.0
 11
1.8875591
 21
1.2964488
 31
0.0
  0
LINE
  5
1197
330
1F
100
AcDbEntity
  8
Top Paste
100
AcDbLine
 10
1.8875591
 20
1.2964488
 30
0.0
 11
1.8875591
 21
1.2704488
 31
0.0
  0
LINE
  5
1198
330
1F
100
AcDbEntity
  8
Top Paste
100
AcDbLine
 10
1.8875591
 20
1.2704488
 30
0.0
 11
1.8675591
 21
1.2704488
 31
0.0
  0
LINE
  5
1199
330
1F
100
AcDbEntity
  8
Top Solder
100
AcDbLine
 10
1.8635591
 20
1.2664488
 30
0.0
 11
1.8635591
 21
1.3004488
 31
0.0
  0
LINE
  5
119A
330
1F
100
AcDbEntity
  8
Top Solder
100
AcDbLine
 10
1.8635591
 20
1.3004488
 30
0.0
 11
1.8915591
 21
1.3004488
 31
0.0
  0
LINE
  5
119B
330
1F
100
AcDbEntity
  8
Top Solder
100
AcDbLine
 10
1.8915591
 20
1.3004488
 30
0.0
 11
1.8915591
 21
1.2664488
 31
0.0
  0
LINE
  5
119C
330
1F
100
AcDbEntity
  8
Top Solder
100
AcDbLine
 10
1.8915591
 20
1.2664488
 30
0.0
 11
1.8635591
 21
1.2664488
 31
0.0
  0
LINE
  5
119D
330
1F
100
AcDbEntity
  8
Top Overlay
100
AcDbLine
 10
1.9427637
 20
1.2154488
 30
0.0
 11
1.9427637
 21
1.3034488
 31
0.0
  0
LINE
  5
119E
330
1F
100
AcDbEntity
  8
Top Overlay
100
AcDbLine
 10
1.9767637
 20
1.2154488
 30
0.0
 11
1.9767637
 21
1.3034488
 31
0.0
  0
LINE
  5
119F
330
1F
100
AcDbEntity
  8
Top Overlay
100
AcDbLine
 10
1.9427637
 20
1.2154488
 30
0.0
 11
1.9767637
 21
1.2154488
 31
0.0
  0
LINE
  5
11A0
330
1F
100
AcDbEntity
  8
Top Overlay
100
AcDbLine
 10
1.9427637
 20
1.3034488
 30
0.0
 11
1.9767637
 21
1.3034488
 31
0.0
  0
LINE
  5
11A1
330
1F
100
AcDbEntity
  8
Top Paste
100
AcDbLine
 10
1.9497637
 20
1.2224488
 30
0.0
 11
1.9497637
 21
1.2484488
 31
0.0
  0
LINE
  5
11A2
330
1F
100
AcDbEntity
  8
Top Paste
100
AcDbLine
 10
1.9497637
 20
1.2484488
 30
0.0
 11
1.9697637
 21
1.2484488
 31
0.0
  0
LINE
  5
11A3
330
1F
100
AcDbEntity
  8
Top Paste
100
AcDbLine
 10
1.9697637
 20
1.2484488
 30
0.0
 11
1.9697637
 21
1.2224488
 31
0.0
  0
LINE
  5
11A4
330
1F
100
AcDbEntity
  8
Top Paste
100
AcDbLine
 10
1.9697637
 20
1.2224488
 30
0.0
 11
1.9497637
 21
1.2224488
 31
0.0
  0
LINE
  5
11A5
330
1F
100
AcDbEntity
  8
Top Solder
100
AcDbLine
 10
1.9457637
 20
1.2184488
 30
0.0
 11
1.9457637
 21
1.2524488
 31
0.0
  0
LINE
  5
11A6
330
1F
100
AcDbEntity
  8
Top Solder
100
AcDbLine
 10
1.9457637
 20
1.2524488
 30
0.0
 11
1.9737637
 21
1.2524488
 31
0.0
  0
LINE
  5
11A7
330
1F
100
AcDbEntity
  8
Top Solder
100
AcDbLine
 10
1.9737637
 20
1.2524488
 30
0.0
 11
1.9737637
 21
1.2184488
 31
0.0
  0
LINE
  5
11A8
330
1F
100
AcDbEntity
  8
Top Solder
100
AcDbLine
 10
1.9737637
 20
1.2184488
 30
0.0
 11
1.9457637
 21
1.2184488
 31
0.0
  0
LINE
  5
11A9
330
1F
100
AcDbEntity
  8
Top Paste
100
AcDbLine
 10
1.9497637
 20
1.2704488
 30
0.0
 11
1.9497637
 21
1.2964488
 31
0.0
  0
LINE
  5
11AA
330
1F
100
AcDbEntity
  8
Top Paste
100
AcDbLine
 10
1.9497637
 20
1.2964488
 30
0.0
 11
1.9697637
 21
1.2964488
 31
0.0
  0
LINE
  5
11AB
330
1F
100
AcDbEntity
  8
Top Paste
100
AcDbLine
 10
1.9697637
 20
1.2964488
 30
0.0
 11
1.9697637
 21
1.2704488
 31
0.0
  0
LINE
  5
11AC
330
1F
100
AcDbEntity
  8
Top Paste
100
AcDbLine
 10
1.9697637
 20
1.2704488
 30
0.0
 11
1.9497637
 21
1.2704488
 31
0.0
  0
LINE
  5
11AD
330
1F
100
AcDbEntity
  8
Top Solder
100
AcDbLine
 10
1.9457637
 20
1.2664488
 30
0.0
 11
1.9457637
 21
1.3004488
 31
0.0
  0
LINE
  5
11AE
330
1F
100
AcDbEntity
  8
Top Solder
100
AcDbLine
 10
1.9457637
 20
1.3004488
 30
0.0
 11
1.9737637
 21
1.3004488
 31
0.0
  0
LINE
  5
11AF
330
1F
100
AcDbEntity
  8
Top Solder
100
AcDbLine
 10
1.9737637
 20
1.3004488
 30
0.0
 11
1.9737637
 21
1.2664488
 31
0.0
  0
LINE
  5
11B0
330
1F
100
AcDbEntity
  8
Top Solder
100
AcDbLine
 10
1.9737637
 20
1.2664488
 30
0.0
 11
1.9457637
 21
1.2664488
 31
0.0
  0
LINE
  5
11B1
330
1F
100
AcDbEntity
  8
Top Overlay
100
AcDbLine
 10
1.9016614
 20
1.2154488
 30
0.0
 11
1.9016614
 21
1.3034488
 31
0.0
  0
LINE
  5
11B2
330
1F
100
AcDbEntity
  8
Top Overlay
100
AcDbLine
 10
1.9356614
 20
1.2154488
 30
0.0
 11
1.9356614
 21
1.3034488
 31
0.0
  0
LINE
  5
11B3
330
1F
100
AcDbEntity
  8
Top Overlay
100
AcDbLine
 10
1.9016614
 20
1.2154488
 30
0.0
 11
1.9356614
 21
1.2154488
 31
0.0
  0
LINE
  5
11B4
330
1F
100
AcDbEntity
  8
Top Overlay
100
AcDbLine
 10
1.9016614
 20
1.3034488
 30
0.0
 11
1.9356614
 21
1.3034488
 31
0.0
  0
LINE
  5
11B5
330
1F
100
AcDbEntity
  8
Top Paste
100
AcDbLine
 10
1.9086614
 20
1.2224488
 30
0.0
 11
1.9086614
 21
1.2484488
 31
0.0
  0
LINE
  5
11B6
330
1F
100
AcDbEntity
  8
Top Paste
100
AcDbLine
 10
1.9086614
 20
1.2484488
 30
0.0
 11
1.9286614
 21
1.2484488
 31
0.0
  0
LINE
  5
11B7
330
1F
100
AcDbEntity
  8
Top Paste
100
AcDbLine
 10
1.9286614
 20
1.2484488
 30
0.0
 11
1.9286614
 21
1.2224488
 31
0.0
  0
LINE
  5
11B8
330
1F
100
AcDbEntity
  8
Top Paste
100
AcDbLine
 10
1.9286614
 20
1.2224488
 30
0.0
 11
1.9086614
 21
1.2224488
 31
0.0
  0
LINE
  5
11B9
330
1F
100
AcDbEntity
  8
Top Solder
100
AcDbLine
 10
1.9046614
 20
1.2184488
 30
0.0
 11
1.9046614
 21
1.2524488
 31
0.0
  0
LINE
  5
11BA
330
1F
100
AcDbEntity
  8
Top Solder
100
AcDbLine
 10
1.9046614
 20
1.2524488
 30
0.0
 11
1.9326614
 21
1.2524488
 31
0.0
  0
LINE
  5
11BB
330
1F
100
AcDbEntity
  8
Top Solder
100
AcDbLine
 10
1.9326614
 20
1.2524488
 30
0.0
 11
1.9326614
 21
1.2184488
 31
0.0
  0
LINE
  5
11BC
330
1F
100
AcDbEntity
  8
Top Solder
100
AcDbLine
 10
1.9326614
 20
1.2184488
 30
0.0
 11
1.9046614
 21
1.2184488
 31
0.0
  0
LINE
  5
11BD
330
1F
100
AcDbEntity
  8
Top Paste
100
AcDbLine
 10
1.9086614
 20
1.2704488
 30
0.0
 11
1.9086614
 21
1.2964488
 31
0.0
  0
LINE
  5
11BE
330
1F
100
AcDbEntity
  8
Top Paste
100
AcDbLine
 10
1.9086614
 20
1.2964488
 30
0.0
 11
1.9286614
 21
1.2964488
 31
0.0
  0
LINE
  5
11BF
330
1F
100
AcDbEntity
  8
Top Paste
100
AcDbLine
 10
1.9286614
 20
1.2964488
 30
0.0
 11
1.9286614
 21
1.2704488
 31
0.0
  0
LINE
  5
11C0
330
1F
100
AcDbEntity
  8
Top Paste
100
AcDbLine
 10
1.9286614
 20
1.2704488
 30
0.0
 11
1.9086614
 21
1.2704488
 31
0.0
  0
LINE
  5
11C1
330
1F
100
AcDbEntity
  8
Top Solder
100
AcDbLine
 10
1.9046614
 20
1.2664488
 30
0.0
 11
1.9046614
 21
1.3004488
 31
0.0
  0
LINE
  5
11C2
330
1F
100
AcDbEntity
  8
Top Solder
100
AcDbLine
 10
1.9046614
 20
1.3004488
 30
0.0
 11
1.9326614
 21
1.3004488
 31
0.0
  0
LINE
  5
11C3
330
1F
100
AcDbEntity
  8
Top Solder
100
AcDbLine
 10
1.9326614
 20
1.3004488
 30
0.0
 11
1.9326614
 21
1.2664488
 31
0.0
  0
LINE
  5
11C4
330
1F
100
AcDbEntity
  8
Top Solder
100
AcDbLine
 10
1.9326614
 20
1.2664488
 30
0.0
 11
1.9046614
 21
1.2664488
 31
0.0
  0
LINE
  5
11C5
330
1F
100
AcDbEntity
  8
Top Overlay
100
AcDbLine
 10
1.7851496
 20
1.4729055
 30
0.0
 11
1.8731496
 21
1.4729055
 31
0.0
  0
LINE
  5
11C6
330
1F
100
AcDbEntity
  8
Top Overlay
100
AcDbLine
 10
1.7851496
 20
1.4389055
 30
0.0
 11
1.8731496
 21
1.4389055
 31
0.0
  0
LINE
  5
11C7
330
1F
100
AcDbEntity
  8
Top Overlay
100
AcDbLine
 10
1.7851496
 20
1.4389055
 30
0.0
 11
1.7851496
 21
1.4729055
 31
0.0
  0
LINE
  5
11C8
330
1F
100
AcDbEntity
  8
Top Overlay
100
AcDbLine
 10
1.8731496
 20
1.4389055
 30
0.0
 11
1.8731496
 21
1.4729055
 31
0.0
  0
LINE
  5
11C9
330
1F
100
AcDbEntity
  8
Top Paste
100
AcDbLine
 10
1.7921496
 20
1.4659055
 30
0.0
 11
1.8181496
 21
1.4659055
 31
0.0
  0
LINE
  5
11CA
330
1F
100
AcDbEntity
  8
Top Paste
100
AcDbLine
 10
1.8181496
 20
1.4659055
 30
0.0
 11
1.8181496
 21
1.4459055
 31
0.0
  0
LINE
  5
11CB
330
1F
100
AcDbEntity
  8
Top Paste
100
AcDbLine
 10
1.8181496
 20
1.4459055
 30
0.0
 11
1.7921496
 21
1.4459055
 31
0.0
  0
LINE
  5
11CC
330
1F
100
AcDbEntity
  8
Top Paste
100
AcDbLine
 10
1.7921496
 20
1.4459055
 30
0.0
 11
1.7921496
 21
1.4659055
 31
0.0
  0
LINE
  5
11CD
330
1F
100
AcDbEntity
  8
Top Solder
100
AcDbLine
 10
1.7881496
 20
1.4699055
 30
0.0
 11
1.8221496
 21
1.4699055
 31
0.0
  0
LINE
  5
11CE
330
1F
100
AcDbEntity
  8
Top Solder
100
AcDbLine
 10
1.8221496
 20
1.4699055
 30
0.0
 11
1.8221496
 21
1.4419055
 31
0.0
  0
LINE
  5
11CF
330
1F
100
AcDbEntity
  8
Top Solder
100
AcDbLine
 10
1.8221496
 20
1.4419055
 30
0.0
 11
1.7881496
 21
1.4419055
 31
0.0
  0
LINE
  5
11D0
330
1F
100
AcDbEntity
  8
Top Solder
100
AcDbLine
 10
1.7881496
 20
1.4419055
 30
0.0
 11
1.7881496
 21
1.4699055
 31
0.0
  0
LINE
  5
11D1
330
1F
100
AcDbEntity
  8
Top Paste
100
AcDbLine
 10
1.8401496
 20
1.4659055
 30
0.0
 11
1.8661496
 21
1.4659055
 31
0.0
  0
LINE
  5
11D2
330
1F
100
AcDbEntity
  8
Top Paste
100
AcDbLine
 10
1.8661496
 20
1.4659055
 30
0.0
 11
1.8661496
 21
1.4459055
 31
0.0
  0
LINE
  5
11D3
330
1F
100
AcDbEntity
  8
Top Paste
100
AcDbLine
 10
1.8661496
 20
1.4459055
 30
0.0
 11
1.8401496
 21
1.4459055
 31
0.0
  0
LINE
  5
11D4
330
1F
100
AcDbEntity
  8
Top Paste
100
AcDbLine
 10
1.8401496
 20
1.4459055
 30
0.0
 11
1.8401496
 21
1.4659055
 31
0.0
  0
LINE
  5
11D5
330
1F
100
AcDbEntity
  8
Top Solder
100
AcDbLine
 10
1.8361496
 20
1.4699055
 30
0.0
 11
1.8701496
 21
1.4699055
 31
0.0
  0
LINE
  5
11D6
330
1F
100
AcDbEntity
  8
Top Solder
100
AcDbLine
 10
1.8701496
 20
1.4699055
 30
0.0
 11
1.8701496
 21
1.4419055
 31
0.0
  0
LINE
  5
11D7
330
1F
100
AcDbEntity
  8
Top Solder
100
AcDbLine
 10
1.8701496
 20
1.4419055
 30
0.0
 11
1.8361496
 21
1.4419055
 31
0.0
  0
LINE
  5
11D8
330
1F
100
AcDbEntity
  8
Top Solder
100
AcDbLine
 10
1.8361496
 20
1.4419055
 30
0.0
 11
1.8361496
 21
1.4699055
 31
0.0
  0
LINE
  5
11D9
330
1F
100
AcDbEntity
  8
Top Overlay
100
AcDbLine
 10
2.0873307
 20
1.2154488
 30
0.0
 11
2.0873307
 21
1.3034488
 31
0.0
  0
LINE
  5
11DA
330
1F
100
AcDbEntity
  8
Top Overlay
100
AcDbLine
 10
2.1213307
 20
1.2154488
 30
0.0
 11
2.1213307
 21
1.3034488
 31
0.0
  0
LINE
  5
11DB
330
1F
100
AcDbEntity
  8
Top Overlay
100
AcDbLine
 10
2.0873307
 20
1.2154488
 30
0.0
 11
2.1213307
 21
1.2154488
 31
0.0
  0
LINE
  5
11DC
330
1F
100
AcDbEntity
  8
Top Overlay
100
AcDbLine
 10
2.0873307
 20
1.3034488
 30
0.0
 11
2.1213307
 21
1.3034488
 31
0.0
  0
LINE
  5
11DD
330
1F
100
AcDbEntity
  8
Top Paste
100
AcDbLine
 10
2.0943307
 20
1.2224488
 30
0.0
 11
2.0943307
 21
1.2484488
 31
0.0
  0
LINE
  5
11DE
330
1F
100
AcDbEntity
  8
Top Paste
100
AcDbLine
 10
2.0943307
 20
1.2484488
 30
0.0
 11
2.1143307
 21
1.2484488
 31
0.0
  0
LINE
  5
11DF
330
1F
100
AcDbEntity
  8
Top Paste
100
AcDbLine
 10
2.1143307
 20
1.2484488
 30
0.0
 11
2.1143307
 21
1.2224488
 31
0.0
  0
LINE
  5
11E0
330
1F
100
AcDbEntity
  8
Top Paste
100
AcDbLine
 10
2.1143307
 20
1.2224488
 30
0.0
 11
2.0943307
 21
1.2224488
 31
0.0
  0
LINE
  5
11E1
330
1F
100
AcDbEntity
  8
Top Solder
100
AcDbLine
 10
2.0903307
 20
1.2184488
 30
0.0
 11
2.0903307
 21
1.2524488
 31
0.0
  0
LINE
  5
11E2
330
1F
100
AcDbEntity
  8
Top Solder
100
AcDbLine
 10
2.0903307
 20
1.2524488
 30
0.0
 11
2.1183307
 21
1.2524488
 31
0.0
  0
LINE
  5
11E3
330
1F
100
AcDbEntity
  8
Top Solder
100
AcDbLine
 10
2.1183307
 20
1.2524488
 30
0.0
 11
2.1183307
 21
1.2184488
 31
0.0
  0
LINE
  5
11E4
330
1F
100
AcDbEntity
  8
Top Solder
100
AcDbLine
 10
2.1183307
 20
1.2184488
 30
0.0
 11
2.0903307
 21
1.2184488
 31
0.0
  0
LINE
  5
11E5
330
1F
100
AcDbEntity
  8
Top Paste
100
AcDbLine
 10
2.0943307
 20
1.2704488
 30
0.0
 11
2.0943307
 21
1.2964488
 31
0.0
  0
LINE
  5
11E6
330
1F
100
AcDbEntity
  8
Top Paste
100
AcDbLine
 10
2.0943307
 20
1.2964488
 30
0.0
 11
2.1143307
 21
1.2964488
 31
0.0
  0
LINE
  5
11E7
330
1F
100
AcDbEntity
  8
Top Paste
100
AcDbLine
 10
2.1143307
 20
1.2964488
 30
0.0
 11
2.1143307
 21
1.2704488
 31
0.0
  0
LINE
  5
11E8
330
1F
100
AcDbEntity
  8
Top Paste
100
AcDbLine
 10
2.1143307
 20
1.2704488
 30
0.0
 11
2.0943307
 21
1.2704488
 31
0.0
  0
LINE
  5
11E9
330
1F
100
AcDbEntity
  8
Top Solder
100
AcDbLine
 10
2.0903307
 20
1.2664488
 30
0.0
 11
2.0903307
 21
1.3004488
 31
0.0
  0
LINE
  5
11EA
330
1F
100
AcDbEntity
  8
Top Solder
100
AcDbLine
 10
2.0903307
 20
1.3004488
 30
0.0
 11
2.1183307
 21
1.3004488
 31
0.0
  0
LINE
  5
11EB
330
1F
100
AcDbEntity
  8
Top Solder
100
AcDbLine
 10
2.1183307
 20
1.3004488
 30
0.0
 11
2.1183307
 21
1.2664488
 31
0.0
  0
LINE
  5
11EC
330
1F
100
AcDbEntity
  8
Top Solder
100
AcDbLine
 10
2.1183307
 20
1.2664488
 30
0.0
 11
2.0903307
 21
1.2664488
 31
0.0
  0
LINE
  5
11ED
330
1F
100
AcDbEntity
  8
Top Overlay
100
AcDbLine
 10
2.1969449
 20
1.3444173
 30
0.0
 11
2.2849449
 21
1.3444173
 31
0.0
  0
LINE
  5
11EE
330
1F
100
AcDbEntity
  8
Top Overlay
100
AcDbLine
 10
2.1969449
 20
1.3784173
 30
0.0
 11
2.2849449
 21
1.3784173
 31
0.0
  0
LINE
  5
11EF
330
1F
100
AcDbEntity
  8
Top Overlay
100
AcDbLine
 10
2.2849449
 20
1.3444173
 30
0.0
 11
2.2849449
 21
1.3784173
 31
0.0
  0
LINE
  5
11F0
330
1F
100
AcDbEntity
  8
Top Overlay
100
AcDbLine
 10
2.1969449
 20
1.3444173
 30
0.0
 11
2.1969449
 21
1.3784173
 31
0.0
  0
LINE
  5
11F1
330
1F
100
AcDbEntity
  8
Top Paste
100
AcDbLine
 10
2.2779449
 20
1.3514173
 30
0.0
 11
2.2519449
 21
1.3514173
 31
0.0
  0
LINE
  5
11F2
330
1F
100
AcDbEntity
  8
Top Paste
100
AcDbLine
 10
2.2519449
 20
1.3514173
 30
0.0
 11
2.2519449
 21
1.3714173
 31
0.0
  0
LINE
  5
11F3
330
1F
100
AcDbEntity
  8
Top Paste
100
AcDbLine
 10
2.2519449
 20
1.3714173
 30
0.0
 11
2.2779449
 21
1.3714173
 31
0.0
  0
LINE
  5
11F4
330
1F
100
AcDbEntity
  8
Top Paste
100
AcDbLine
 10
2.2779449
 20
1.3714173
 30
0.0
 11
2.2779449
 21
1.3514173
 31
0.0
  0
LINE
  5
11F5
330
1F
100
AcDbEntity
  8
Top Solder
100
AcDbLine
 10
2.2819449
 20
1.3474173
 30
0.0
 11
2.2479449
 21
1.3474173
 31
0.0
  0
LINE
  5
11F6
330
1F
100
AcDbEntity
  8
Top Solder
100
AcDbLine
 10
2.2479449
 20
1.3474173
 30
0.0
 11
2.2479449
 21
1.3754173
 31
0.0
  0
LINE
  5
11F7
330
1F
100
AcDbEntity
  8
Top Solder
100
AcDbLine
 10
2.2479449
 20
1.3754173
 30
0.0
 11
2.2819449
 21
1.3754173
 31
0.0
  0
LINE
  5
11F8
330
1F
100
AcDbEntity
  8
Top Solder
100
AcDbLine
 10
2.2819449
 20
1.3754173
 30
0.0
 11
2.2819449
 21
1.3474173
 31
0.0
  0
LINE
  5
11F9
330
1F
100
AcDbEntity
  8
Top Paste
100
AcDbLine
 10
2.2299449
 20
1.3514173
 30
0.0
 11
2.2039449
 21
1.3514173
 31
0.0
  0
LINE
  5
11FA
330
1F
100
AcDbEntity
  8
Top Paste
100
AcDbLine
 10
2.2039449
 20
1.3514173
 30
0.0
 11
2.2039449
 21
1.3714173
 31
0.0
  0
LINE
  5
11FB
330
1F
100
AcDbEntity
  8
Top Paste
100
AcDbLine
 10
2.2039449
 20
1.3714173
 30
0.0
 11
2.2299449
 21
1.3714173
 31
0.0
  0
LINE
  5
11FC
330
1F
100
AcDbEntity
  8
Top Paste
100
AcDbLine
 10
2.2299449
 20
1.3714173
 30
0.0
 11
2.2299449
 21
1.3514173
 31
0.0
  0
LINE
  5
11FD
330
1F
100
AcDbEntity
  8
Top Solder
100
AcDbLine
 10
2.2339449
 20
1.3474173
 30
0.0
 11
2.1999449
 21
1.3474173
 31
0.0
  0
LINE
  5
11FE
330
1F
100
AcDbEntity
  8
Top Solder
100
AcDbLine
 10
2.1999449
 20
1.3474173
 30
0.0
 11
2.1999449
 21
1.3754173
 31
0.0
  0
LINE
  5
11FF
330
1F
100
AcDbEntity
  8
Top Solder
100
AcDbLine
 10
2.1999449
 20
1.3754173
 30
0.0
 11
2.2339449
 21
1.3754173
 31
0.0
  0
LINE
  5
1200
330
1F
100
AcDbEntity
  8
Top Solder
100
AcDbLine
 10
2.2339449
 20
1.3754173
 30
0.0
 11
2.2339449
 21
1.3474173
 31
0.0
  0
LINE
  5
1201
330
1F
100
AcDbEntity
  8
Top Overlay
100
AcDbLine
 10
2.1969449
 20
1.3042598
 30
0.0
 11
2.2849449
 21
1.3042598
 31
0.0
  0
LINE
  5
1202
330
1F
100
AcDbEntity
  8
Top Overlay
100
AcDbLine
 10
2.1969449
 20
1.3382598
 30
0.0
 11
2.2849449
 21
1.3382598
 31
0.0
  0
LINE
  5
1203
330
1F
100
AcDbEntity
  8
Top Overlay
100
AcDbLine
 10
2.2849449
 20
1.3042598
 30
0.0
 11
2.2849449
 21
1.3382598
 31
0.0
  0
LINE
  5
1204
330
1F
100
AcDbEntity
  8
Top Overlay
100
AcDbLine
 10
2.1969449
 20
1.3042598
 30
0.0
 11
2.1969449
 21
1.3382598
 31
0.0
  0
LINE
  5
1205
330
1F
100
AcDbEntity
  8
Top Paste
100
AcDbLine
 10
2.2779449
 20
1.3112598
 30
0.0
 11
2.2519449
 21
1.3112598
 31
0.0
  0
LINE
  5
1206
330
1F
100
AcDbEntity
  8
Top Paste
100
AcDbLine
 10
2.2519449
 20
1.3112598
 30
0.0
 11
2.2519449
 21
1.3312598
 31
0.0
  0
LINE
  5
1207
330
1F
100
AcDbEntity
  8
Top Paste
100
AcDbLine
 10
2.2519449
 20
1.3312598
 30
0.0
 11
2.2779449
 21
1.3312598
 31
0.0
  0
LINE
  5
1208
330
1F
100
AcDbEntity
  8
Top Paste
100
AcDbLine
 10
2.2779449
 20
1.3312598
 30
0.0
 11
2.2779449
 21
1.3112598
 31
0.0
  0
LINE
  5
1209
330
1F
100
AcDbEntity
  8
Top Solder
100
AcDbLine
 10
2.2819449
 20
1.3072598
 30
0.0
 11
2.2479449
 21
1.3072598
 31
0.0
  0
LINE
  5
120A
330
1F
100
AcDbEntity
  8
Top Solder
100
AcDbLine
 10
2.2479449
 20
1.3072598
 30
0.0
 11
2.2479449
 21
1.3352598
 31
0.0
  0
LINE
  5
120B
330
1F
100
AcDbEntity
  8
Top Solder
100
AcDbLine
 10
2.2479449
 20
1.3352598
 30
0.0
 11
2.2819449
 21
1.3352598
 31
0.0
  0
LINE
  5
120C
330
1F
100
AcDbEntity
  8
Top Solder
100
AcDbLine
 10
2.2819449
 20
1.3352598
 30
0.0
 11
2.2819449
 21
1.3072598
 31
0.0
  0
LINE
  5
120D
330
1F
100
AcDbEntity
  8
Top Paste
100
AcDbLine
 10
2.2299449
 20
1.3112598
 30
0.0
 11
2.2039449
 21
1.3112598
 31
0.0
  0
LINE
  5
120E
330
1F
100
AcDbEntity
  8
Top Paste
100
AcDbLine
 10
2.2039449
 20
1.3112598
 30
0.0
 11
2.2039449
 21
1.3312598
 31
0.0
  0
LINE
  5
120F
330
1F
100
AcDbEntity
  8
Top Paste
100
AcDbLine
 10
2.2039449
 20
1.3312598
 30
0.0
 11
2.2299449
 21
1.3312598
 31
0.0
  0
LINE
  5
1210
330
1F
100
AcDbEntity
  8
Top Paste
100
AcDbLine
 10
2.2299449
 20
1.3312598
 30
0.0
 11
2.2299449
 21
1.3112598
 31
0.0
  0
LINE
  5
1211
330
1F
100
AcDbEntity
  8
Top Solder
100
AcDbLine
 10
2.2339449
 20
1.3072598
 30
0.0
 11
2.1999449
 21
1.3072598
 31
0.0
  0
LINE
  5
1212
330
1F
100
AcDbEntity
  8
Top Solder
100
AcDbLine
 10
2.1999449
 20
1.3072598
 30
0.0
 11
2.1999449
 21
1.3352598
 31
0.0
  0
LINE
  5
1213
330
1F
100
AcDbEntity
  8
Top Solder
100
AcDbLine
 10
2.1999449
 20
1.3352598
 30
0.0
 11
2.2339449
 21
1.3352598
 31
0.0
  0
LINE
  5
1214
330
1F
100
AcDbEntity
  8
Top Solder
100
AcDbLine
 10
2.2339449
 20
1.3352598
 30
0.0
 11
2.2339449
 21
1.3072598
 31
0.0
  0
LINE
  5
1215
330
1F
100
AcDbEntity
  8
Top Overlay
100
AcDbLine
 10
1.7851496
 20
1.4307795
 30
0.0
 11
1.8731496
 21
1.4307795
 31
0.0
  0
LINE
  5
1216
330
1F
100
AcDbEntity
  8
Top Overlay
100
AcDbLine
 10
1.7851496
 20
1.3967795
 30
0.0
 11
1.8731496
 21
1.3967795
 31
0.0
  0
LINE
  5
1217
330
1F
100
AcDbEntity
  8
Top Overlay
100
AcDbLine
 10
1.7851496
 20
1.3967795
 30
0.0
 11
1.7851496
 21
1.4307795
 31
0.0
  0
LINE
  5
1218
330
1F
100
AcDbEntity
  8
Top Overlay
100
AcDbLine
 10
1.8731496
 20
1.3967795
 30
0.0
 11
1.8731496
 21
1.4307795
 31
0.0
  0
LINE
  5
1219
330
1F
100
AcDbEntity
  8
Top Paste
100
AcDbLine
 10
1.7921496
 20
1.4237795
 30
0.0
 11
1.8181496
 21
1.4237795
 31
0.0
  0
LINE
  5
121A
330
1F
100
AcDbEntity
  8
Top Paste
100
AcDbLine
 10
1.8181496
 20
1.4237795
 30
0.0
 11
1.8181496
 21
1.4037795
 31
0.0
  0
LINE
  5
121B
330
1F
100
AcDbEntity
  8
Top Paste
100
AcDbLine
 10
1.8181496
 20
1.4037795
 30
0.0
 11
1.7921496
 21
1.4037795
 31
0.0
  0
LINE
  5
121C
330
1F
100
AcDbEntity
  8
Top Paste
100
AcDbLine
 10
1.7921496
 20
1.4037795
 30
0.0
 11
1.7921496
 21
1.4237795
 31
0.0
  0
LINE
  5
121D
330
1F
100
AcDbEntity
  8
Top Solder
100
AcDbLine
 10
1.7881496
 20
1.4277795
 30
0.0
 11
1.8221496
 21
1.4277795
 31
0.0
  0
LINE
  5
121E
330
1F
100
AcDbEntity
  8
Top Solder
100
AcDbLine
 10
1.8221496
 20
1.4277795
 30
0.0
 11
1.8221496
 21
1.3997795
 31
0.0
  0
LINE
  5
121F
330
1F
100
AcDbEntity
  8
Top Solder
100
AcDbLine
 10
1.8221496
 20
1.3997795
 30
0.0
 11
1.7881496
 21
1.3997795
 31
0.0
  0
LINE
  5
1220
330
1F
100
AcDbEntity
  8
Top Solder
100
AcDbLine
 10
1.7881496
 20
1.3997795
 30
0.0
 11
1.7881496
 21
1.4277795
 31
0.0
  0
LINE
  5
1221
330
1F
100
AcDbEntity
  8
Top Paste
100
AcDbLine
 10
1.8401496
 20
1.4237795
 30
0.0
 11
1.8661496
 21
1.4237795
 31
0.0
  0
LINE
  5
1222
330
1F
100
AcDbEntity
  8
Top Paste
100
AcDbLine
 10
1.8661496
 20
1.4237795
 30
0.0
 11
1.8661496
 21
1.4037795
 31
0.0
  0
LINE
  5
1223
330
1F
100
AcDbEntity
  8
Top Paste
100
AcDbLine
 10
1.8661496
 20
1.4037795
 30
0.0
 11
1.8401496
 21
1.4037795
 31
0.0
  0
LINE
  5
1224
330
1F
100
AcDbEntity
  8
Top Paste
100
AcDbLine
 10
1.8401496
 20
1.4037795
 30
0.0
 11
1.8401496
 21
1.4237795
 31
0.0
  0
LINE
  5
1225
330
1F
100
AcDbEntity
  8
Top Solder
100
AcDbLine
 10
1.8361496
 20
1.4277795
 30
0.0
 11
1.8701496
 21
1.4277795
 31
0.0
  0
LINE
  5
1226
330
1F
100
AcDbEntity
  8
Top Solder
100
AcDbLine
 10
1.8701496
 20
1.4277795
 30
0.0
 11
1.8701496
 21
1.3997795
 31
0.0
  0
LINE
  5
1227
330
1F
100
AcDbEntity
  8
Top Solder
100
AcDbLine
 10
1.8701496
 20
1.3997795
 30
0.0
 11
1.8361496
 21
1.3997795
 31
0.0
  0
LINE
  5
1228
330
1F
100
AcDbEntity
  8
Top Solder
100
AcDbLine
 10
1.8361496
 20
1.3997795
 30
0.0
 11
1.8361496
 21
1.4277795
 31
0.0
  0
LINE
  5
1229
330
1F
100
AcDbEntity
  8
Top Overlay
100
AcDbLine
 10
1.1890473
 20
0.9548189
 30
0.0
 11
1.1890473
 21
1.0428189
 31
0.0
  0
LINE
  5
122A
330
1F
100
AcDbEntity
  8
Top Overlay
100
AcDbLine
 10
1.1550473
 20
0.9548189
 30
0.0
 11
1.1550473
 21
1.0428189
 31
0.0
  0
LINE
  5
122B
330
1F
100
AcDbEntity
  8
Top Overlay
100
AcDbLine
 10
1.1550473
 20
1.0428189
 30
0.0
 11
1.1890473
 21
1.0428189
 31
0.0
  0
LINE
  5
122C
330
1F
100
AcDbEntity
  8
Top Overlay
100
AcDbLine
 10
1.1550473
 20
0.9548189
 30
0.0
 11
1.1890473
 21
0.9548189
 31
0.0
  0
LINE
  5
122D
330
1F
100
AcDbEntity
  8
Top Paste
100
AcDbLine
 10
1.1820473
 20
1.0358189
 30
0.0
 11
1.1820473
 21
1.0098189
 31
0.0
  0
LINE
  5
122E
330
1F
100
AcDbEntity
  8
Top Paste
100
AcDbLine
 10
1.1820473
 20
1.0098189
 30
0.0
 11
1.1620473
 21
1.0098189
 31
0.0
  0
LINE
  5
122F
330
1F
100
AcDbEntity
  8
Top Paste
100
AcDbLine
 10
1.1620473
 20
1.0098189
 30
0.0
 11
1.1620473
 21
1.0358189
 31
0.0
  0
LINE
  5
1230
330
1F
100
AcDbEntity
  8
Top Paste
100
AcDbLine
 10
1.1620473
 20
1.0358189
 30
0.0
 11
1.1820473
 21
1.0358189
 31
0.0
  0
LINE
  5
1231
330
1F
100
AcDbEntity
  8
Top Solder
100
AcDbLine
 10
1.1860473
 20
1.0398189
 30
0.0
 11
1.1860473
 21
1.0058189
 31
0.0
  0
LINE
  5
1232
330
1F
100
AcDbEntity
  8
Top Solder
100
AcDbLine
 10
1.1860473
 20
1.0058189
 30
0.0
 11
1.1580473
 21
1.0058189
 31
0.0
  0
LINE
  5
1233
330
1F
100
AcDbEntity
  8
Top Solder
100
AcDbLine
 10
1.1580473
 20
1.0058189
 30
0.0
 11
1.1580473
 21
1.0398189
 31
0.0
  0
LINE
  5
1234
330
1F
100
AcDbEntity
  8
Top Solder
100
AcDbLine
 10
1.1580473
 20
1.0398189
 30
0.0
 11
1.1860473
 21
1.0398189
 31
0.0
  0
LINE
  5
1235
330
1F
100
AcDbEntity
  8
Top Paste
100
AcDbLine
 10
1.1820473
 20
0.9878189
 30
0.0
 11
1.1820473
 21
0.9618189
 31
0.0
  0
LINE
  5
1236
330
1F
100
AcDbEntity
  8
Top Paste
100
AcDbLine
 10
1.1820473
 20
0.9618189
 30
0.0
 11
1.1620473
 21
0.9618189
 31
0.0
  0
LINE
  5
1237
330
1F
100
AcDbEntity
  8
Top Paste
100
AcDbLine
 10
1.1620473
 20
0.9618189
 30
0.0
 11
1.1620473
 21
0.9878189
 31
0.0
  0
LINE
  5
1238
330
1F
100
AcDbEntity
  8
Top Paste
100
AcDbLine
 10
1.1620473
 20
0.9878189
 30
0.0
 11
1.1820473
 21
0.9878189
 31
0.0
  0
LINE
  5
1239
330
1F
100
AcDbEntity
  8
Top Solder
100
AcDbLine
 10
1.1860473
 20
0.9918189
 30
0.0
 11
1.1860473
 21
0.9578189
 31
0.0
  0
LINE
  5
123A
330
1F
100
AcDbEntity
  8
Top Solder
100
AcDbLine
 10
1.1860473
 20
0.9578189
 30
0.0
 11
1.1580473
 21
0.9578189
 31
0.0
  0
LINE
  5
123B
330
1F
100
AcDbEntity
  8
Top Solder
100
AcDbLine
 10
1.1580473
 20
0.9578189
 30
0.0
 11
1.1580473
 21
0.9918189
 31
0.0
  0
LINE
  5
123C
330
1F
100
AcDbEntity
  8
Top Solder
100
AcDbLine
 10
1.1580473
 20
0.9918189
 30
0.0
 11
1.1860473
 21
0.9918189
 31
0.0
  0
LINE
  5
123D
330
1F
100
AcDbEntity
  8
Top Overlay
100
AcDbLine
 10
0.6976523
 20
2.3816139
 30
0.0
 11
0.7316523
 21
2.3816139
 31
0.0
  0
LINE
  5
123E
330
1F
100
AcDbEntity
  8
Top Overlay
100
AcDbLine
 10
0.6976523
 20
2.4696139
 30
0.0
 11
0.7316523
 21
2.4696139
 31
0.0
  0
LINE
  5
123F
330
1F
100
AcDbEntity
  8
Top Overlay
100
AcDbLine
 10
0.6976523
 20
2.3816139
 30
0.0
 11
0.6976523
 21
2.4696139
 31
0.0
  0
LINE
  5
1240
330
1F
100
AcDbEntity
  8
Top Overlay
100
AcDbLine
 10
0.7316523
 20
2.3816139
 30
0.0
 11
0.7316523
 21
2.4696139
 31
0.0
  0
LINE
  5
1241
330
1F
100
AcDbEntity
  8
Top Paste
100
AcDbLine
 10
0.7246523
 20
2.4146139
 30
0.0
 11
0.7246523
 21
2.3886139
 31
0.0
  0
LINE
  5
1242
330
1F
100
AcDbEntity
  8
Top Paste
100
AcDbLine
 10
0.7246523
 20
2.3886139
 30
0.0
 11
0.7046523
 21
2.3886139
 31
0.0
  0
LINE
  5
1243
330
1F
100
AcDbEntity
  8
Top Paste
100
AcDbLine
 10
0.7046523
 20
2.3886139
 30
0.0
 11
0.7046523
 21
2.4146139
 31
0.0
  0
LINE
  5
1244
330
1F
100
AcDbEntity
  8
Top Paste
100
AcDbLine
 10
0.7046523
 20
2.4146139
 30
0.0
 11
0.7246523
 21
2.4146139
 31
0.0
  0
LINE
  5
1245
330
1F
100
AcDbEntity
  8
Top Solder
100
AcDbLine
 10
0.7286523
 20
2.4186139
 30
0.0
 11
0.7286523
 21
2.3846139
 31
0.0
  0
LINE
  5
1246
330
1F
100
AcDbEntity
  8
Top Solder
100
AcDbLine
 10
0.7286523
 20
2.3846139
 30
0.0
 11
0.7006523
 21
2.3846139
 31
0.0
  0
LINE
  5
1247
330
1F
100
AcDbEntity
  8
Top Solder
100
AcDbLine
 10
0.7006523
 20
2.3846139
 30
0.0
 11
0.7006523
 21
2.4186139
 31
0.0
  0
LINE
  5
1248
330
1F
100
AcDbEntity
  8
Top Solder
100
AcDbLine
 10
0.7006523
 20
2.4186139
 30
0.0
 11
0.7286523
 21
2.4186139
 31
0.0
  0
LINE
  5
1249
330
1F
100
AcDbEntity
  8
Top Paste
100
AcDbLine
 10
0.7246523
 20
2.4626139
 30
0.0
 11
0.7246523
 21
2.4366139
 31
0.0
  0
LINE
  5
124A
330
1F
100
AcDbEntity
  8
Top Paste
100
AcDbLine
 10
0.7246523
 20
2.4366139
 30
0.0
 11
0.7046523
 21
2.4366139
 31
0.0
  0
LINE
  5
124B
330
1F
100
AcDbEntity
  8
Top Paste
100
AcDbLine
 10
0.7046523
 20
2.4366139
 30
0.0
 11
0.7046523
 21
2.4626139
 31
0.0
  0
LINE
  5
124C
330
1F
100
AcDbEntity
  8
Top Paste
100
AcDbLine
 10
0.7046523
 20
2.4626139
 30
0.0
 11
0.7246523
 21
2.4626139
 31
0.0
  0
LINE
  5
124D
330
1F
100
AcDbEntity
  8
Top Solder
100
AcDbLine
 10
0.7286523
 20
2.4666139
 30
0.0
 11
0.7286523
 21
2.4326139
 31
0.0
  0
LINE
  5
124E
330
1F
100
AcDbEntity
  8
Top Solder
100
AcDbLine
 10
0.7286523
 20
2.4326139
 30
0.0
 11
0.7006523
 21
2.4326139
 31
0.0
  0
LINE
  5
124F
330
1F
100
AcDbEntity
  8
Top Solder
100
AcDbLine
 10
0.7006523
 20
2.4326139
 30
0.0
 11
0.7006523
 21
2.4666139
 31
0.0
  0
LINE
  5
1250
330
1F
100
AcDbEntity
  8
Top Solder
100
AcDbLine
 10
0.7006523
 20
2.4666139
 30
0.0
 11
0.7286523
 21
2.4666139
 31
0.0
  0
LINE
  5
1251
330
1F
100
AcDbEntity
  8
Top Overlay
100
AcDbLine
 10
0.4652835
 20
2.1644567
 30
0.0
 11
0.4992835
 21
2.1644567
 31
0.0
  0
LINE
  5
1252
330
1F
100
AcDbEntity
  8
Top Overlay
100
AcDbLine
 10
0.4652835
 20
2.0764567
 30
0.0
 11
0.4992835
 21
2.0764567
 31
0.0
  0
LINE
  5
1253
330
1F
100
AcDbEntity
  8
Top Overlay
100
AcDbLine
 10
0.4992835
 20
2.0764567
 30
0.0
 11
0.4992835
 21
2.1644567
 31
0.0
  0
LINE
  5
1254
330
1F
100
AcDbEntity
  8
Top Overlay
100
AcDbLine
 10
0.4652835
 20
2.0764567
 30
0.0
 11
0.4652835
 21
2.1644567
 31
0.0
  0
LINE
  5
1255
330
1F
100
AcDbEntity
  8
Top Paste
100
AcDbLine
 10
0.4722835
 20
2.1314567
 30
0.0
 11
0.4722835
 21
2.1574567
 31
0.0
  0
LINE
  5
1256
330
1F
100
AcDbEntity
  8
Top Paste
100
AcDbLine
 10
0.4722835
 20
2.1574567
 30
0.0
 11
0.4922835
 21
2.1574567
 31
0.0
  0
LINE
  5
1257
330
1F
100
AcDbEntity
  8
Top Paste
100
AcDbLine
 10
0.4922835
 20
2.1574567
 30
0.0
 11
0.4922835
 21
2.1314567
 31
0.0
  0
LINE
  5
1258
330
1F
100
AcDbEntity
  8
Top Paste
100
AcDbLine
 10
0.4922835
 20
2.1314567
 30
0.0
 11
0.4722835
 21
2.1314567
 31
0.0
  0
LINE
  5
1259
330
1F
100
AcDbEntity
  8
Top Solder
100
AcDbLine
 10
0.4682835
 20
2.1274567
 30
0.0
 11
0.4682835
 21
2.1614567
 31
0.0
  0
LINE
  5
125A
330
1F
100
AcDbEntity
  8
Top Solder
100
AcDbLine
 10
0.4682835
 20
2.1614567
 30
0.0
 11
0.4962835
 21
2.1614567
 31
0.0
  0
LINE
  5
125B
330
1F
100
AcDbEntity
  8
Top Solder
100
AcDbLine
 10
0.4962835
 20
2.1614567
 30
0.0
 11
0.4962835
 21
2.1274567
 31
0.0
  0
LINE
  5
125C
330
1F
100
AcDbEntity
  8
Top Solder
100
AcDbLine
 10
0.4962835
 20
2.1274567
 30
0.0
 11
0.4682835
 21
2.1274567
 31
0.0
  0
LINE
  5
125D
330
1F
100
AcDbEntity
  8
Top Paste
100
AcDbLine
 10
0.4722835
 20
2.0834567
 30
0.0
 11
0.4722835
 21
2.1094567
 31
0.0
  0
LINE
  5
125E
330
1F
100
AcDbEntity
  8
Top Paste
100
AcDbLine
 10
0.4722835
 20
2.1094567
 30
0.0
 11
0.4922835
 21
2.1094567
 31
0.0
  0
LINE
  5
125F
330
1F
100
AcDbEntity
  8
Top Paste
100
AcDbLine
 10
0.4922835
 20
2.1094567
 30
0.0
 11
0.4922835
 21
2.0834567
 31
0.0
  0
LINE
  5
1260
330
1F
100
AcDbEntity
  8
Top Paste
100
AcDbLine
 10
0.4922835
 20
2.0834567
 30
0.0
 11
0.4722835
 21
2.0834567
 31
0.0
  0
LINE
  5
1261
330
1F
100
AcDbEntity
  8
Top Solder
100
AcDbLine
 10
0.4682835
 20
2.0794567
 30
0.0
 11
0.4682835
 21
2.1134567
 31
0.0
  0
LINE
  5
1262
330
1F
100
AcDbEntity
  8
Top Solder
100
AcDbLine
 10
0.4682835
 20
2.1134567
 30
0.0
 11
0.4962835
 21
2.1134567
 31
0.0
  0
LINE
  5
1263
330
1F
100
AcDbEntity
  8
Top Solder
100
AcDbLine
 10
0.4962835
 20
2.1134567
 30
0.0
 11
0.4962835
 21
2.0794567
 31
0.0
  0
LINE
  5
1264
330
1F
100
AcDbEntity
  8
Top Solder
100
AcDbLine
 10
0.4962835
 20
2.0794567
 30
0.0
 11
0.4682835
 21
2.0794567
 31
0.0
  0
LINE
  5
1265
330
1F
100
AcDbEntity
  8
Top Overlay
100
AcDbLine
 10
0.5097717
 20
2.1648504
 30
0.0
 11
0.5437717
 21
2.1648504
 31
0.0
  0
LINE
  5
1266
330
1F
100
AcDbEntity
  8
Top Overlay
100
AcDbLine
 10
0.5097717
 20
2.0768504
 30
0.0
 11
0.5437717
 21
2.0768504
 31
0.0
  0
LINE
  5
1267
330
1F
100
AcDbEntity
  8
Top Overlay
100
AcDbLine
 10
0.5437717
 20
2.0768504
 30
0.0
 11
0.5437717
 21
2.1648504
 31
0.0
  0
LINE
  5
1268
330
1F
100
AcDbEntity
  8
Top Overlay
100
AcDbLine
 10
0.5097717
 20
2.0768504
 30
0.0
 11
0.5097717
 21
2.1648504
 31
0.0
  0
LINE
  5
1269
330
1F
100
AcDbEntity
  8
Top Paste
100
AcDbLine
 10
0.5167717
 20
2.1318504
 30
0.0
 11
0.5167717
 21
2.1578504
 31
0.0
  0
LINE
  5
126A
330
1F
100
AcDbEntity
  8
Top Paste
100
AcDbLine
 10
0.5167717
 20
2.1578504
 30
0.0
 11
0.5367717
 21
2.1578504
 31
0.0
  0
LINE
  5
126B
330
1F
100
AcDbEntity
  8
Top Paste
100
AcDbLine
 10
0.5367717
 20
2.1578504
 30
0.0
 11
0.5367717
 21
2.1318504
 31
0.0
  0
LINE
  5
126C
330
1F
100
AcDbEntity
  8
Top Paste
100
AcDbLine
 10
0.5367717
 20
2.1318504
 30
0.0
 11
0.5167717
 21
2.1318504
 31
0.0
  0
LINE
  5
126D
330
1F
100
AcDbEntity
  8
Top Solder
100
AcDbLine
 10
0.5127717
 20
2.1278504
 30
0.0
 11
0.5127717
 21
2.1618504
 31
0.0
  0
LINE
  5
126E
330
1F
100
AcDbEntity
  8
Top Solder
100
AcDbLine
 10
0.5127717
 20
2.1618504
 30
0.0
 11
0.5407717
 21
2.1618504
 31
0.0
  0
LINE
  5
126F
330
1F
100
AcDbEntity
  8
Top Solder
100
AcDbLine
 10
0.5407717
 20
2.1618504
 30
0.0
 11
0.5407717
 21
2.1278504
 31
0.0
  0
LINE
  5
1270
330
1F
100
AcDbEntity
  8
Top Solder
100
AcDbLine
 10
0.5407717
 20
2.1278504
 30
0.0
 11
0.5127717
 21
2.1278504
 31
0.0
  0
LINE
  5
1271
330
1F
100
AcDbEntity
  8
Top Paste
100
AcDbLine
 10
0.5167717
 20
2.0838504
 30
0.0
 11
0.5167717
 21
2.1098504
 31
0.0
  0
LINE
  5
1272
330
1F
100
AcDbEntity
  8
Top Paste
100
AcDbLine
 10
0.5167717
 20
2.1098504
 30
0.0
 11
0.5367717
 21
2.1098504
 31
0.0
  0
LINE
  5
1273
330
1F
100
AcDbEntity
  8
Top Paste
100
AcDbLine
 10
0.5367717
 20
2.1098504
 30
0.0
 11
0.5367717
 21
2.0838504
 31
0.0
  0
LINE
  5
1274
330
1F
100
AcDbEntity
  8
Top Paste
100
AcDbLine
 10
0.5367717
 20
2.0838504
 30
0.0
 11
0.5167717
 21
2.0838504
 31
0.0
  0
LINE
  5
1275
330
1F
100
AcDbEntity
  8
Top Solder
100
AcDbLine
 10
0.5127717
 20
2.0798504
 30
0.0
 11
0.5127717
 21
2.1138504
 31
0.0
  0
LINE
  5
1276
330
1F
100
AcDbEntity
  8
Top Solder
100
AcDbLine
 10
0.5127717
 20
2.1138504
 30
0.0
 11
0.5407717
 21
2.1138504
 31
0.0
  0
LINE
  5
1277
330
1F
100
AcDbEntity
  8
Top Solder
100
AcDbLine
 10
0.5407717
 20
2.1138504
 30
0.0
 11
0.5407717
 21
2.0798504
 31
0.0
  0
LINE
  5
1278
330
1F
100
AcDbEntity
  8
Top Solder
100
AcDbLine
 10
0.5407717
 20
2.0798504
 30
0.0
 11
0.5127717
 21
2.0798504
 31
0.0
  0
LINE
  5
1279
330
1F
100
AcDbEntity
  8
Top Overlay
100
AcDbLine
 10
1.1404803
 20
1.2434016
 30
0.0
 11
1.1404803
 21
1.3314016
 31
0.0
  0
LINE
  5
127A
330
1F
100
AcDbEntity
  8
Top Overlay
100
AcDbLine
 10
1.1744803
 20
1.2434016
 30
0.0
 11
1.1744803
 21
1.3314016
 31
0.0
  0
LINE
  5
127B
330
1F
100
AcDbEntity
  8
Top Overlay
100
AcDbLine
 10
1.1404803
 20
1.2434016
 30
0.0
 11
1.1744803
 21
1.2434016
 31
0.0
  0
LINE
  5
127C
330
1F
100
AcDbEntity
  8
Top Overlay
100
AcDbLine
 10
1.1404803
 20
1.3314016
 30
0.0
 11
1.1744803
 21
1.3314016
 31
0.0
  0
LINE
  5
127D
330
1F
100
AcDbEntity
  8
Top Paste
100
AcDbLine
 10
1.1474803
 20
1.2504016
 30
0.0
 11
1.1474803
 21
1.2764016
 31
0.0
  0
LINE
  5
127E
330
1F
100
AcDbEntity
  8
Top Paste
100
AcDbLine
 10
1.1474803
 20
1.2764016
 30
0.0
 11
1.1674803
 21
1.2764016
 31
0.0
  0
LINE
  5
127F
330
1F
100
AcDbEntity
  8
Top Paste
100
AcDbLine
 10
1.1674803
 20
1.2764016
 30
0.0
 11
1.1674803
 21
1.2504016
 31
0.0
  0
LINE
  5
1280
330
1F
100
AcDbEntity
  8
Top Paste
100
AcDbLine
 10
1.1674803
 20
1.2504016
 30
0.0
 11
1.1474803
 21
1.2504016
 31
0.0
  0
LINE
  5
1281
330
1F
100
AcDbEntity
  8
Top Solder
100
AcDbLine
 10
1.1434803
 20
1.2464016
 30
0.0
 11
1.1434803
 21
1.2804016
 31
0.0
  0
LINE
  5
1282
330
1F
100
AcDbEntity
  8
Top Solder
100
AcDbLine
 10
1.1434803
 20
1.2804016
 30
0.0
 11
1.1714803
 21
1.2804016
 31
0.0
  0
LINE
  5
1283
330
1F
100
AcDbEntity
  8
Top Solder
100
AcDbLine
 10
1.1714803
 20
1.2804016
 30
0.0
 11
1.1714803
 21
1.2464016
 31
0.0
  0
LINE
  5
1284
330
1F
100
AcDbEntity
  8
Top Solder
100
AcDbLine
 10
1.1714803
 20
1.2464016
 30
0.0
 11
1.1434803
 21
1.2464016
 31
0.0
  0
LINE
  5
1285
330
1F
100
AcDbEntity
  8
Top Paste
100
AcDbLine
 10
1.1474803
 20
1.2984016
 30
0.0
 11
1.1474803
 21
1.3244016
 31
0.0
  0
LINE
  5
1286
330
1F
100
AcDbEntity
  8
Top Paste
100
AcDbLine
 10
1.1474803
 20
1.3244016
 30
0.0
 11
1.1674803
 21
1.3244016
 31
0.0
  0
LINE
  5
1287
330
1F
100
AcDbEntity
  8
Top Paste
100
AcDbLine
 10
1.1674803
 20
1.3244016
 30
0.0
 11
1.1674803
 21
1.2984016
 31
0.0
  0
LINE
  5
1288
330
1F
100
AcDbEntity
  8
Top Paste
100
AcDbLine
 10
1.1674803
 20
1.2984016
 30
0.0
 11
1.1474803
 21
1.2984016
 31
0.0
  0
LINE
  5
1289
330
1F
100
AcDbEntity
  8
Top Solder
100
AcDbLine
 10
1.1434803
 20
1.2944016
 30
0.0
 11
1.1434803
 21
1.3284016
 31
0.0
  0
LINE
  5
128A
330
1F
100
AcDbEntity
  8
Top Solder
100
AcDbLine
 10
1.1434803
 20
1.3284016
 30
0.0
 11
1.1714803
 21
1.3284016
 31
0.0
  0
LINE
  5
128B
330
1F
100
AcDbEntity
  8
Top Solder
100
AcDbLine
 10
1.1714803
 20
1.3284016
 30
0.0
 11
1.1714803
 21
1.2944016
 31
0.0
  0
LINE
  5
128C
330
1F
100
AcDbEntity
  8
Top Solder
100
AcDbLine
 10
1.1714803
 20
1.2944016
 30
0.0
 11
1.1434803
 21
1.2944016
 31
0.0
  0
LINE
  5
128D
330
1F
100
AcDbEntity
  8
Top Overlay
100
AcDbLine
 10
1.1011102
 20
1.2434016
 30
0.0
 11
1.1011102
 21
1.3314016
 31
0.0
  0
LINE
  5
128E
330
1F
100
AcDbEntity
  8
Top Overlay
100
AcDbLine
 10
1.1351102
 20
1.2434016
 30
0.0
 11
1.1351102
 21
1.3314016
 31
0.0
  0
LINE
  5
128F
330
1F
100
AcDbEntity
  8
Top Overlay
100
AcDbLine
 10
1.1011102
 20
1.2434016
 30
0.0
 11
1.1351102
 21
1.2434016
 31
0.0
  0
LINE
  5
1290
330
1F
100
AcDbEntity
  8
Top Overlay
100
AcDbLine
 10
1.1011102
 20
1.3314016
 30
0.0
 11
1.1351102
 21
1.3314016
 31
0.0
  0
LINE
  5
1291
330
1F
100
AcDbEntity
  8
Top Paste
100
AcDbLine
 10
1.1081102
 20
1.2504016
 30
0.0
 11
1.1081102
 21
1.2764016
 31
0.0
  0
LINE
  5
1292
330
1F
100
AcDbEntity
  8
Top Paste
100
AcDbLine
 10
1.1081102
 20
1.2764016
 30
0.0
 11
1.1281102
 21
1.2764016
 31
0.0
  0
LINE
  5
1293
330
1F
100
AcDbEntity
  8
Top Paste
100
AcDbLine
 10
1.1281102
 20
1.2764016
 30
0.0
 11
1.1281102
 21
1.2504016
 31
0.0
  0
LINE
  5
1294
330
1F
100
AcDbEntity
  8
Top Paste
100
AcDbLine
 10
1.1281102
 20
1.2504016
 30
0.0
 11
1.1081102
 21
1.2504016
 31
0.0
  0
LINE
  5
1295
330
1F
100
AcDbEntity
  8
Top Solder
100
AcDbLine
 10
1.1041102
 20
1.2464016
 30
0.0
 11
1.1041102
 21
1.2804016
 31
0.0
  0
LINE
  5
1296
330
1F
100
AcDbEntity
  8
Top Solder
100
AcDbLine
 10
1.1041102
 20
1.2804016
 30
0.0
 11
1.1321102
 21
1.2804016
 31
0.0
  0
LINE
  5
1297
330
1F
100
AcDbEntity
  8
Top Solder
100
AcDbLine
 10
1.1321102
 20
1.2804016
 30
0.0
 11
1.1321102
 21
1.2464016
 31
0.0
  0
LINE
  5
1298
330
1F
100
AcDbEntity
  8
Top Solder
100
AcDbLine
 10
1.1321102
 20
1.2464016
 30
0.0
 11
1.1041102
 21
1.2464016
 31
0.0
  0
LINE
  5
1299
330
1F
100
AcDbEntity
  8
Top Paste
100
AcDbLine
 10
1.1081102
 20
1.2984016
 30
0.0
 11
1.1081102
 21
1.3244016
 31
0.0
  0
LINE
  5
129A
330
1F
100
AcDbEntity
  8
Top Paste
100
AcDbLine
 10
1.1081102
 20
1.3244016
 30
0.0
 11
1.1281102
 21
1.3244016
 31
0.0
  0
LINE
  5
129B
330
1F
100
AcDbEntity
  8
Top Paste
100
AcDbLine
 10
1.1281102
 20
1.3244016
 30
0.0
 11
1.1281102
 21
1.2984016
 31
0.0
  0
LINE
  5
129C
330
1F
100
AcDbEntity
  8
Top Paste
100
AcDbLine
 10
1.1281102
 20
1.2984016
 30
0.0
 11
1.1081102
 21
1.2984016
 31
0.0
  0
LINE
  5
129D
330
1F
100
AcDbEntity
  8
Top Solder
100
AcDbLine
 10
1.1041102
 20
1.2944016
 30
0.0
 11
1.1041102
 21
1.3284016
 31
0.0
  0
LINE
  5
129E
330
1F
100
AcDbEntity
  8
Top Solder
100
AcDbLine
 10
1.1041102
 20
1.3284016
 30
0.0
 11
1.1321102
 21
1.3284016
 31
0.0
  0
LINE
  5
129F
330
1F
100
AcDbEntity
  8
Top Solder
100
AcDbLine
 10
1.1321102
 20
1.3284016
 30
0.0
 11
1.1321102
 21
1.2944016
 31
0.0
  0
LINE
  5
12A0
330
1F
100
AcDbEntity
  8
Top Solder
100
AcDbLine
 10
1.1321102
 20
1.2944016
 30
0.0
 11
1.1041102
 21
1.2944016
 31
0.0
  0
LINE
  5
12A1
330
1F
100
AcDbEntity
  8
Top Overlay
100
AcDbLine
 10
0.5495354
 20
1.8240945
 30
0.0
 11
0.5835354
 21
1.8240945
 31
0.0
  0
LINE
  5
12A2
330
1F
100
AcDbEntity
  8
Top Overlay
100
AcDbLine
 10
0.5495354
 20
1.9120945
 30
0.0
 11
0.5835354
 21
1.9120945
 31
0.0
  0
LINE
  5
12A3
330
1F
100
AcDbEntity
  8
Top Overlay
100
AcDbLine
 10
0.5495354
 20
1.8240945
 30
0.0
 11
0.5495354
 21
1.9120945
 31
0.0
  0
LINE
  5
12A4
330
1F
100
AcDbEntity
  8
Top Overlay
100
AcDbLine
 10
0.5835354
 20
1.8240945
 30
0.0
 11
0.5835354
 21
1.9120945
 31
0.0
  0
LINE
  5
12A5
330
1F
100
AcDbEntity
  8
Top Paste
100
AcDbLine
 10
0.5765354
 20
1.8570945
 30
0.0
 11
0.5765354
 21
1.8310945
 31
0.0
  0
LINE
  5
12A6
330
1F
100
AcDbEntity
  8
Top Paste
100
AcDbLine
 10
0.5765354
 20
1.8310945
 30
0.0
 11
0.5565354
 21
1.8310945
 31
0.0
  0
LINE
  5
12A7
330
1F
100
AcDbEntity
  8
Top Paste
100
AcDbLine
 10
0.5565354
 20
1.8310945
 30
0.0
 11
0.5565354
 21
1.8570945
 31
0.0
  0
LINE
  5
12A8
330
1F
100
AcDbEntity
  8
Top Paste
100
AcDbLine
 10
0.5565354
 20
1.8570945
 30
0.0
 11
0.5765354
 21
1.8570945
 31
0.0
  0
LINE
  5
12A9
330
1F
100
AcDbEntity
  8
Top Solder
100
AcDbLine
 10
0.5805354
 20
1.8610945
 30
0.0
 11
0.5805354
 21
1.8270945
 31
0.0
  0
LINE
  5
12AA
330
1F
100
AcDbEntity
  8
Top Solder
100
AcDbLine
 10
0.5805354
 20
1.8270945
 30
0.0
 11
0.5525354
 21
1.8270945
 31
0.0
  0
LINE
  5
12AB
330
1F
100
AcDbEntity
  8
Top Solder
100
AcDbLine
 10
0.5525354
 20
1.8270945
 30
0.0
 11
0.5525354
 21
1.8610945
 31
0.0
  0
LINE
  5
12AC
330
1F
100
AcDbEntity
  8
Top Solder
100
AcDbLine
 10
0.5525354
 20
1.8610945
 30
0.0
 11
0.5805354
 21
1.8610945
 31
0.0
  0
LINE
  5
12AD
330
1F
100
AcDbEntity
  8
Top Paste
100
AcDbLine
 10
0.5765354
 20
1.9050945
 30
0.0
 11
0.5765354
 21
1.8790945
 31
0.0
  0
LINE
  5
12AE
330
1F
100
AcDbEntity
  8
Top Paste
100
AcDbLine
 10
0.5765354
 20
1.8790945
 30
0.0
 11
0.5565354
 21
1.8790945
 31
0.0
  0
LINE
  5
12AF
330
1F
100
AcDbEntity
  8
Top Paste
100
AcDbLine
 10
0.5565354
 20
1.8790945
 30
0.0
 11
0.5565354
 21
1.9050945
 31
0.0
  0
LINE
  5
12B0
330
1F
100
AcDbEntity
  8
Top Paste
100
AcDbLine
 10
0.5565354
 20
1.9050945
 30
0.0
 11
0.5765354
 21
1.9050945
 31
0.0
  0
LINE
  5
12B1
330
1F
100
AcDbEntity
  8
Top Solder
100
AcDbLine
 10
0.5805354
 20
1.9090945
 30
0.0
 11
0.5805354
 21
1.8750945
 31
0.0
  0
LINE
  5
12B2
330
1F
100
AcDbEntity
  8
Top Solder
100
AcDbLine
 10
0.5805354
 20
1.8750945
 30
0.0
 11
0.5525354
 21
1.8750945
 31
0.0
  0
LINE
  5
12B3
330
1F
100
AcDbEntity
  8
Top Solder
100
AcDbLine
 10
0.5525354
 20
1.8750945
 30
0.0
 11
0.5525354
 21
1.9090945
 31
0.0
  0
LINE
  5
12B4
330
1F
100
AcDbEntity
  8
Top Solder
100
AcDbLine
 10
0.5525354
 20
1.9090945
 30
0.0
 11
0.5805354
 21
1.9090945
 31
0.0
  0
LINE
  5
12B5
330
1F
100
AcDbEntity
  8
Top Overlay
100
AcDbLine
 10
0.5952047
 20
1.8240945
 30
0.0
 11
0.6292047
 21
1.8240945
 31
0.0
  0
LINE
  5
12B6
330
1F
100
AcDbEntity
  8
Top Overlay
100
AcDbLine
 10
0.5952047
 20
1.9120945
 30
0.0
 11
0.6292047
 21
1.9120945
 31
0.0
  0
LINE
  5
12B7
330
1F
100
AcDbEntity
  8
Top Overlay
100
AcDbLine
 10
0.5952047
 20
1.8240945
 30
0.0
 11
0.5952047
 21
1.9120945
 31
0.0
  0
LINE
  5
12B8
330
1F
100
AcDbEntity
  8
Top Overlay
100
AcDbLine
 10
0.6292047
 20
1.8240945
 30
0.0
 11
0.6292047
 21
1.9120945
 31
0.0
  0
LINE
  5
12B9
330
1F
100
AcDbEntity
  8
Top Paste
100
AcDbLine
 10
0.6222047
 20
1.8570945
 30
0.0
 11
0.6222047
 21
1.8310945
 31
0.0
  0
LINE
  5
12BA
330
1F
100
AcDbEntity
  8
Top Paste
100
AcDbLine
 10
0.6222047
 20
1.8310945
 30
0.0
 11
0.6022047
 21
1.8310945
 31
0.0
  0
LINE
  5
12BB
330
1F
100
AcDbEntity
  8
Top Paste
100
AcDbLine
 10
0.6022047
 20
1.8310945
 30
0.0
 11
0.6022047
 21
1.8570945
 31
0.0
  0
LINE
  5
12BC
330
1F
100
AcDbEntity
  8
Top Paste
100
AcDbLine
 10
0.6022047
 20
1.8570945
 30
0.0
 11
0.6222047
 21
1.8570945
 31
0.0
  0
LINE
  5
12BD
330
1F
100
AcDbEntity
  8
Top Solder
100
AcDbLine
 10
0.6262047
 20
1.8610945
 30
0.0
 11
0.6262047
 21
1.8270945
 31
0.0
  0
LINE
  5
12BE
330
1F
100
AcDbEntity
  8
Top Solder
100
AcDbLine
 10
0.6262047
 20
1.8270945
 30
0.0
 11
0.5982047
 21
1.8270945
 31
0.0
  0
LINE
  5
12BF
330
1F
100
AcDbEntity
  8
Top Solder
100
AcDbLine
 10
0.5982047
 20
1.8270945
 30
0.0
 11
0.5982047
 21
1.8610945
 31
0.0
  0
LINE
  5
12C0
330
1F
100
AcDbEntity
  8
Top Solder
100
AcDbLine
 10
0.5982047
 20
1.8610945
 30
0.0
 11
0.6262047
 21
1.8610945
 31
0.0
  0
LINE
  5
12C1
330
1F
100
AcDbEntity
  8
Top Paste
100
AcDbLine
 10
0.6222047
 20
1.9050945
 30
0.0
 11
0.6222047
 21
1.8790945
 31
0.0
  0
LINE
  5
12C2
330
1F
100
AcDbEntity
  8
Top Paste
100
AcDbLine
 10
0.6222047
 20
1.8790945
 30
0.0
 11
0.6022047
 21
1.8790945
 31
0.0
  0
LINE
  5
12C3
330
1F
100
AcDbEntity
  8
Top Paste
100
AcDbLine
 10
0.6022047
 20
1.8790945
 30
0.0
 11
0.6022047
 21
1.9050945
 31
0.0
  0
LINE
  5
12C4
330
1F
100
AcDbEntity
  8
Top Paste
100
AcDbLine
 10
0.6022047
 20
1.9050945
 30
0.0
 11
0.6222047
 21
1.9050945
 31
0.0
  0
LINE
  5
12C5
330
1F
100
AcDbEntity
  8
Top Solder
100
AcDbLine
 10
0.6262047
 20
1.9090945
 30
0.0
 11
0.6262047
 21
1.8750945
 31
0.0
  0
LINE
  5
12C6
330
1F
100
AcDbEntity
  8
Top Solder
100
AcDbLine
 10
0.6262047
 20
1.8750945
 30
0.0
 11
0.5982047
 21
1.8750945
 31
0.0
  0
LINE
  5
12C7
330
1F
100
AcDbEntity
  8
Top Solder
100
AcDbLine
 10
0.5982047
 20
1.8750945
 30
0.0
 11
0.5982047
 21
1.9090945
 31
0.0
  0
LINE
  5
12C8
330
1F
100
AcDbEntity
  8
Top Solder
100
AcDbLine
 10
0.5982047
 20
1.9090945
 30
0.0
 11
0.6262047
 21
1.9090945
 31
0.0
  0
LINE
  5
12C9
330
1F
100
AcDbEntity
  8
Top Overlay
100
AcDbLine
 10
0.7066929
 20
0.7417915
 30
0.0
 11
0.7066929
 21
0.7811614
 31
0.0
  0
LINE
  5
12CA
330
1F
100
AcDbEntity
  8
Top Overlay
100
AcDbLine
 10
0.6515748
 20
0.7417914
 30
0.0
 11
0.6515749
 21
0.7417915
 31
0.0
  0
LINE
  5
12CB
330
1F
100
AcDbEntity
  8
Top Overlay
100
AcDbLine
 10
0.6515749
 20
0.7417915
 30
0.0
 11
0.6515749
 21
0.7811614
 31
0.0
  0
LINE
  5
12CC
330
1F
100
AcDbEntity
  8
Top Overlay
100
AcDbLine
 10
0.6515748
 20
0.7811615
 30
0.0
 11
0.6515749
 21
0.7811614
 31
0.0
  0
LINE
  5
12CD
330
1F
100
AcDbEntity
  8
Top Overlay
100
AcDbLine
 10
0.7066929
 20
0.6719843
 30
0.0
 11
0.7066929
 21
0.7102953
 31
0.0
  0
LINE
  5
12CE
330
1F
100
AcDbEntity
  8
Top Overlay
100
AcDbLine
 10
0.6515748
 20
0.6719843
 30
0.0
 11
0.6515748
 21
0.7102953
 31
0.0
  0
LINE
  5
12CF
330
1F
100
AcDbEntity
  8
Top Overlay
100
AcDbLine
 10
0.6515748
 20
0.6719843
 30
0.0
 11
0.7066929
 21
0.6719843
 31
0.0
  0
LINE
  5
12D0
330
1F
100
AcDbEntity
  8
Top Overlay
100
AcDbLine
 10
0.7066928
 20
0.7811615
 30
0.0
 11
0.7066929
 21
0.7811614
 31
0.0
  0
LINE
  5
12D1
330
1F
100
AcDbEntity
  8
Top Overlay
100
AcDbLine
 10
0.6515748
 20
0.7811615
 30
0.0
 11
0.7066928
 21
0.7811615
 31
0.0
  0
LINE
  5
12D2
330
1F
100
AcDbEntity
  8
Top Overlay
100
AcDbLine
 10
0.7066929
 20
0.7811614
 30
0.0
 11
0.706693
 21
0.7811615
 31
0.0
  0
LINE
  5
12D3
330
1F
100
AcDbEntity
  8
Top Paste
100
AcDbLine
 10
0.66141735
 20
0.74123625
 30
0.0
 11
0.66141735
 21
0.77273235
 31
0.0
  0
LINE
  5
12D4
330
1F
100
AcDbEntity
  8
Top Paste
100
AcDbLine
 10
0.66141735
 20
0.77273235
 30
0.0
 11
0.69685045
 21
0.77273235
 31
0.0
  0
LINE
  5
12D5
330
1F
100
AcDbEntity
  8
Top Paste
100
AcDbLine
 10
0.69685045
 20
0.77273235
 30
0.0
 11
0.69685045
 21
0.74123625
 31
0.0
  0
LINE
  5
12D6
330
1F
100
AcDbEntity
  8
Top Paste
100
AcDbLine
 10
0.69685045
 20
0.74123625
 30
0.0
 11
0.66141735
 21
0.74123625
 31
0.0
  0
LINE
  5
12D7
330
1F
100
AcDbEntity
  8
Top Solder
100
AcDbLine
 10
0.65741735
 20
0.73723625
 30
0.0
 11
0.65741735
 21
0.77673235
 31
0.0
  0
LINE
  5
12D8
330
1F
100
AcDbEntity
  8
Top Solder
100
AcDbLine
 10
0.65741735
 20
0.77673235
 30
0.0
 11
0.70085045
 21
0.77673235
 31
0.0
  0
LINE
  5
12D9
330
1F
100
AcDbEntity
  8
Top Solder
100
AcDbLine
 10
0.70085045
 20
0.77673235
 30
0.0
 11
0.70085045
 21
0.73723625
 31
0.0
  0
LINE
  5
12DA
330
1F
100
AcDbEntity
  8
Top Solder
100
AcDbLine
 10
0.70085045
 20
0.73723625
 30
0.0
 11
0.65741735
 21
0.73723625
 31
0.0
  0
LINE
  5
12DB
330
1F
100
AcDbEntity
  8
Top Paste
100
AcDbLine
 10
0.66141735
 20
0.67923625
 30
0.0
 11
0.66141735
 21
0.71073235
 31
0.0
  0
LINE
  5
12DC
330
1F
100
AcDbEntity
  8
Top Paste
100
AcDbLine
 10
0.66141735
 20
0.71073235
 30
0.0
 11
0.69685045
 21
0.71073235
 31
0.0
  0
LINE
  5
12DD
330
1F
100
AcDbEntity
  8
Top Paste
100
AcDbLine
 10
0.69685045
 20
0.71073235
 30
0.0
 11
0.69685045
 21
0.67923625
 31
0.0
  0
LINE
  5
12DE
330
1F
100
AcDbEntity
  8
Top Paste
100
AcDbLine
 10
0.69685045
 20
0.67923625
 30
0.0
 11
0.66141735
 21
0.67923625
 31
0.0
  0
LINE
  5
12DF
330
1F
100
AcDbEntity
  8
Top Solder
100
AcDbLine
 10
0.65741735
 20
0.67523625
 30
0.0
 11
0.65741735
 21
0.71473235
 31
0.0
  0
LINE
  5
12E0
330
1F
100
AcDbEntity
  8
Top Solder
100
AcDbLine
 10
0.65741735
 20
0.71473235
 30
0.0
 11
0.70085045
 21
0.71473235
 31
0.0
  0
LINE
  5
12E1
330
1F
100
AcDbEntity
  8
Top Solder
100
AcDbLine
 10
0.70085045
 20
0.71473235
 30
0.0
 11
0.70085045
 21
0.67523625
 31
0.0
  0
LINE
  5
12E2
330
1F
100
AcDbEntity
  8
Top Solder
100
AcDbLine
 10
0.70085045
 20
0.67523625
 30
0.0
 11
0.65741735
 21
0.67523625
 31
0.0
  0
LINE
  5
12E3
330
1F
100
AcDbEntity
  8
Top Overlay
100
AcDbLine
 10
2.0115789
 20
0.3570867
 30
0.0
 11
2.0509488
 21
0.3570867
 31
0.0
  0
LINE
  5
12E4
330
1F
100
AcDbEntity
  8
Top Overlay
100
AcDbLine
 10
2.0115788
 20
0.4122048
 30
0.0
 11
2.0115789
 21
0.4122047
 31
0.0
  0
LINE
  5
12E5
330
1F
100
AcDbEntity
  8
Top Overlay
100
AcDbLine
 10
2.0115789
 20
0.4122047
 30
0.0
 11
2.0509488
 21
0.4122047
 31
0.0
  0
LINE
  5
12E6
330
1F
100
AcDbEntity
  8
Top Overlay
100
AcDbLine
 10
2.0509488
 20
0.4122047
 30
0.0
 11
2.0509489
 21
0.4122048
 31
0.0
  0
LINE
  5
12E7
330
1F
100
AcDbEntity
  8
Top Overlay
100
AcDbLine
 10
1.9417717
 20
0.3570867
 30
0.0
 11
1.9800827
 21
0.3570867
 31
0.0
  0
LINE
  5
12E8
330
1F
100
AcDbEntity
  8
Top Overlay
100
AcDbLine
 10
1.9417717
 20
0.4122048
 30
0.0
 11
1.9800827
 21
0.4122048
 31
0.0
  0
LINE
  5
12E9
330
1F
100
AcDbEntity
  8
Top Overlay
100
AcDbLine
 10
1.9417717
 20
0.3570867
 30
0.0
 11
1.9417717
 21
0.4122048
 31
0.0
  0
LINE
  5
12EA
330
1F
100
AcDbEntity
  8
Top Overlay
100
AcDbLine
 10
2.0509488
 20
0.3570867
 30
0.0
 11
2.0509489
 21
0.3570868
 31
0.0
  0
LINE
  5
12EB
330
1F
100
AcDbEntity
  8
Top Overlay
100
AcDbLine
 10
2.0509489
 20
0.3570868
 30
0.0
 11
2.0509489
 21
0.4122048
 31
0.0
  0
LINE
  5
12EC
330
1F
100
AcDbEntity
  8
Top Overlay
100
AcDbLine
 10
2.0509488
 20
0.3570867
 30
0.0
 11
2.0509489
 21
0.3570866
 31
0.0
  0
LINE
  5
12ED
330
1F
100
AcDbEntity
  8
Top Paste
100
AcDbLine
 10
2.01102365
 20
0.40236225
 30
0.0
 11
2.04251975
 21
0.40236225
 31
0.0
  0
LINE
  5
12EE
330
1F
100
AcDbEntity
  8
Top Paste
100
AcDbLine
 10
2.04251975
 20
0.40236225
 30
0.0
 11
2.04251975
 21
0.36692915
 31
0.0
  0
LINE
  5
12EF
330
1F
100
AcDbEntity
  8
Top Paste
100
AcDbLine
 10
2.04251975
 20
0.36692915
 30
0.0
 11
2.01102365
 21
0.36692915
 31
0.0
  0
LINE
  5
12F0
330
1F
100
AcDbEntity
  8
Top Paste
100
AcDbLine
 10
2.01102365
 20
0.36692915
 30
0.0
 11
2.01102365
 21
0.40236225
 31
0.0
  0
LINE
  5
12F1
330
1F
100
AcDbEntity
  8
Top Solder
100
AcDbLine
 10
2.00702365
 20
0.40636225
 30
0.0
 11
2.04651975
 21
0.40636225
 31
0.0
  0
LINE
  5
12F2
330
1F
100
AcDbEntity
  8
Top Solder
100
AcDbLine
 10
2.04651975
 20
0.40636225
 30
0.0
 11
2.04651975
 21
0.36292915
 31
0.0
  0
LINE
  5
12F3
330
1F
100
AcDbEntity
  8
Top Solder
100
AcDbLine
 10
2.04651975
 20
0.36292915
 30
0.0
 11
2.00702365
 21
0.36292915
 31
0.0
  0
LINE
  5
12F4
330
1F
100
AcDbEntity
  8
Top Solder
100
AcDbLine
 10
2.00702365
 20
0.36292915
 30
0.0
 11
2.00702365
 21
0.40636225
 31
0.0
  0
LINE
  5
12F5
330
1F
100
AcDbEntity
  8
Top Paste
100
AcDbLine
 10
1.94902365
 20
0.40236225
 30
0.0
 11
1.98051975
 21
0.40236225
 31
0.0
  0
LINE
  5
12F6
330
1F
100
AcDbEntity
  8
Top Paste
100
AcDbLine
 10
1.98051975
 20
0.40236225
 30
0.0
 11
1.98051975
 21
0.36692915
 31
0.0
  0
LINE
  5
12F7
330
1F
100
AcDbEntity
  8
Top Paste
100
AcDbLine
 10
1.98051975
 20
0.36692915
 30
0.0
 11
1.94902365
 21
0.36692915
 31
0.0
  0
LINE
  5
12F8
330
1F
100
AcDbEntity
  8
Top Paste
100
AcDbLine
 10
1.94902365
 20
0.36692915
 30
0.0
 11
1.94902365
 21
0.40236225
 31
0.0
  0
LINE
  5
12F9
330
1F
100
AcDbEntity
  8
Top Solder
100
AcDbLine
 10
1.94502365
 20
0.40636225
 30
0.0
 11
1.98451975
 21
0.40636225
 31
0.0
  0
LINE
  5
12FA
330
1F
100
AcDbEntity
  8
Top Solder
100
AcDbLine
 10
1.98451975
 20
0.40636225
 30
0.0
 11
1.98451975
 21
0.36292915
 31
0.0
  0
LINE
  5
12FB
330
1F
100
AcDbEntity
  8
Top Solder
100
AcDbLine
 10
1.98451975
 20
0.36292915
 30
0.0
 11
1.94502365
 21
0.36292915
 31
0.0
  0
LINE
  5
12FC
330
1F
100
AcDbEntity
  8
Top Solder
100
AcDbLine
 10
1.94502365
 20
0.36292915
 30
0.0
 11
1.94502365
 21
0.40636225
 31
0.0
  0
LINE
  5
12FD
330
1F
100
AcDbEntity
  8
Top Overlay
100
AcDbLine
 10
0.6598426
 20
0.3089961
 30
0.0
 11
0.6598426
 21
0.348366
 31
0.0
  0
LINE
  5
12FE
330
1F
100
AcDbEntity
  8
Top Overlay
100
AcDbLine
 10
0.7149606
 20
0.348366
 30
0.0
 11
0.7149607
 21
0.3483661
 31
0.0
  0
LINE
  5
12FF
330
1F
100
AcDbEntity
  8
Top Overlay
100
AcDbLine
 10
0.7149606
 20
0.3089961
 30
0.0
 11
0.7149606
 21
0.348366
 31
0.0
  0
LINE
  5
1300
330
1F
100
AcDbEntity
  8
Top Overlay
100
AcDbLine
 10
0.7149606
 20
0.3089961
 30
0.0
 11
0.7149607
 21
0.308996
 31
0.0
  0
LINE
  5
1301
330
1F
100
AcDbEntity
  8
Top Overlay
100
AcDbLine
 10
0.6598426
 20
0.3798622
 30
0.0
 11
0.6598426
 21
0.4181732
 31
0.0
  0
LINE
  5
1302
330
1F
100
AcDbEntity
  8
Top Overlay
100
AcDbLine
 10
0.7149607
 20
0.3798622
 30
0.0
 11
0.7149607
 21
0.4181732
 31
0.0
  0
LINE
  5
1303
330
1F
100
AcDbEntity
  8
Top Overlay
100
AcDbLine
 10
0.6598426
 20
0.4181732
 30
0.0
 11
0.7149607
 21
0.4181732
 31
0.0
  0
LINE
  5
1304
330
1F
100
AcDbEntity
  8
Top Overlay
100
AcDbLine
 10
0.6598426
 20
0.3089961
 30
0.0
 11
0.6598427
 21
0.308996
 31
0.0
  0
LINE
  5
1305
330
1F
100
AcDbEntity
  8
Top Overlay
100
AcDbLine
 10
0.6598427
 20
0.308996
 30
0.0
 11
0.7149607
 21
0.308996
 31
0.0
  0
LINE
  5
1306
330
1F
100
AcDbEntity
  8
Top Overlay
100
AcDbLine
 10
0.6598425
 20
0.308996
 30
0.0
 11
0.6598426
 21
0.3089961
 31
0.0
  0
LINE
  5
1307
330
1F
100
AcDbEntity
  8
Top Paste
100
AcDbLine
 10
0.70511815
 20
0.34892125
 30
0.0
 11
0.70511815
 21
0.31742515
 31
0.0
  0
LINE
  5
1308
330
1F
100
AcDbEntity
  8
Top Paste
100
AcDbLine
 10
0.70511815
 20
0.31742515
 30
0.0
 11
0.66968505
 21
0.31742515
 31
0.0
  0
LINE
  5
1309
330
1F
100
AcDbEntity
  8
Top Paste
100
AcDbLine
 10
0.66968505
 20
0.31742515
 30
0.0
 11
0.66968505
 21
0.34892125
 31
0.0
  0
LINE
  5
130A
330
1F
100
AcDbEntity
  8
Top Paste
100
AcDbLine
 10
0.66968505
 20
0.34892125
 30
0.0
 11
0.70511815
 21
0.34892125
 31
0.0
  0
LINE
  5
130B
330
1F
100
AcDbEntity
  8
Top Solder
100
AcDbLine
 10
0.70911815
 20
0.35292125
 30
0.0
 11
0.70911815
 21
0.31342515
 31
0.0
  0
LINE
  5
130C
330
1F
100
AcDbEntity
  8
Top Solder
100
AcDbLine
 10
0.70911815
 20
0.31342515
 30
0.0
 11
0.66568505
 21
0.31342515
 31
0.0
  0
LINE
  5
130D
330
1F
100
AcDbEntity
  8
Top Solder
100
AcDbLine
 10
0.66568505
 20
0.31342515
 30
0.0
 11
0.66568505
 21
0.35292125
 31
0.0
  0
LINE
  5
130E
330
1F
100
AcDbEntity
  8
Top Solder
100
AcDbLine
 10
0.66568505
 20
0.35292125
 30
0.0
 11
0.70911815
 21
0.35292125
 31
0.0
  0
LINE
  5
130F
330
1F
100
AcDbEntity
  8
Top Paste
100
AcDbLine
 10
0.70511815
 20
0.41092125
 30
0.0
 11
0.70511815
 21
0.37942515
 31
0.0
  0
LINE
  5
1310
330
1F
100
AcDbEntity
  8
Top Paste
100
AcDbLine
 10
0.70511815
 20
0.37942515
 30
0.0
 11
0.66968505
 21
0.37942515
 31
0.0
  0
LINE
  5
1311
330
1F
100
AcDbEntity
  8
Top Paste
100
AcDbLine
 10
0.66968505
 20
0.37942515
 30
0.0
 11
0.66968505
 21
0.41092125
 31
0.0
  0
LINE
  5
1312
330
1F
100
AcDbEntity
  8
Top Paste
100
AcDbLine
 10
0.66968505
 20
0.41092125
 30
0.0
 11
0.70511815
 21
0.41092125
 31
0.0
  0
LINE
  5
1313
330
1F
100
AcDbEntity
  8
Top Solder
100
AcDbLine
 10
0.70911815
 20
0.41492125
 30
0.0
 11
0.70911815
 21
0.37542515
 31
0.0
  0
LINE
  5
1314
330
1F
100
AcDbEntity
  8
Top Solder
100
AcDbLine
 10
0.70911815
 20
0.37542515
 30
0.0
 11
0.66568505
 21
0.37542515
 31
0.0
  0
LINE
  5
1315
330
1F
100
AcDbEntity
  8
Top Solder
100
AcDbLine
 10
0.66568505
 20
0.37542515
 30
0.0
 11
0.66568505
 21
0.41492125
 31
0.0
  0
LINE
  5
1316
330
1F
100
AcDbEntity
  8
Top Solder
100
AcDbLine
 10
0.66568505
 20
0.41492125
 30
0.0
 11
0.70911815
 21
0.41492125
 31
0.0
  0
LINE
  5
1317
330
1F
100
AcDbEntity
  8
Top Overlay
100
AcDbLine
 10
0.3476379
 20
0.2534843
 30
0.0
 11
0.3476379
 21
0.2928542
 31
0.0
  0
LINE
  5
1318
330
1F
100
AcDbEntity
  8
Top Overlay
100
AcDbLine
 10
0.4027559
 20
0.2928542
 30
0.0
 11
0.402756
 21
0.2928543
 31
0.0
  0
LINE
  5
1319
330
1F
100
AcDbEntity
  8
Top Overlay
100
AcDbLine
 10
0.4027559
 20
0.2534843
 30
0.0
 11
0.4027559
 21
0.2928542
 31
0.0
  0
LINE
  5
131A
330
1F
100
AcDbEntity
  8
Top Overlay
100
AcDbLine
 10
0.4027559
 20
0.2534843
 30
0.0
 11
0.402756
 21
0.2534842
 31
0.0
  0
LINE
  5
131B
330
1F
100
AcDbEntity
  8
Top Overlay
100
AcDbLine
 10
0.3476379
 20
0.3243504
 30
0.0
 11
0.3476379
 21
0.3626614
 31
0.0
  0
LINE
  5
131C
330
1F
100
AcDbEntity
  8
Top Overlay
100
AcDbLine
 10
0.402756
 20
0.3243504
 30
0.0
 11
0.402756
 21
0.3626614
 31
0.0
  0
LINE
  5
131D
330
1F
100
AcDbEntity
  8
Top Overlay
100
AcDbLine
 10
0.3476379
 20
0.3626614
 30
0.0
 11
0.402756
 21
0.3626614
 31
0.0
  0
LINE
  5
131E
330
1F
100
AcDbEntity
  8
Top Overlay
100
AcDbLine
 10
0.3476379
 20
0.2534843
 30
0.0
 11
0.347638
 21
0.2534842
 31
0.0
  0
LINE
  5
131F
330
1F
100
AcDbEntity
  8
Top Overlay
100
AcDbLine
 10
0.347638
 20
0.2534842
 30
0.0
 11
0.402756
 21
0.2534842
 31
0.0
  0
LINE
  5
1320
330
1F
100
AcDbEntity
  8
Top Overlay
100
AcDbLine
 10
0.3476378
 20
0.2534842
 30
0.0
 11
0.3476379
 21
0.2534843
 31
0.0
  0
LINE
  5
1321
330
1F
100
AcDbEntity
  8
Top Paste
100
AcDbLine
 10
0.39291345
 20
0.29340945
 30
0.0
 11
0.39291345
 21
0.26191335
 31
0.0
  0
LINE
  5
1322
330
1F
100
AcDbEntity
  8
Top Paste
100
AcDbLine
 10
0.39291345
 20
0.26191335
 30
0.0
 11
0.35748035
 21
0.26191335
 31
0.0
  0
LINE
  5
1323
330
1F
100
AcDbEntity
  8
Top Paste
100
AcDbLine
 10
0.35748035
 20
0.26191335
 30
0.0
 11
0.35748035
 21
0.29340945
 31
0.0
  0
LINE
  5
1324
330
1F
100
AcDbEntity
  8
Top Paste
100
AcDbLine
 10
0.35748035
 20
0.29340945
 30
0.0
 11
0.39291345
 21
0.29340945
 31
0.0
  0
LINE
  5
1325
330
1F
100
AcDbEntity
  8
Top Solder
100
AcDbLine
 10
0.39691345
 20
0.29740945
 30
0.0
 11
0.39691345
 21
0.25791335
 31
0.0
  0
LINE
  5
1326
330
1F
100
AcDbEntity
  8
Top Solder
100
AcDbLine
 10
0.39691345
 20
0.25791335
 30
0.0
 11
0.35348035
 21
0.25791335
 31
0.0
  0
LINE
  5
1327
330
1F
100
AcDbEntity
  8
Top Solder
100
AcDbLine
 10
0.35348035
 20
0.25791335
 30
0.0
 11
0.35348035
 21
0.29740945
 31
0.0
  0
LINE
  5
1328
330
1F
100
AcDbEntity
  8
Top Solder
100
AcDbLine
 10
0.35348035
 20
0.29740945
 30
0.0
 11
0.39691345
 21
0.29740945
 31
0.0
  0
LINE
  5
1329
330
1F
100
AcDbEntity
  8
Top Paste
100
AcDbLine
 10
0.39291345
 20
0.35540945
 30
0.0
 11
0.39291345
 21
0.32391335
 31
0.0
  0
LINE
  5
132A
330
1F
100
AcDbEntity
  8
Top Paste
100
AcDbLine
 10
0.39291345
 20
0.32391335
 30
0.0
 11
0.35748035
 21
0.32391335
 31
0.0
  0
LINE
  5
132B
330
1F
100
AcDbEntity
  8
Top Paste
100
AcDbLine
 10
0.35748035
 20
0.32391335
 30
0.0
 11
0.35748035
 21
0.35540945
 31
0.0
  0
LINE
  5
132C
330
1F
100
AcDbEntity
  8
Top Paste
100
AcDbLine
 10
0.35748035
 20
0.35540945
 30
0.0
 11
0.39291345
 21
0.35540945
 31
0.0
  0
LINE
  5
132D
330
1F
100
AcDbEntity
  8
Top Solder
100
AcDbLine
 10
0.39691345
 20
0.35940945
 30
0.0
 11
0.39691345
 21
0.31991335
 31
0.0
  0
LINE
  5
132E
330
1F
100
AcDbEntity
  8
Top Solder
100
AcDbLine
 10
0.39691345
 20
0.31991335
 30
0.0
 11
0.35348035
 21
0.31991335
 31
0.0
  0
LINE
  5
132F
330
1F
100
AcDbEntity
  8
Top Solder
100
AcDbLine
 10
0.35348035
 20
0.31991335
 30
0.0
 11
0.35348035
 21
0.35940945
 31
0.0
  0
LINE
  5
1330
330
1F
100
AcDbEntity
  8
Top Solder
100
AcDbLine
 10
0.35348035
 20
0.35940945
 30
0.0
 11
0.39691345
 21
0.35940945
 31
0.0
  0
LINE
  5
1331
330
1F
100
AcDbEntity
  8
Top Overlay
100
AcDbLine
 10
0.7059055
 20
0.6251537
 30
0.0
 11
0.7059055
 21
0.6645236
 31
0.0
  0
LINE
  5
1332
330
1F
100
AcDbEntity
  8
Top Overlay
100
AcDbLine
 10
0.6507874
 20
0.6251536
 30
0.0
 11
0.6507875
 21
0.6251537
 31
0.0
  0
LINE
  5
1333
330
1F
100
AcDbEntity
  8
Top Overlay
100
AcDbLine
 10
0.6507875
 20
0.6251537
 30
0.0
 11
0.6507875
 21
0.6645236
 31
0.0
  0
LINE
  5
1334
330
1F
100
AcDbEntity
  8
Top Overlay
100
AcDbLine
 10
0.6507874
 20
0.6645237
 30
0.0
 11
0.6507875
 21
0.6645236
 31
0.0
  0
LINE
  5
1335
330
1F
100
AcDbEntity
  8
Top Overlay
100
AcDbLine
 10
0.7059055
 20
0.5553465
 30
0.0
 11
0.7059055
 21
0.5936575
 31
0.0
  0
LINE
  5
1336
330
1F
100
AcDbEntity
  8
Top Overlay
100
AcDbLine
 10
0.6507874
 20
0.5553465
 30
0.0
 11
0.6507874
 21
0.5936575
 31
0.0
  0
LINE
  5
1337
330
1F
100
AcDbEntity
  8
Top Overlay
100
AcDbLine
 10
0.6507874
 20
0.5553465
 30
0.0
 11
0.7059055
 21
0.5553465
 31
0.0
  0
LINE
  5
1338
330
1F
100
AcDbEntity
  8
Top Overlay
100
AcDbLine
 10
0.7059054
 20
0.6645237
 30
0.0
 11
0.7059055
 21
0.6645236
 31
0.0
  0
LINE
  5
1339
330
1F
100
AcDbEntity
  8
Top Overlay
100
AcDbLine
 10
0.6507874
 20
0.6645237
 30
0.0
 11
0.7059054
 21
0.6645237
 31
0.0
  0
LINE
  5
133A
330
1F
100
AcDbEntity
  8
Top Overlay
100
AcDbLine
 10
0.7059055
 20
0.6645236
 30
0.0
 11
0.7059056
 21
0.6645237
 31
0.0
  0
LINE
  5
133B
330
1F
100
AcDbEntity
  8
Top Paste
100
AcDbLine
 10
0.66062995
 20
0.62459845
 30
0.0
 11
0.66062995
 21
0.65609455
 31
0.0
  0
LINE
  5
133C
330
1F
100
AcDbEntity
  8
Top Paste
100
AcDbLine
 10
0.66062995
 20
0.65609455
 30
0.0
 11
0.69606305
 21
0.65609455
 31
0.0
  0
LINE
  5
133D
330
1F
100
AcDbEntity
  8
Top Paste
100
AcDbLine
 10
0.69606305
 20
0.65609455
 30
0.0
 11
0.69606305
 21
0.62459845
 31
0.0
  0
LINE
  5
133E
330
1F
100
AcDbEntity
  8
Top Paste
100
AcDbLine
 10
0.69606305
 20
0.62459845
 30
0.0
 11
0.66062995
 21
0.62459845
 31
0.0
  0
LINE
  5
133F
330
1F
100
AcDbEntity
  8
Top Solder
100
AcDbLine
 10
0.65662995
 20
0.62059845
 30
0.0
 11
0.65662995
 21
0.66009455
 31
0.0
  0
LINE
  5
1340
330
1F
100
AcDbEntity
  8
Top Solder
100
AcDbLine
 10
0.65662995
 20
0.66009455
 30
0.0
 11
0.70006305
 21
0.66009455
 31
0.0
  0
LINE
  5
1341
330
1F
100
AcDbEntity
  8
Top Solder
100
AcDbLine
 10
0.70006305
 20
0.66009455
 30
0.0
 11
0.70006305
 21
0.62059845
 31
0.0
  0
LINE
  5
1342
330
1F
100
AcDbEntity
  8
Top Solder
100
AcDbLine
 10
0.70006305
 20
0.62059845
 30
0.0
 11
0.65662995
 21
0.62059845
 31
0.0
  0
LINE
  5
1343
330
1F
100
AcDbEntity
  8
Top Paste
100
AcDbLine
 10
0.66062995
 20
0.56259845
 30
0.0
 11
0.66062995
 21
0.59409455
 31
0.0
  0
LINE
  5
1344
330
1F
100
AcDbEntity
  8
Top Paste
100
AcDbLine
 10
0.66062995
 20
0.59409455
 30
0.0
 11
0.69606305
 21
0.59409455
 31
0.0
  0
LINE
  5
1345
330
1F
100
AcDbEntity
  8
Top Paste
100
AcDbLine
 10
0.69606305
 20
0.59409455
 30
0.0
 11
0.69606305
 21
0.56259845
 31
0.0
  0
LINE
  5
1346
330
1F
100
AcDbEntity
  8
Top Paste
100
AcDbLine
 10
0.69606305
 20
0.56259845
 30
0.0
 11
0.66062995
 21
0.56259845
 31
0.0
  0
LINE
  5
1347
330
1F
100
AcDbEntity
  8
Top Solder
100
AcDbLine
 10
0.65662995
 20
0.55859845
 30
0.0
 11
0.65662995
 21
0.59809455
 31
0.0
  0
LINE
  5
1348
330
1F
100
AcDbEntity
  8
Top Solder
100
AcDbLine
 10
0.65662995
 20
0.59809455
 30
0.0
 11
0.70006305
 21
0.59809455
 31
0.0
  0
LINE
  5
1349
330
1F
100
AcDbEntity
  8
Top Solder
100
AcDbLine
 10
0.70006305
 20
0.59809455
 30
0.0
 11
0.70006305
 21
0.55859845
 31
0.0
  0
LINE
  5
134A
330
1F
100
AcDbEntity
  8
Top Solder
100
AcDbLine
 10
0.70006305
 20
0.55859845
 30
0.0
 11
0.65662995
 21
0.55859845
 31
0.0
  0
LINE
  5
134B
330
1F
100
AcDbEntity
  8
Top Overlay
100
AcDbLine
 10
0.7057163
 20
2.3274407
 30
0.0
 11
0.7162163
 21
2.3169407
 31
0.0
  0
LINE
  5
134C
330
1F
100
AcDbEntity
  8
Top Overlay
100
AcDbLine
 10
0.7162163
 20
2.3169407
 30
0.0
 11
0.7267163
 21
2.3274407
 31
0.0
  0
LINE
  5
134D
330
1F
100
AcDbEntity
  8
Top Overlay
100
AcDbLine
 10
0.7057163
 20
2.3274407
 30
0.0
 11
0.7267163
 21
2.3274407
 31
0.0
  0
LINE
  5
134E
330
1F
100
AcDbEntity
  8
Top Overlay
100
AcDbLine
 10
0.6976523
 20
2.3344407
 30
0.0
 11
0.6976523
 21
2.3704407
 31
0.0
  0
LINE
  5
134F
330
1F
100
AcDbEntity
  8
Top Overlay
100
AcDbLine
 10
0.6976523
 20
2.3704407
 30
0.0
 11
0.7376523
 21
2.3704407
 31
0.0
  0
LINE
  5
1350
330
1F
100
AcDbEntity
  8
Top Overlay
100
AcDbLine
 10
0.7376523
 20
2.3344407
 30
0.0
 11
0.7376523
 21
2.3704407
 31
0.0
  0
LINE
  5
1351
330
1F
100
AcDbEntity
  8
Top Overlay
100
AcDbLine
 10
0.7376523
 20
2.2744407
 30
0.0
 11
0.7376523
 21
2.3104407
 31
0.0
  0
LINE
  5
1352
330
1F
100
AcDbEntity
  8
Top Overlay
100
AcDbLine
 10
0.6976523
 20
2.2744407
 30
0.0
 11
0.7376523
 21
2.2744407
 31
0.0
  0
LINE
  5
1353
330
1F
100
AcDbEntity
  8
Top Overlay
100
AcDbLine
 10
0.6976523
 20
2.2744407
 30
0.0
 11
0.6976523
 21
2.3104407
 31
0.0
  0
LINE
  5
1354
330
1F
100
AcDbEntity
  8
Top Paste
100
AcDbLine
 10
0.7326523
 20
2.3099407
 30
0.0
 11
0.7326523
 21
2.2799407
 31
0.0
  0
LINE
  5
1355
330
1F
100
AcDbEntity
  8
Top Paste
100
AcDbLine
 10
0.7326523
 20
2.2799407
 30
0.0
 11
0.7026523
 21
2.2799407
 31
0.0
  0
LINE
  5
1356
330
1F
100
AcDbEntity
  8
Top Paste
100
AcDbLine
 10
0.7026523
 20
2.2799407
 30
0.0
 11
0.7026523
 21
2.3099407
 31
0.0
  0
LINE
  5
1357
330
1F
100
AcDbEntity
  8
Top Paste
100
AcDbLine
 10
0.7026523
 20
2.3099407
 30
0.0
 11
0.7326523
 21
2.3099407
 31
0.0
  0
LINE
  5
1358
330
1F
100
AcDbEntity
  8
Top Solder
100
AcDbLine
 10
0.7366523
 20
2.3139407
 30
0.0
 11
0.7366523
 21
2.2759407
 31
0.0
  0
LINE
  5
1359
330
1F
100
AcDbEntity
  8
Top Solder
100
AcDbLine
 10
0.7366523
 20
2.2759407
 30
0.0
 11
0.6986523
 21
2.2759407
 31
0.0
  0
LINE
  5
135A
330
1F
100
AcDbEntity
  8
Top Solder
100
AcDbLine
 10
0.6986523
 20
2.2759407
 30
0.0
 11
0.6986523
 21
2.3139407
 31
0.0
  0
LINE
  5
135B
330
1F
100
AcDbEntity
  8
Top Solder
100
AcDbLine
 10
0.6986523
 20
2.3139407
 30
0.0
 11
0.7366523
 21
2.3139407
 31
0.0
  0
LINE
  5
135C
330
1F
100
AcDbEntity
  8
Top Paste
100
AcDbLine
 10
0.7327163
 20
2.3644407
 30
0.0
 11
0.7327163
 21
2.3344407
 31
0.0
  0
LINE
  5
135D
330
1F
100
AcDbEntity
  8
Top Paste
100
AcDbLine
 10
0.7327163
 20
2.3344407
 30
0.0
 11
0.7027163
 21
2.3344407
 31
0.0
  0
LINE
  5
135E
330
1F
100
AcDbEntity
  8
Top Paste
100
AcDbLine
 10
0.7027163
 20
2.3344407
 30
0.0
 11
0.7027163
 21
2.3644407
 31
0.0
  0
LINE
  5
135F
330
1F
100
AcDbEntity
  8
Top Paste
100
AcDbLine
 10
0.7027163
 20
2.3644407
 30
0.0
 11
0.7327163
 21
2.3644407
 31
0.0
  0
LINE
  5
1360
330
1F
100
AcDbEntity
  8
Top Solder
100
AcDbLine
 10
0.7367163
 20
2.3684407
 30
0.0
 11
0.7367163
 21
2.3304407
 31
0.0
  0
LINE
  5
1361
330
1F
100
AcDbEntity
  8
Top Solder
100
AcDbLine
 10
0.7367163
 20
2.3304407
 30
0.0
 11
0.6987163
 21
2.3304407
 31
0.0
  0
LINE
  5
1362
330
1F
100
AcDbEntity
  8
Top Solder
100
AcDbLine
 10
0.6987163
 20
2.3304407
 30
0.0
 11
0.6987163
 21
2.3684407
 31
0.0
  0
LINE
  5
1363
330
1F
100
AcDbEntity
  8
Top Solder
100
AcDbLine
 10
0.6987163
 20
2.3684407
 30
0.0
 11
0.7367163
 21
2.3684407
 31
0.0
  0
LINE
  5
1364
330
1F
100
AcDbEntity
  8
Top Overlay
100
AcDbLine
 10
2.0037323
 20
0.4212746
 30
0.0
 11
2.0397323
 21
0.4212746
 31
0.0
  0
LINE
  5
1365
330
1F
100
AcDbEntity
  8
Top Overlay
100
AcDbLine
 10
2.0397323
 20
0.4212746
 30
0.0
 11
2.0397323
 21
0.4612746
 31
0.0
  0
LINE
  5
1366
330
1F
100
AcDbEntity
  8
Top Overlay
100
AcDbLine
 10
2.0037323
 20
0.4612746
 30
0.0
 11
2.0397323
 21
0.4612746
 31
0.0
  0
LINE
  5
1367
330
1F
100
AcDbEntity
  8
Top Overlay
100
AcDbLine
 10
1.9437323
 20
0.4612746
 30
0.0
 11
1.9797323
 21
0.4612746
 31
0.0
  0
LINE
  5
1368
330
1F
100
AcDbEntity
  8
Top Overlay
100
AcDbLine
 10
1.9437323
 20
0.4212746
 30
0.0
 11
1.9437323
 21
0.4612746
 31
0.0
  0
LINE
  5
1369
330
1F
100
AcDbEntity
  8
Top Overlay
100
AcDbLine
 10
1.9437323
 20
0.4212746
 30
0.0
 11
1.9797323
 21
0.4212746
 31
0.0
  0
LINE
  5
136A
330
1F
100
AcDbEntity
  8
Top Overlay
100
AcDbLine
 10
1.9867323
 20
0.4293386
 30
0.0
 11
1.9867323
 21
0.4503386
 31
0.0
  0
LINE
  5
136B
330
1F
100
AcDbEntity
  8
Top Overlay
100
AcDbLine
 10
1.9867323
 20
0.4503386
 30
0.0
 11
1.9972323
 21
0.4398386
 31
0.0
  0
LINE
  5
136C
330
1F
100
AcDbEntity
  8
Top Overlay
100
AcDbLine
 10
1.9867323
 20
0.4293386
 30
0.0
 11
1.9972323
 21
0.4398386
 31
0.0
  0
LINE
  5
136D
330
1F
100
AcDbEntity
  8
Top Paste
100
AcDbLine
 10
1.9497323
 20
0.4563386
 30
0.0
 11
1.9797323
 21
0.4563386
 31
0.0
  0
LINE
  5
136E
330
1F
100
AcDbEntity
  8
Top Paste
100
AcDbLine
 10
1.9797323
 20
0.4563386
 30
0.0
 11
1.9797323
 21
0.4263386
 31
0.0
  0
LINE
  5
136F
330
1F
100
AcDbEntity
  8
Top Paste
100
AcDbLine
 10
1.9797323
 20
0.4263386
 30
0.0
 11
1.9497323
 21
0.4263386
 31
0.0
  0
LINE
  5
1370
330
1F
100
AcDbEntity
  8
Top Paste
100
AcDbLine
 10
1.9497323
 20
0.4263386
 30
0.0
 11
1.9497323
 21
0.4563386
 31
0.0
  0
LINE
  5
1371
330
1F
100
AcDbEntity
  8
Top Solder
100
AcDbLine
 10
1.9457323
 20
0.4603386
 30
0.0
 11
1.9837323
 21
0.4603386
 31
0.0
  0
LINE
  5
1372
330
1F
100
AcDbEntity
  8
Top Solder
100
AcDbLine
 10
1.9837323
 20
0.4603386
 30
0.0
 11
1.9837323
 21
0.4223386
 31
0.0
  0
LINE
  5
1373
330
1F
100
AcDbEntity
  8
Top Solder
100
AcDbLine
 10
1.9837323
 20
0.4223386
 30
0.0
 11
1.9457323
 21
0.4223386
 31
0.0
  0
LINE
  5
1374
330
1F
100
AcDbEntity
  8
Top Solder
100
AcDbLine
 10
1.9457323
 20
0.4223386
 30
0.0
 11
1.9457323
 21
0.4603386
 31
0.0
  0
LINE
  5
1375
330
1F
100
AcDbEntity
  8
Top Paste
100
AcDbLine
 10
2.0042323
 20
0.4562746
 30
0.0
 11
2.0342323
 21
0.4562746
 31
0.0
  0
LINE
  5
1376
330
1F
100
AcDbEntity
  8
Top Paste
100
AcDbLine
 10
2.0342323
 20
0.4562746
 30
0.0
 11
2.0342323
 21
0.4262746
 31
0.0
  0
LINE
  5
1377
330
1F
100
AcDbEntity
  8
Top Paste
100
AcDbLine
 10
2.0342323
 20
0.4262746
 30
0.0
 11
2.0042323
 21
0.4262746
 31
0.0
  0
LINE
  5
1378
330
1F
100
AcDbEntity
  8
Top Paste
100
AcDbLine
 10
2.0042323
 20
0.4262746
 30
0.0
 11
2.0042323
 21
0.4562746
 31
0.0
  0
LINE
  5
1379
330
1F
100
AcDbEntity
  8
Top Solder
100
AcDbLine
 10
2.0002323
 20
0.4602746
 30
0.0
 11
2.0382323
 21
0.4602746
 31
0.0
  0
LINE
  5
137A
330
1F
100
AcDbEntity
  8
Top Solder
100
AcDbLine
 10
2.0382323
 20
0.4602746
 30
0.0
 11
2.0382323
 21
0.4222746
 31
0.0
  0
LINE
  5
137B
330
1F
100
AcDbEntity
  8
Top Solder
100
AcDbLine
 10
2.0382323
 20
0.4222746
 30
0.0
 11
2.0002323
 21
0.4222746
 31
0.0
  0
LINE
  5
137C
330
1F
100
AcDbEntity
  8
Top Solder
100
AcDbLine
 10
2.0002323
 20
0.4222746
 30
0.0
 11
2.0002323
 21
0.4602746
 31
0.0
  0
LINE
  5
137D
330
1F
100
AcDbEntity
  8
Top Overlay
100
AcDbLine
 10
2.2696849
 20
2.1383852
 30
0.0
 11
2.2696849
 21
2.6226382
 31
0.0
  0
LINE
  5
137E
330
1F
100
AcDbEntity
  8
Top Overlay
100
AcDbLine
 10
1.6358269
 20
2.1383852
 30
0.0
 11
1.6358269
 21
2.6226382
 31
0.0
  0
LINE
  5
137F
330
1F
100
AcDbEntity
  8
Top Overlay
100
AcDbLine
 10
2.2696849
 20
1.7722452
 30
0.0
 11
2.2696849
 21
2.0084652
 31
0.0
  0
LINE
  5
1380
330
1F
100
AcDbEntity
  8
Top Overlay
100
AcDbLine
 10
1.6358129
 20
1.7722572
 30
0.0
 11
1.6358129
 21
2.0084782
 31
0.0
  0
LINE
  5
1381
330
1F
100
AcDbEntity
  8
Top Overlay
100
AcDbLine
 10
1.6358269
 20
1.7722452
 30
0.0
 11
2.2696849
 21
1.7722452
 31
0.0
  0
LINE
  5
1382
330
1F
100
AcDbEntity
  8
Top Overlay
100
AcDbLine
 10
1.6358269
 20
2.6226382
 30
0.0
 11
2.2696849
 21
2.6226382
 31
0.0
  0
CIRCLE
  5
1383
330
1F
100
AcDbEntity
  8
Mechanical 1
100
AcDbCircle
 10
2.1777559
 20
2.1927182
 30
0.0
 40
0.064961
  0
CIRCLE
  5
1384
330
1F
100
AcDbEntity
  8
Mechanical 1
100
AcDbCircle
 10
1.7277559
 20
2.1927182
 30
0.0
 40
0.064961
  0
CIRCLE
  5
1385
330
1F
100
AcDbEntity
  8
Mechanical 1
100
AcDbCircle
 10
2.1777559
 20
2.1927182
 30
0.0
 40
0.0649606
  0
CIRCLE
  5
1386
330
1F
100
AcDbEntity
  8
Mechanical 1
100
AcDbCircle
 10
1.7277559
 20
2.1927182
 30
0.0
 40
0.0649606
  0
CIRCLE
  5
1387
330
1F
100
AcDbEntity
  8
Keep-Out Layer
100
AcDbCircle
 10
2.1777559
 20
2.1927182
 30
0.0
 40
0.064961
  0
CIRCLE
  5
1388
330
1F
100
AcDbEntity
  8
Keep-Out Layer
100
AcDbCircle
 10
1.7277559
 20
2.1927182
 30
0.0
 40
0.064961
  0
LINE
  5
1389
330
1F
100
AcDbEntity
  8
Multi-Layer
100
AcDbLine
 10
2.1594519
 20
1.9112222
 30
0.0
 11
2.0964599
 21
1.9112222
 31
0.0
  0
LINE
  5
138A
330
1F
100
AcDbEntity
  8
Multi-Layer
100
AcDbLine
 10
2.0964599
 20
1.9112222
 30
0.0
 11
2.0964599
 21
1.9742142
 31
0.0
  0
LINE
  5
138B
330
1F
100
AcDbEntity
  8
Multi-Layer
100
AcDbLine
 10
2.0964599
 20
1.9742142
 30
0.0
 11
2.1594519
 21
1.9742142
 31
0.0
  0
LINE
  5
138C
330
1F
100
AcDbEntity
  8
Multi-Layer
100
AcDbLine
 10
2.1594519
 20
1.9742142
 30
0.0
 11
2.1594519
 21
1.9112222
 31
0.0
  0
LINE
  5
138D
330
1F
100
AcDbEntity
  8
Top Solder
100
AcDbLine
 10
2.1634519
 20
1.9072222
 30
0.0
 11
2.0924599
 21
1.9072222
 31
0.0
  0
LINE
  5
138E
330
1F
100
AcDbEntity
  8
Top Solder
100
AcDbLine
 10
2.0924599
 20
1.9072222
 30
0.0
 11
2.0924599
 21
1.9782142
 31
0.0
  0
LINE
  5
138F
330
1F
100
AcDbEntity
  8
Top Solder
100
AcDbLine
 10
2.0924599
 20
1.9782142
 30
0.0
 11
2.1634519
 21
1.9782142
 31
0.0
  0
LINE
  5
1390
330
1F
100
AcDbEntity
  8
Top Solder
100
AcDbLine
 10
2.1634519
 20
1.9782142
 30
0.0
 11
2.1634519
 21
1.9072222
 31
0.0
  0
CIRCLE
  5
1391
330
1F
100
AcDbEntity
  8
Multi-Layer
100
AcDbCircle
 10
2.0779559
 20
1.8427182
 30
0.0
 40
0.031496
  0
CIRCLE
  5
1392
330
1F
100
AcDbEntity
  8
Top Solder
100
AcDbCircle
 10
2.0779559
 20
1.8427182
 30
0.0
 40
0.035496
  0
CIRCLE
  5
1393
330
1F
100
AcDbEntity
  8
Multi-Layer
100
AcDbCircle
 10
2.0279559
 20
1.9427182
 30
0.0
 40
0.031496
  0
CIRCLE
  5
1394
330
1F
100
AcDbEntity
  8
Top Solder
100
AcDbCircle
 10
2.0279559
 20
1.9427182
 30
0.0
 40
0.035496
  0
CIRCLE
  5
1395
330
1F
100
AcDbEntity
  8
Multi-Layer
100
AcDbCircle
 10
1.9779559
 20
1.8427182
 30
0.0
 40
0.031496
  0
CIRCLE
  5
1396
330
1F
100
AcDbEntity
  8
Top Solder
100
AcDbCircle
 10
1.9779559
 20
1.8427182
 30
0.0
 40
0.035496
  0
CIRCLE
  5
1397
330
1F
100
AcDbEntity
  8
Multi-Layer
100
AcDbCircle
 10
1.9279559
 20
1.9427182
 30
0.0
 40
0.031496
  0
CIRCLE
  5
1398
330
1F
100
AcDbEntity
  8
Top Solder
100
AcDbCircle
 10
1.9279559
 20
1.9427182
 30
0.0
 40
0.035496
  0
CIRCLE
  5
1399
330
1F
100
AcDbEntity
  8
Multi-Layer
100
AcDbCircle
 10
1.8779559
 20
1.8427182
 30
0.0
 40
0.031496
  0
CIRCLE
  5
139A
330
1F
100
AcDbEntity
  8
Top Solder
100
AcDbCircle
 10
1.8779559
 20
1.8427182
 30
0.0
 40
0.035496
  0
CIRCLE
  5
139B
330
1F
100
AcDbEntity
  8
Multi-Layer
100
AcDbCircle
 10
1.8279559
 20
1.9427182
 30
0.0
 40
0.031496
  0
CIRCLE
  5
139C
330
1F
100
AcDbEntity
  8
Top Solder
100
AcDbCircle
 10
1.8279559
 20
1.9427182
 30
0.0
 40
0.035496
  0
CIRCLE
  5
139D
330
1F
100
AcDbEntity
  8
Multi-Layer
100
AcDbCircle
 10
1.7779559
 20
1.8427182
 30
0.0
 40
0.031496
  0
CIRCLE
  5
139E
330
1F
100
AcDbEntity
  8
Top Solder
100
AcDbCircle
 10
1.7779559
 20
1.8427182
 30
0.0
 40
0.035496
  0
CIRCLE
  5
139F
330
1F
100
AcDbEntity
  8
Multi-Layer
100
AcDbCircle
 10
2.2135859
 20
2.3856282
 30
0.0
 40
0.035433
  0
CIRCLE
  5
13A0
330
1F
100
AcDbEntity
  8
Top Solder
100
AcDbCircle
 10
2.2135859
 20
2.3856282
 30
0.0
 40
0.039433
  0
CIRCLE
  5
13A1
330
1F
100
AcDbEntity
  8
Multi-Layer
100
AcDbCircle
 10
2.1135859
 20
2.3856282
 30
0.0
 40
0.035433
  0
CIRCLE
  5
13A2
330
1F
100
AcDbEntity
  8
Top Solder
100
AcDbCircle
 10
2.1135859
 20
2.3856282
 30
0.0
 40
0.039433
  0
CIRCLE
  5
13A3
330
1F
100
AcDbEntity
  8
Multi-Layer
100
AcDbCircle
 10
1.7919259
 20
2.3856282
 30
0.0
 40
0.035433
  0
CIRCLE
  5
13A4
330
1F
100
AcDbEntity
  8
Top Solder
100
AcDbCircle
 10
1.7919259
 20
2.3856282
 30
0.0
 40
0.039433
  0
CIRCLE
  5
13A5
330
1F
100
AcDbEntity
  8
Multi-Layer
100
AcDbCircle
 10
1.6919259
 20
2.3856282
 30
0.0
 40
0.035433
  0
CIRCLE
  5
13A6
330
1F
100
AcDbEntity
  8
Top Solder
100
AcDbCircle
 10
1.6919259
 20
2.3856282
 30
0.0
 40
0.039433
  0
CIRCLE
  5
13A7
330
1F
100
AcDbEntity
  8
Multi-Layer
100
AcDbCircle
 10
2.2576759
 20
2.0726382
 30
0.0
 40
0.0492125
  0
CIRCLE
  5
13A8
330
1F
100
AcDbEntity
  8
Top Solder
100
AcDbCircle
 10
2.2576759
 20
2.0726382
 30
0.0
 40
0.0532125
  0
CIRCLE
  5
13A9
330
1F
100
AcDbEntity
  8
Multi-Layer
100
AcDbCircle
 10
1.6478359
 20
2.0726382
 30
0.0
 40
0.0492125
  0
CIRCLE
  5
13AA
330
1F
100
AcDbEntity
  8
Top Solder
100
AcDbCircle
 10
1.6478359
 20
2.0726382
 30
0.0
 40
0.0532125
  0
LINE
  5
13AB
330
1F
100
AcDbEntity
  8
Keep-Out Layer
100
AcDbLine
 10
2.1127949
 20
2.1927182
 30
0.0
 11
2.1127949
 21
2.1927182
 31
0.0
  0
LINE
  5
13AC
330
1F
100
AcDbEntity
  8
Keep-Out Layer
100
AcDbLine
 10
2.1127949
 20
2.1927182
 30
0.0
 11
2.1127949
 21
2.1991164
 31
0.0
  0
LINE
  5
13AD
330
1F
100
AcDbEntity
  8
Keep-Out Layer
100
AcDbLine
 10
2.1127949
 20
2.1991164
 30
0.0
 11
2.1152914
 21
2.2116667
 31
0.0
  0
LINE
  5
13AE
330
1F
100
AcDbEntity
  8
Keep-Out Layer
100
AcDbLine
 10
2.1152914
 20
2.2116667
 30
0.0
 11
2.1201883
 21
2.2234888
 31
0.0
  0
LINE
  5
13AF
330
1F
100
AcDbEntity
  8
Keep-Out Layer
100
AcDbLine
 10
2.1201883
 20
2.2234888
 30
0.0
 11
2.1272974
 21
2.2341285
 31
0.0
  0
LINE
  5
13B0
330
1F
100
AcDbEntity
  8
Keep-Out Layer
100
AcDbLine
 10
2.1272974
 20
2.2341285
 30
0.0
 11
2.1363457
 21
2.2431768
 31
0.0
  0
LINE
  5
13B1
330
1F
100
AcDbEntity
  8
Keep-Out Layer
100
AcDbLine
 10
2.1363457
 20
2.2431768
 30
0.0
 11
2.1469854
 21
2.2502859
 31
0.0
  0
LINE
  5
13B2
330
1F
100
AcDbEntity
  8
Keep-Out Layer
100
AcDbLine
 10
2.1469854
 20
2.2502859
 30
0.0
 11
2.1588075
 21
2.2551828
 31
0.0
  0
LINE
  5
13B3
330
1F
100
AcDbEntity
  8
Keep-Out Layer
100
AcDbLine
 10
2.1588075
 20
2.2551828
 30
0.0
 11
2.1713578
 21
2.2576792
 31
0.0
  0
LINE
  5
13B4
330
1F
100
AcDbEntity
  8
Keep-Out Layer
100
AcDbLine
 10
2.1713578
 20
2.2576792
 30
0.0
 11
2.1841541
 21
2.2576792
 31
0.0
  0
LINE
  5
13B5
330
1F
100
AcDbEntity
  8
Keep-Out Layer
100
AcDbLine
 10
2.1841541
 20
2.2576792
 30
0.0
 11
2.1967044
 21
2.2551828
 31
0.0
  0
LINE
  5
13B6
330
1F
100
AcDbEntity
  8
Keep-Out Layer
100
AcDbLine
 10
2.1967044
 20
2.2551828
 30
0.0
 11
2.2085265
 21
2.2502859
 31
0.0
  0
LINE
  5
13B7
330
1F
100
AcDbEntity
  8
Keep-Out Layer
100
AcDbLine
 10
2.2085265
 20
2.2502859
 30
0.0
 11
2.2191662
 21
2.2431768
 31
0.0
  0
LINE
  5
13B8
330
1F
100
AcDbEntity
  8
Keep-Out Layer
100
AcDbLine
 10
2.2191662
 20
2.2431768
 30
0.0
 11
2.2282145
 21
2.2341285
 31
0.0
  0
LINE
  5
13B9
330
1F
100
AcDbEntity
  8
Keep-Out Layer
100
AcDbLine
 10
2.2282145
 20
2.2341285
 30
0.0
 11
2.2353236
 21
2.2234888
 31
0.0
  0
LINE
  5
13BA
330
1F
100
AcDbEntity
  8
Keep-Out Layer
100
AcDbLine
 10
2.2353236
 20
2.2234888
 30
0.0
 11
2.2402205
 21
2.2116667
 31
0.0
  0
LINE
  5
13BB
330
1F
100
AcDbEntity
  8
Keep-Out Layer
100
AcDbLine
 10
2.2402205
 20
2.2116667
 30
0.0
 11
2.2427169
 21
2.1991164
 31
0.0
  0
LINE
  5
13BC
330
1F
100
AcDbEntity
  8
Keep-Out Layer
100
AcDbLine
 10
2.2427169
 20
2.1991164
 30
0.0
 11
2.2427169
 21
2.1927182
 31
0.0
  0
LINE
  5
13BD
330
1F
100
AcDbEntity
  8
Keep-Out Layer
100
AcDbLine
 10
2.2427169
 20
2.1927182
 30
0.0
 11
2.2427169
 21
2.1863201
 31
0.0
  0
LINE
  5
13BE
330
1F
100
AcDbEntity
  8
Keep-Out Layer
100
AcDbLine
 10
2.2427169
 20
2.1863201
 30
0.0
 11
2.2402205
 21
2.1737698
 31
0.0
  0
LINE
  5
13BF
330
1F
100
AcDbEntity
  8
Keep-Out Layer
100
AcDbLine
 10
2.2402205
 20
2.1737698
 30
0.0
 11
2.2353236
 21
2.1619477
 31
0.0
  0
LINE
  5
13C0
330
1F
100
AcDbEntity
  8
Keep-Out Layer
100
AcDbLine
 10
2.2353236
 20
2.1619477
 30
0.0
 11
2.2282145
 21
2.151308
 31
0.0
  0
LINE
  5
13C1
330
1F
100
AcDbEntity
  8
Keep-Out Layer
100
AcDbLine
 10
2.2282145
 20
2.151308
 30
0.0
 11
2.2191662
 21
2.1422597
 31
0.0
  0
LINE
  5
13C2
330
1F
100
AcDbEntity
  8
Keep-Out Layer
100
AcDbLine
 10
2.2191662
 20
2.1422597
 30
0.0
 11
2.2085265
 21
2.1351506
 31
0.0
  0
LINE
  5
13C3
330
1F
100
AcDbEntity
  8
Keep-Out Layer
100
AcDbLine
 10
2.2085265
 20
2.1351506
 30
0.0
 11
2.1967044
 21
2.1302537
 31
0.0
  0
LINE
  5
13C4
330
1F
100
AcDbEntity
  8
Keep-Out Layer
100
AcDbLine
 10
2.1967044
 20
2.1302537
 30
0.0
 11
2.1841541
 21
2.1277572
 31
0.0
  0
LINE
  5
13C5
330
1F
100
AcDbEntity
  8
Keep-Out Layer
100
AcDbLine
 10
2.1841541
 20
2.1277572
 30
0.0
 11
2.1713578
 21
2.1277572
 31
0.0
  0
LINE
  5
13C6
330
1F
100
AcDbEntity
  8
Keep-Out Layer
100
AcDbLine
 10
2.1713578
 20
2.1277572
 30
0.0
 11
2.1588075
 21
2.1302537
 31
0.0
  0
LINE
  5
13C7
330
1F
100
AcDbEntity
  8
Keep-Out Layer
100
AcDbLine
 10
2.1588075
 20
2.1302537
 30
0.0
 11
2.1469854
 21
2.1351506
 31
0.0
  0
LINE
  5
13C8
330
1F
100
AcDbEntity
  8
Keep-Out Layer
100
AcDbLine
 10
2.1469854
 20
2.1351506
 30
0.0
 11
2.1363457
 21
2.1422597
 31
0.0
  0
LINE
  5
13C9
330
1F
100
AcDbEntity
  8
Keep-Out Layer
100
AcDbLine
 10
2.1363457
 20
2.1422597
 30
0.0
 11
2.1272974
 21
2.151308
 31
0.0
  0
LINE
  5
13CA
330
1F
100
AcDbEntity
  8
Keep-Out Layer
100
AcDbLine
 10
2.1272974
 20
2.151308
 30
0.0
 11
2.1201883
 21
2.1619477
 31
0.0
  0
LINE
  5
13CB
330
1F
100
AcDbEntity
  8
Keep-Out Layer
100
AcDbLine
 10
2.1201883
 20
2.1619477
 30
0.0
 11
2.1152914
 21
2.1737698
 31
0.0
  0
LINE
  5
13CC
330
1F
100
AcDbEntity
  8
Keep-Out Layer
100
AcDbLine
 10
2.1152914
 20
2.1737698
 30
0.0
 11
2.1127949
 21
2.1863201
 31
0.0
  0
LINE
  5
13CD
330
1F
100
AcDbEntity
  8
Keep-Out Layer
100
AcDbLine
 10
2.1127949
 20
2.1863201
 30
0.0
 11
2.1127949
 21
2.1927182
 31
0.0
  0
LINE
  5
13CE
330
1F
100
AcDbEntity
  8
Keep-Out Layer
100
AcDbLine
 10
2.1127949
 20
2.1927182
 30
0.0
 11
2.1127949
 21
2.1927182
 31
0.0
  0
LINE
  5
13CF
330
1F
100
AcDbEntity
  8
Keep-Out Layer
100
AcDbLine
 10
2.1127949
 20
2.1927182
 30
0.0
 11
2.1127949
 21
2.1927182
 31
0.0
  0
LINE
  5
13D0
330
1F
100
AcDbEntity
  8
Keep-Out Layer
100
AcDbLine
 10
2.1127949
 20
2.1927182
 30
0.0
 11
2.1127949
 21
2.1991164
 31
0.0
  0
LINE
  5
13D1
330
1F
100
AcDbEntity
  8
Keep-Out Layer
100
AcDbLine
 10
2.1127949
 20
2.1991164
 30
0.0
 11
2.1152914
 21
2.2116667
 31
0.0
  0
LINE
  5
13D2
330
1F
100
AcDbEntity
  8
Keep-Out Layer
100
AcDbLine
 10
2.1152914
 20
2.2116667
 30
0.0
 11
2.1201883
 21
2.2234888
 31
0.0
  0
LINE
  5
13D3
330
1F
100
AcDbEntity
  8
Keep-Out Layer
100
AcDbLine
 10
2.1201883
 20
2.2234888
 30
0.0
 11
2.1272974
 21
2.2341285
 31
0.0
  0
LINE
  5
13D4
330
1F
100
AcDbEntity
  8
Keep-Out Layer
100
AcDbLine
 10
2.1272974
 20
2.2341285
 30
0.0
 11
2.1363457
 21
2.2431768
 31
0.0
  0
LINE
  5
13D5
330
1F
100
AcDbEntity
  8
Keep-Out Layer
100
AcDbLine
 10
2.1363457
 20
2.2431768
 30
0.0
 11
2.1469854
 21
2.2502859
 31
0.0
  0
LINE
  5
13D6
330
1F
100
AcDbEntity
  8
Keep-Out Layer
100
AcDbLine
 10
2.1469854
 20
2.2502859
 30
0.0
 11
2.1588075
 21
2.2551828
 31
0.0
  0
LINE
  5
13D7
330
1F
100
AcDbEntity
  8
Keep-Out Layer
100
AcDbLine
 10
2.1588075
 20
2.2551828
 30
0.0
 11
2.1713578
 21
2.2576792
 31
0.0
  0
LINE
  5
13D8
330
1F
100
AcDbEntity
  8
Keep-Out Layer
100
AcDbLine
 10
2.1713578
 20
2.2576792
 30
0.0
 11
2.1841541
 21
2.2576792
 31
0.0
  0
LINE
  5
13D9
330
1F
100
AcDbEntity
  8
Keep-Out Layer
100
AcDbLine
 10
2.1841541
 20
2.2576792
 30
0.0
 11
2.1967044
 21
2.2551828
 31
0.0
  0
LINE
  5
13DA
330
1F
100
AcDbEntity
  8
Keep-Out Layer
100
AcDbLine
 10
2.1967044
 20
2.2551828
 30
0.0
 11
2.2085265
 21
2.2502859
 31
0.0
  0
LINE
  5
13DB
330
1F
100
AcDbEntity
  8
Keep-Out Layer
100
AcDbLine
 10
2.2085265
 20
2.2502859
 30
0.0
 11
2.2191662
 21
2.2431768
 31
0.0
  0
LINE
  5
13DC
330
1F
100
AcDbEntity
  8
Keep-Out Layer
100
AcDbLine
 10
2.2191662
 20
2.2431768
 30
0.0
 11
2.2282145
 21
2.2341285
 31
0.0
  0
LINE
  5
13DD
330
1F
100
AcDbEntity
  8
Keep-Out Layer
100
AcDbLine
 10
2.2282145
 20
2.2341285
 30
0.0
 11
2.2353236
 21
2.2234888
 31
0.0
  0
LINE
  5
13DE
330
1F
100
AcDbEntity
  8
Keep-Out Layer
100
AcDbLine
 10
2.2353236
 20
2.2234888
 30
0.0
 11
2.2402205
 21
2.2116667
 31
0.0
  0
LINE
  5
13DF
330
1F
100
AcDbEntity
  8
Keep-Out Layer
100
AcDbLine
 10
2.2402205
 20
2.2116667
 30
0.0
 11
2.2427169
 21
2.1991164
 31
0.0
  0
LINE
  5
13E0
330
1F
100
AcDbEntity
  8
Keep-Out Layer
100
AcDbLine
 10
2.2427169
 20
2.1991164
 30
0.0
 11
2.2427169
 21
2.1927182
 31
0.0
  0
LINE
  5
13E1
330
1F
100
AcDbEntity
  8
Keep-Out Layer
100
AcDbLine
 10
2.2427169
 20
2.1927182
 30
0.0
 11
2.2427169
 21
2.1863201
 31
0.0
  0
LINE
  5
13E2
330
1F
100
AcDbEntity
  8
Keep-Out Layer
100
AcDbLine
 10
2.2427169
 20
2.1863201
 30
0.0
 11
2.2402205
 21
2.1737698
 31
0.0
  0
LINE
  5
13E3
330
1F
100
AcDbEntity
  8
Keep-Out Layer
100
AcDbLine
 10
2.2402205
 20
2.1737698
 30
0.0
 11
2.2353236
 21
2.1619477
 31
0.0
  0
LINE
  5
13E4
330
1F
100
AcDbEntity
  8
Keep-Out Layer
100
AcDbLine
 10
2.2353236
 20
2.1619477
 30
0.0
 11
2.2282145
 21
2.151308
 31
0.0
  0
LINE
  5
13E5
330
1F
100
AcDbEntity
  8
Keep-Out Layer
100
AcDbLine
 10
2.2282145
 20
2.151308
 30
0.0
 11
2.2191662
 21
2.1422597
 31
0.0
  0
LINE
  5
13E6
330
1F
100
AcDbEntity
  8
Keep-Out Layer
100
AcDbLine
 10
2.2191662
 20
2.1422597
 30
0.0
 11
2.2085265
 21
2.1351506
 31
0.0
  0
LINE
  5
13E7
330
1F
100
AcDbEntity
  8
Keep-Out Layer
100
AcDbLine
 10
2.2085265
 20
2.1351506
 30
0.0
 11
2.1967044
 21
2.1302537
 31
0.0
  0
LINE
  5
13E8
330
1F
100
AcDbEntity
  8
Keep-Out Layer
100
AcDbLine
 10
2.1967044
 20
2.1302537
 30
0.0
 11
2.1841541
 21
2.1277572
 31
0.0
  0
LINE
  5
13E9
330
1F
100
AcDbEntity
  8
Keep-Out Layer
100
AcDbLine
 10
2.1841541
 20
2.1277572
 30
0.0
 11
2.1713578
 21
2.1277572
 31
0.0
  0
LINE
  5
13EA
330
1F
100
AcDbEntity
  8
Keep-Out Layer
100
AcDbLine
 10
2.1713578
 20
2.1277572
 30
0.0
 11
2.1588075
 21
2.1302537
 31
0.0
  0
LINE
  5
13EB
330
1F
100
AcDbEntity
  8
Keep-Out Layer
100
AcDbLine
 10
2.1588075
 20
2.1302537
 30
0.0
 11
2.1469854
 21
2.1351506
 31
0.0
  0
LINE
  5
13EC
330
1F
100
AcDbEntity
  8
Keep-Out Layer
100
AcDbLine
 10
2.1469854
 20
2.1351506
 30
0.0
 11
2.1363457
 21
2.1422597
 31
0.0
  0
LINE
  5
13ED
330
1F
100
AcDbEntity
  8
Keep-Out Layer
100
AcDbLine
 10
2.1363457
 20
2.1422597
 30
0.0
 11
2.1272974
 21
2.151308
 31
0.0
  0
LINE
  5
13EE
330
1F
100
AcDbEntity
  8
Keep-Out Layer
100
AcDbLine
 10
2.1272974
 20
2.151308
 30
0.0
 11
2.1201883
 21
2.1619477
 31
0.0
  0
LINE
  5
13EF
330
1F
100
AcDbEntity
  8
Keep-Out Layer
100
AcDbLine
 10
2.1201883
 20
2.1619477
 30
0.0
 11
2.1152914
 21
2.1737698
 31
0.0
  0
LINE
  5
13F0
330
1F
100
AcDbEntity
  8
Keep-Out Layer
100
AcDbLine
 10
2.1152914
 20
2.1737698
 30
0.0
 11
2.1127949
 21
2.1863201
 31
0.0
  0
LINE
  5
13F1
330
1F
100
AcDbEntity
  8
Keep-Out Layer
100
AcDbLine
 10
2.1127949
 20
2.1863201
 30
0.0
 11
2.1127949
 21
2.1927182
 31
0.0
  0
LINE
  5
13F2
330
1F
100
AcDbEntity
  8
Keep-Out Layer
100
AcDbLine
 10
2.1127949
 20
2.1927182
 30
0.0
 11
2.1127949
 21
2.1927182
 31
0.0
  0
LINE
  5
13F3
330
1F
100
AcDbEntity
  8
Keep-Out Layer
100
AcDbLine
 10
1.6627949
 20
2.1927182
 30
0.0
 11
1.6627949
 21
2.1927182
 31
0.0
  0
LINE
  5
13F4
330
1F
100
AcDbEntity
  8
Keep-Out Layer
100
AcDbLine
 10
1.6627949
 20
2.1927182
 30
0.0
 11
1.6627949
 21
2.1991164
 31
0.0
  0
LINE
  5
13F5
330
1F
100
AcDbEntity
  8
Keep-Out Layer
100
AcDbLine
 10
1.6627949
 20
2.1991164
 30
0.0
 11
1.6652914
 21
2.2116667
 31
0.0
  0
LINE
  5
13F6
330
1F
100
AcDbEntity
  8
Keep-Out Layer
100
AcDbLine
 10
1.6652914
 20
2.2116667
 30
0.0
 11
1.6701883
 21
2.2234888
 31
0.0
  0
LINE
  5
13F7
330
1F
100
AcDbEntity
  8
Keep-Out Layer
100
AcDbLine
 10
1.6701883
 20
2.2234888
 30
0.0
 11
1.6772974
 21
2.2341285
 31
0.0
  0
LINE
  5
13F8
330
1F
100
AcDbEntity
  8
Keep-Out Layer
100
AcDbLine
 10
1.6772974
 20
2.2341285
 30
0.0
 11
1.6863457
 21
2.2431768
 31
0.0
  0
LINE
  5
13F9
330
1F
100
AcDbEntity
  8
Keep-Out Layer
100
AcDbLine
 10
1.6863457
 20
2.2431768
 30
0.0
 11
1.6969854
 21
2.2502859
 31
0.0
  0
LINE
  5
13FA
330
1F
100
AcDbEntity
  8
Keep-Out Layer
100
AcDbLine
 10
1.6969854
 20
2.2502859
 30
0.0
 11
1.7088075
 21
2.2551828
 31
0.0
  0
LINE
  5
13FB
330
1F
100
AcDbEntity
  8
Keep-Out Layer
100
AcDbLine
 10
1.7088075
 20
2.2551828
 30
0.0
 11
1.7213578
 21
2.2576792
 31
0.0
  0
LINE
  5
13FC
330
1F
100
AcDbEntity
  8
Keep-Out Layer
100
AcDbLine
 10
1.7213578
 20
2.2576792
 30
0.0
 11
1.7341541
 21
2.2576792
 31
0.0
  0
LINE
  5
13FD
330
1F
100
AcDbEntity
  8
Keep-Out Layer
100
AcDbLine
 10
1.7341541
 20
2.2576792
 30
0.0
 11
1.7467044
 21
2.2551828
 31
0.0
  0
LINE
  5
13FE
330
1F
100
AcDbEntity
  8
Keep-Out Layer
100
AcDbLine
 10
1.7467044
 20
2.2551828
 30
0.0
 11
1.7585265
 21
2.2502859
 31
0.0
  0
LINE
  5
13FF
330
1F
100
AcDbEntity
  8
Keep-Out Layer
100
AcDbLine
 10
1.7585265
 20
2.2502859
 30
0.0
 11
1.7691662
 21
2.2431768
 31
0.0
  0
LINE
  5
1400
330
1F
100
AcDbEntity
  8
Keep-Out Layer
100
AcDbLine
 10
1.7691662
 20
2.2431768
 30
0.0
 11
1.7782145
 21
2.2341285
 31
0.0
  0
LINE
  5
1401
330
1F
100
AcDbEntity
  8
Keep-Out Layer
100
AcDbLine
 10
1.7782145
 20
2.2341285
 30
0.0
 11
1.7853236
 21
2.2234888
 31
0.0
  0
LINE
  5
1402
330
1F
100
AcDbEntity
  8
Keep-Out Layer
100
AcDbLine
 10
1.7853236
 20
2.2234888
 30
0.0
 11
1.7902205
 21
2.2116667
 31
0.0
  0
LINE
  5
1403
330
1F
100
AcDbEntity
  8
Keep-Out Layer
100
AcDbLine
 10
1.7902205
 20
2.2116667
 30
0.0
 11
1.7927169
 21
2.1991164
 31
0.0
  0
LINE
  5
1404
330
1F
100
AcDbEntity
  8
Keep-Out Layer
100
AcDbLine
 10
1.7927169
 20
2.1991164
 30
0.0
 11
1.7927169
 21
2.1927182
 31
0.0
  0
LINE
  5
1405
330
1F
100
AcDbEntity
  8
Keep-Out Layer
100
AcDbLine
 10
1.7927169
 20
2.1927182
 30
0.0
 11
1.7927169
 21
2.1863201
 31
0.0
  0
LINE
  5
1406
330
1F
100
AcDbEntity
  8
Keep-Out Layer
100
AcDbLine
 10
1.7927169
 20
2.1863201
 30
0.0
 11
1.7902205
 21
2.1737698
 31
0.0
  0
LINE
  5
1407
330
1F
100
AcDbEntity
  8
Keep-Out Layer
100
AcDbLine
 10
1.7902205
 20
2.1737698
 30
0.0
 11
1.7853236
 21
2.1619477
 31
0.0
  0
LINE
  5
1408
330
1F
100
AcDbEntity
  8
Keep-Out Layer
100
AcDbLine
 10
1.7853236
 20
2.1619477
 30
0.0
 11
1.7782145
 21
2.151308
 31
0.0
  0
LINE
  5
1409
330
1F
100
AcDbEntity
  8
Keep-Out Layer
100
AcDbLine
 10
1.7782145
 20
2.151308
 30
0.0
 11
1.7691662
 21
2.1422597
 31
0.0
  0
LINE
  5
140A
330
1F
100
AcDbEntity
  8
Keep-Out Layer
100
AcDbLine
 10
1.7691662
 20
2.1422597
 30
0.0
 11
1.7585265
 21
2.1351506
 31
0.0
  0
LINE
  5
140B
330
1F
100
AcDbEntity
  8
Keep-Out Layer
100
AcDbLine
 10
1.7585265
 20
2.1351506
 30
0.0
 11
1.7467044
 21
2.1302537
 31
0.0
  0
LINE
  5
140C
330
1F
100
AcDbEntity
  8
Keep-Out Layer
100
AcDbLine
 10
1.7467044
 20
2.1302537
 30
0.0
 11
1.7341541
 21
2.1277572
 31
0.0
  0
LINE
  5
140D
330
1F
100
AcDbEntity
  8
Keep-Out Layer
100
AcDbLine
 10
1.7341541
 20
2.1277572
 30
0.0
 11
1.7213578
 21
2.1277572
 31
0.0
  0
LINE
  5
140E
330
1F
100
AcDbEntity
  8
Keep-Out Layer
100
AcDbLine
 10
1.7213578
 20
2.1277572
 30
0.0
 11
1.7088075
 21
2.1302537
 31
0.0
  0
LINE
  5
140F
330
1F
100
AcDbEntity
  8
Keep-Out Layer
100
AcDbLine
 10
1.7088075
 20
2.1302537
 30
0.0
 11
1.6969854
 21
2.1351506
 31
0.0
  0
LINE
  5
1410
330
1F
100
AcDbEntity
  8
Keep-Out Layer
100
AcDbLine
 10
1.6969854
 20
2.1351506
 30
0.0
 11
1.6863457
 21
2.1422597
 31
0.0
  0
LINE
  5
1411
330
1F
100
AcDbEntity
  8
Keep-Out Layer
100
AcDbLine
 10
1.6863457
 20
2.1422597
 30
0.0
 11
1.6772974
 21
2.151308
 31
0.0
  0
LINE
  5
1412
330
1F
100
AcDbEntity
  8
Keep-Out Layer
100
AcDbLine
 10
1.6772974
 20
2.151308
 30
0.0
 11
1.6701883
 21
2.1619477
 31
0.0
  0
LINE
  5
1413
330
1F
100
AcDbEntity
  8
Keep-Out Layer
100
AcDbLine
 10
1.6701883
 20
2.1619477
 30
0.0
 11
1.6652914
 21
2.1737698
 31
0.0
  0
LINE
  5
1414
330
1F
100
AcDbEntity
  8
Keep-Out Layer
100
AcDbLine
 10
1.6652914
 20
2.1737698
 30
0.0
 11
1.6627949
 21
2.1863201
 31
0.0
  0
LINE
  5
1415
330
1F
100
AcDbEntity
  8
Keep-Out Layer
100
AcDbLine
 10
1.6627949
 20
2.1863201
 30
0.0
 11
1.6627949
 21
2.1927182
 31
0.0
  0
LINE
  5
1416
330
1F
100
AcDbEntity
  8
Keep-Out Layer
100
AcDbLine
 10
1.6627949
 20
2.1927182
 30
0.0
 11
1.6627949
 21
2.1927182
 31
0.0
  0
LINE
  5
1417
330
1F
100
AcDbEntity
  8
Keep-Out Layer
100
AcDbLine
 10
1.6627949
 20
2.1927182
 30
0.0
 11
1.6627949
 21
2.1927182
 31
0.0
  0
LINE
  5
1418
330
1F
100
AcDbEntity
  8
Keep-Out Layer
100
AcDbLine
 10
1.6627949
 20
2.1927182
 30
0.0
 11
1.6627949
 21
2.1991164
 31
0.0
  0
LINE
  5
1419
330
1F
100
AcDbEntity
  8
Keep-Out Layer
100
AcDbLine
 10
1.6627949
 20
2.1991164
 30
0.0
 11
1.6652914
 21
2.2116667
 31
0.0
  0
LINE
  5
141A
330
1F
100
AcDbEntity
  8
Keep-Out Layer
100
AcDbLine
 10
1.6652914
 20
2.2116667
 30
0.0
 11
1.6701883
 21
2.2234888
 31
0.0
  0
LINE
  5
141B
330
1F
100
AcDbEntity
  8
Keep-Out Layer
100
AcDbLine
 10
1.6701883
 20
2.2234888
 30
0.0
 11
1.6772974
 21
2.2341285
 31
0.0
  0
LINE
  5
141C
330
1F
100
AcDbEntity
  8
Keep-Out Layer
100
AcDbLine
 10
1.6772974
 20
2.2341285
 30
0.0
 11
1.6863457
 21
2.2431768
 31
0.0
  0
LINE
  5
141D
330
1F
100
AcDbEntity
  8
Keep-Out Layer
100
AcDbLine
 10
1.6863457
 20
2.2431768
 30
0.0
 11
1.6969854
 21
2.2502859
 31
0.0
  0
LINE
  5
141E
330
1F
100
AcDbEntity
  8
Keep-Out Layer
100
AcDbLine
 10
1.6969854
 20
2.2502859
 30
0.0
 11
1.7088075
 21
2.2551828
 31
0.0
  0
LINE
  5
141F
330
1F
100
AcDbEntity
  8
Keep-Out Layer
100
AcDbLine
 10
1.7088075
 20
2.2551828
 30
0.0
 11
1.7213578
 21
2.2576792
 31
0.0
  0
LINE
  5
1420
330
1F
100
AcDbEntity
  8
Keep-Out Layer
100
AcDbLine
 10
1.7213578
 20
2.2576792
 30
0.0
 11
1.7341541
 21
2.2576792
 31
0.0
  0
LINE
  5
1421
330
1F
100
AcDbEntity
  8
Keep-Out Layer
100
AcDbLine
 10
1.7341541
 20
2.2576792
 30
0.0
 11
1.7467044
 21
2.2551828
 31
0.0
  0
LINE
  5
1422
330
1F
100
AcDbEntity
  8
Keep-Out Layer
100
AcDbLine
 10
1.7467044
 20
2.2551828
 30
0.0
 11
1.7585265
 21
2.2502859
 31
0.0
  0
LINE
  5
1423
330
1F
100
AcDbEntity
  8
Keep-Out Layer
100
AcDbLine
 10
1.7585265
 20
2.2502859
 30
0.0
 11
1.7691662
 21
2.2431768
 31
0.0
  0
LINE
  5
1424
330
1F
100
AcDbEntity
  8
Keep-Out Layer
100
AcDbLine
 10
1.7691662
 20
2.2431768
 30
0.0
 11
1.7782145
 21
2.2341285
 31
0.0
  0
LINE
  5
1425
330
1F
100
AcDbEntity
  8
Keep-Out Layer
100
AcDbLine
 10
1.7782145
 20
2.2341285
 30
0.0
 11
1.7853236
 21
2.2234888
 31
0.0
  0
LINE
  5
1426
330
1F
100
AcDbEntity
  8
Keep-Out Layer
100
AcDbLine
 10
1.7853236
 20
2.2234888
 30
0.0
 11
1.7902205
 21
2.2116667
 31
0.0
  0
LINE
  5
1427
330
1F
100
AcDbEntity
  8
Keep-Out Layer
100
AcDbLine
 10
1.7902205
 20
2.2116667
 30
0.0
 11
1.7927169
 21
2.1991164
 31
0.0
  0
LINE
  5
1428
330
1F
100
AcDbEntity
  8
Keep-Out Layer
100
AcDbLine
 10
1.7927169
 20
2.1991164
 30
0.0
 11
1.7927169
 21
2.1927182
 31
0.0
  0
LINE
  5
1429
330
1F
100
AcDbEntity
  8
Keep-Out Layer
100
AcDbLine
 10
1.7927169
 20
2.1927182
 30
0.0
 11
1.7927169
 21
2.1863201
 31
0.0
  0
LINE
  5
142A
330
1F
100
AcDbEntity
  8
Keep-Out Layer
100
AcDbLine
 10
1.7927169
 20
2.1863201
 30
0.0
 11
1.7902205
 21
2.1737698
 31
0.0
  0
LINE
  5
142B
330
1F
100
AcDbEntity
  8
Keep-Out Layer
100
AcDbLine
 10
1.7902205
 20
2.1737698
 30
0.0
 11
1.7853236
 21
2.1619477
 31
0.0
  0
LINE
  5
142C
330
1F
100
AcDbEntity
  8
Keep-Out Layer
100
AcDbLine
 10
1.7853236
 20
2.1619477
 30
0.0
 11
1.7782145
 21
2.151308
 31
0.0
  0
LINE
  5
142D
330
1F
100
AcDbEntity
  8
Keep-Out Layer
100
AcDbLine
 10
1.7782145
 20
2.151308
 30
0.0
 11
1.7691662
 21
2.1422597
 31
0.0
  0
LINE
  5
142E
330
1F
100
AcDbEntity
  8
Keep-Out Layer
100
AcDbLine
 10
1.7691662
 20
2.1422597
 30
0.0
 11
1.7585265
 21
2.1351506
 31
0.0
  0
LINE
  5
142F
330
1F
100
AcDbEntity
  8
Keep-Out Layer
100
AcDbLine
 10
1.7585265
 20
2.1351506
 30
0.0
 11
1.7467044
 21
2.1302537
 31
0.0
  0
LINE
  5
1430
330
1F
100
AcDbEntity
  8
Keep-Out Layer
100
AcDbLine
 10
1.7467044
 20
2.1302537
 30
0.0
 11
1.7341541
 21
2.1277572
 31
0.0
  0
LINE
  5
1431
330
1F
100
AcDbEntity
  8
Keep-Out Layer
100
AcDbLine
 10
1.7341541
 20
2.1277572
 30
0.0
 11
1.7213578
 21
2.1277572
 31
0.0
  0
LINE
  5
1432
330
1F
100
AcDbEntity
  8
Keep-Out Layer
100
AcDbLine
 10
1.7213578
 20
2.1277572
 30
0.0
 11
1.7088075
 21
2.1302537
 31
0.0
  0
LINE
  5
1433
330
1F
100
AcDbEntity
  8
Keep-Out Layer
100
AcDbLine
 10
1.7088075
 20
2.1302537
 30
0.0
 11
1.6969854
 21
2.1351506
 31
0.0
  0
LINE
  5
1434
330
1F
100
AcDbEntity
  8
Keep-Out Layer
100
AcDbLine
 10
1.6969854
 20
2.1351506
 30
0.0
 11
1.6863457
 21
2.1422597
 31
0.0
  0
LINE
  5
1435
330
1F
100
AcDbEntity
  8
Keep-Out Layer
100
AcDbLine
 10
1.6863457
 20
2.1422597
 30
0.0
 11
1.6772974
 21
2.151308
 31
0.0
  0
LINE
  5
1436
330
1F
100
AcDbEntity
  8
Keep-Out Layer
100
AcDbLine
 10
1.6772974
 20
2.151308
 30
0.0
 11
1.6701883
 21
2.1619477
 31
0.0
  0
LINE
  5
1437
330
1F
100
AcDbEntity
  8
Keep-Out Layer
100
AcDbLine
 10
1.6701883
 20
2.1619477
 30
0.0
 11
1.6652914
 21
2.1737698
 31
0.0
  0
LINE
  5
1438
330
1F
100
AcDbEntity
  8
Keep-Out Layer
100
AcDbLine
 10
1.6652914
 20
2.1737698
 30
0.0
 11
1.6627949
 21
2.1863201
 31
0.0
  0
LINE
  5
1439
330
1F
100
AcDbEntity
  8
Keep-Out Layer
100
AcDbLine
 10
1.6627949
 20
2.1863201
 30
0.0
 11
1.6627949
 21
2.1927182
 31
0.0
  0
LINE
  5
143A
330
1F
100
AcDbEntity
  8
Keep-Out Layer
100
AcDbLine
 10
1.6627949
 20
2.1927182
 30
0.0
 11
1.6627949
 21
2.1927182
 31
0.0
  0
LINE
  5
143B
330
1F
100
AcDbEntity
  8
Top Overlay
100
AcDbLine
 10
0.4631102
 20
0.0181102
 30
0.0
 11
0.4631102
 21
0.2181102
 31
0.0
  0
LINE
  5
143C
330
1F
100
AcDbEntity
  8
Top Overlay
100
AcDbLine
 10
0.4631102
 20
0.0181102
 30
0.0
 11
1.7731102
 21
0.0181102
 31
0.0
  0
LINE
  5
143D
330
1F
100
AcDbEntity
  8
Top Overlay
100
AcDbLine
 10
1.7731102
 20
0.0181102
 30
0.0
 11
1.7731102
 21
0.2181102
 31
0.0
  0
LINE
  5
143E
330
1F
100
AcDbEntity
  8
Top Overlay
100
AcDbLine
 10
0.4631102
 20
0.2181102
 30
0.0
 11
1.7731102
 21
0.2181102
 31
0.0
  0
LINE
  5
143F
330
1F
100
AcDbEntity
  8
Multi-Layer
100
AcDbLine
 10
0.4826602
 20
0.1035602
 30
0.0
 11
0.5535602
 21
0.1035602
 31
0.0
  0
LINE
  5
1440
330
1F
100
AcDbEntity
  8
Multi-Layer
100
AcDbLine
 10
0.5535602
 20
0.1035602
 30
0.0
 11
0.5535602
 21
0.0326602
 31
0.0
  0
LINE
  5
1441
330
1F
100
AcDbEntity
  8
Multi-Layer
100
AcDbLine
 10
0.5535602
 20
0.0326602
 30
0.0
 11
0.4826602
 21
0.0326602
 31
0.0
  0
LINE
  5
1442
330
1F
100
AcDbEntity
  8
Multi-Layer
100
AcDbLine
 10
0.4826602
 20
0.0326602
 30
0.0
 11
0.4826602
 21
0.1035602
 31
0.0
  0
LINE
  5
1443
330
1F
100
AcDbEntity
  8
Top Solder
100
AcDbLine
 10
0.4786602
 20
0.1075602
 30
0.0
 11
0.5575602
 21
0.1075602
 31
0.0
  0
LINE
  5
1444
330
1F
100
AcDbEntity
  8
Top Solder
100
AcDbLine
 10
0.5575602
 20
0.1075602
 30
0.0
 11
0.5575602
 21
0.0286602
 31
0.0
  0
LINE
  5
1445
330
1F
100
AcDbEntity
  8
Top Solder
100
AcDbLine
 10
0.5575602
 20
0.0286602
 30
0.0
 11
0.4786602
 21
0.0286602
 31
0.0
  0
LINE
  5
1446
330
1F
100
AcDbEntity
  8
Top Solder
100
AcDbLine
 10
0.4786602
 20
0.0286602
 30
0.0
 11
0.4786602
 21
0.1075602
 31
0.0
  0
CIRCLE
  5
1447
330
1F
100
AcDbEntity
  8
Multi-Layer
100
AcDbCircle
 10
0.5181102
 20
0.1681102
 30
0.0
 40
0.03545
  0
CIRCLE
  5
1448
330
1F
100
AcDbEntity
  8
Top Solder
100
AcDbCircle
 10
0.5181102
 20
0.1681102
 30
0.0
 40
0.03945
  0
CIRCLE
  5
1449
330
1F
100
AcDbEntity
  8
Multi-Layer
100
AcDbCircle
 10
0.6181102
 20
0.0681102
 30
0.0
 40
0.03545
  0
CIRCLE
  5
144A
330
1F
100
AcDbEntity
  8
Top Solder
100
AcDbCircle
 10
0.6181102
 20
0.0681102
 30
0.0
 40
0.03945
  0
CIRCLE
  5
144B
330
1F
100
AcDbEntity
  8
Multi-Layer
100
AcDbCircle
 10
0.6181102
 20
0.1681102
 30
0.0
 40
0.03545
  0
CIRCLE
  5
144C
330
1F
100
AcDbEntity
  8
Top Solder
100
AcDbCircle
 10
0.6181102
 20
0.1681102
 30
0.0
 40
0.03945
  0
CIRCLE
  5
144D
330
1F
100
AcDbEntity
  8
Multi-Layer
100
AcDbCircle
 10
0.7181102
 20
0.0681102
 30
0.0
 40
0.03545
  0
CIRCLE
  5
144E
330
1F
100
AcDbEntity
  8
Top Solder
100
AcDbCircle
 10
0.7181102
 20
0.0681102
 30
0.0
 40
0.03945
  0
CIRCLE
  5
144F
330
1F
100
AcDbEntity
  8
Multi-Layer
100
AcDbCircle
 10
0.7181102
 20
0.1681102
 30
0.0
 40
0.03545
  0
CIRCLE
  5
1450
330
1F
100
AcDbEntity
  8
Top Solder
100
AcDbCircle
 10
0.7181102
 20
0.1681102
 30
0.0
 40
0.03945
  0
CIRCLE
  5
1451
330
1F
100
AcDbEntity
  8
Multi-Layer
100
AcDbCircle
 10
0.8181102
 20
0.0681102
 30
0.0
 40
0.03545
  0
CIRCLE
  5
1452
330
1F
100
AcDbEntity
  8
Top Solder
100
AcDbCircle
 10
0.8181102
 20
0.0681102
 30
0.0
 40
0.03945
  0
CIRCLE
  5
1453
330
1F
100
AcDbEntity
  8
Multi-Layer
100
AcDbCircle
 10
0.8181102
 20
0.1681102
 30
0.0
 40
0.03545
  0
CIRCLE
  5
1454
330
1F
100
AcDbEntity
  8
Top Solder
100
AcDbCircle
 10
0.8181102
 20
0.1681102
 30
0.0
 40
0.03945
  0
CIRCLE
  5
1455
330
1F
100
AcDbEntity
  8
Multi-Layer
100
AcDbCircle
 10
0.9181102
 20
0.0681102
 30
0.0
 40
0.03545
  0
CIRCLE
  5
1456
330
1F
100
AcDbEntity
  8
Top Solder
100
AcDbCircle
 10
0.9181102
 20
0.0681102
 30
0.0
 40
0.03945
  0
CIRCLE
  5
1457
330
1F
100
AcDbEntity
  8
Multi-Layer
100
AcDbCircle
 10
0.9181102
 20
0.1681102
 30
0.0
 40
0.03545
  0
CIRCLE
  5
1458
330
1F
100
AcDbEntity
  8
Top Solder
100
AcDbCircle
 10
0.9181102
 20
0.1681102
 30
0.0
 40
0.03945
  0
CIRCLE
  5
1459
330
1F
100
AcDbEntity
  8
Multi-Layer
100
AcDbCircle
 10
1.0181102
 20
0.0681102
 30
0.0
 40
0.03545
  0
CIRCLE
  5
145A
330
1F
100
AcDbEntity
  8
Top Solder
100
AcDbCircle
 10
1.0181102
 20
0.0681102
 30
0.0
 40
0.03945
  0
CIRCLE
  5
145B
330
1F
100
AcDbEntity
  8
Multi-Layer
100
AcDbCircle
 10
1.0181102
 20
0.1681102
 30
0.0
 40
0.03545
  0
CIRCLE
  5
145C
330
1F
100
AcDbEntity
  8
Top Solder
100
AcDbCircle
 10
1.0181102
 20
0.1681102
 30
0.0
 40
0.03945
  0
CIRCLE
  5
145D
330
1F
100
AcDbEntity
  8
Multi-Layer
100
AcDbCircle
 10
1.1181102
 20
0.0681102
 30
0.0
 40
0.03545
  0
CIRCLE
  5
145E
330
1F
100
AcDbEntity
  8
Top Solder
100
AcDbCircle
 10
1.1181102
 20
0.0681102
 30
0.0
 40
0.03945
  0
CIRCLE
  5
145F
330
1F
100
AcDbEntity
  8
Multi-Layer
100
AcDbCircle
 10
1.1181102
 20
0.1681102
 30
0.0
 40
0.03545
  0
CIRCLE
  5
1460
330
1F
100
AcDbEntity
  8
Top Solder
100
AcDbCircle
 10
1.1181102
 20
0.1681102
 30
0.0
 40
0.03945
  0
CIRCLE
  5
1461
330
1F
100
AcDbEntity
  8
Multi-Layer
100
AcDbCircle
 10
1.2181102
 20
0.0681102
 30
0.0
 40
0.03545
  0
CIRCLE
  5
1462
330
1F
100
AcDbEntity
  8
Top Solder
100
AcDbCircle
 10
1.2181102
 20
0.0681102
 30
0.0
 40
0.03945
  0
CIRCLE
  5
1463
330
1F
100
AcDbEntity
  8
Multi-Layer
100
AcDbCircle
 10
1.2181102
 20
0.1681102
 30
0.0
 40
0.03545
  0
CIRCLE
  5
1464
330
1F
100
AcDbEntity
  8
Top Solder
100
AcDbCircle
 10
1.2181102
 20
0.1681102
 30
0.0
 40
0.03945
  0
CIRCLE
  5
1465
330
1F
100
AcDbEntity
  8
Multi-Layer
100
AcDbCircle
 10
1.3181102
 20
0.0681102
 30
0.0
 40
0.03545
  0
CIRCLE
  5
1466
330
1F
100
AcDbEntity
  8
Top Solder
100
AcDbCircle
 10
1.3181102
 20
0.0681102
 30
0.0
 40
0.03945
  0
CIRCLE
  5
1467
330
1F
100
AcDbEntity
  8
Multi-Layer
100
AcDbCircle
 10
1.3181102
 20
0.1681102
 30
0.0
 40
0.03545
  0
CIRCLE
  5
1468
330
1F
100
AcDbEntity
  8
Top Solder
100
AcDbCircle
 10
1.3181102
 20
0.1681102
 30
0.0
 40
0.03945
  0
CIRCLE
  5
1469
330
1F
100
AcDbEntity
  8
Multi-Layer
100
AcDbCircle
 10
1.4181102
 20
0.0681102
 30
0.0
 40
0.03545
  0
CIRCLE
  5
146A
330
1F
100
AcDbEntity
  8
Top Solder
100
AcDbCircle
 10
1.4181102
 20
0.0681102
 30
0.0
 40
0.03945
  0
CIRCLE
  5
146B
330
1F
100
AcDbEntity
  8
Multi-Layer
100
AcDbCircle
 10
1.4181102
 20
0.1681102
 30
0.0
 40
0.03545
  0
CIRCLE
  5
146C
330
1F
100
AcDbEntity
  8
Top Solder
100
AcDbCircle
 10
1.4181102
 20
0.1681102
 30
0.0
 40
0.03945
  0
CIRCLE
  5
146D
330
1F
100
AcDbEntity
  8
Multi-Layer
100
AcDbCircle
 10
1.5181102
 20
0.0681102
 30
0.0
 40
0.03545
  0
CIRCLE
  5
146E
330
1F
100
AcDbEntity
  8
Top Solder
100
AcDbCircle
 10
1.5181102
 20
0.0681102
 30
0.0
 40
0.03945
  0
CIRCLE
  5
146F
330
1F
100
AcDbEntity
  8
Multi-Layer
100
AcDbCircle
 10
1.5181102
 20
0.1681102
 30
0.0
 40
0.03545
  0
CIRCLE
  5
1470
330
1F
100
AcDbEntity
  8
Top Solder
100
AcDbCircle
 10
1.5181102
 20
0.1681102
 30
0.0
 40
0.03945
  0
CIRCLE
  5
1471
330
1F
100
AcDbEntity
  8
Multi-Layer
100
AcDbCircle
 10
1.6181102
 20
0.0681102
 30
0.0
 40
0.03545
  0
CIRCLE
  5
1472
330
1F
100
AcDbEntity
  8
Top Solder
100
AcDbCircle
 10
1.6181102
 20
0.0681102
 30
0.0
 40
0.03945
  0
CIRCLE
  5
1473
330
1F
100
AcDbEntity
  8
Multi-Layer
100
AcDbCircle
 10
1.6181102
 20
0.1681102
 30
0.0
 40
0.03545
  0
CIRCLE
  5
1474
330
1F
100
AcDbEntity
  8
Top Solder
100
AcDbCircle
 10
1.6181102
 20
0.1681102
 30
0.0
 40
0.03945
  0
CIRCLE
  5
1475
330
1F
100
AcDbEntity
  8
Multi-Layer
100
AcDbCircle
 10
1.7181102
 20
0.0681102
 30
0.0
 40
0.03545
  0
CIRCLE
  5
1476
330
1F
100
AcDbEntity
  8
Top Solder
100
AcDbCircle
 10
1.7181102
 20
0.0681102
 30
0.0
 40
0.03945
  0
CIRCLE
  5
1477
330
1F
100
AcDbEntity
  8
Multi-Layer
100
AcDbCircle
 10
1.7181102
 20
0.1681102
 30
0.0
 40
0.03545
  0
CIRCLE
  5
1478
330
1F
100
AcDbEntity
  8
Top Solder
100
AcDbCircle
 10
1.7181102
 20
0.1681102
 30
0.0
 40
0.03945
  0
LINE
  5
1479
330
1F
100
AcDbEntity
  8
Top Overlay
100
AcDbLine
 10
2.0413342
 20
0.5649658
 30
0.0
 11
2.1161342
 21
0.5649658
 31
0.0
  0
LINE
  5
147A
330
1F
100
AcDbEntity
  8
Top Overlay
100
AcDbLine
 10
2.1161342
 20
0.5649658
 30
0.0
 11
2.1161342
 21
0.5794878
 31
0.0
  0
LINE
  5
147B
330
1F
100
AcDbEntity
  8
Top Overlay
100
AcDbLine
 10
2.1161342
 20
0.6685528
 30
0.0
 11
2.1161342
 21
0.6700398
 31
0.0
  0
LINE
  5
147C
330
1F
100
AcDbEntity
  8
Top Overlay
100
AcDbLine
 10
2.0413342
 20
0.6685528
 30
0.0
 11
2.0413342
 21
0.6897248
 31
0.0
  0
LINE
  5
147D
330
1F
100
AcDbEntity
  8
Top Overlay
100
AcDbLine
 10
2.0413342
 20
0.5649658
 30
0.0
 11
2.0413342
 21
0.5794878
 31
0.0
  0
LINE
  5
147E
330
1F
100
AcDbEntity
  8
Top Overlay
100
AcDbLine
 10
2.0413342
 20
1.1476418
 30
0.0
 11
2.1161342
 21
1.1476418
 31
0.0
  0
LINE
  5
147F
330
1F
100
AcDbEntity
  8
Top Overlay
100
AcDbLine
 10
2.1161342
 20
0.7079248
 30
0.0
 11
2.1161342
 21
0.7094098
 31
0.0
  0
LINE
  5
1480
330
1F
100
AcDbEntity
  8
Top Overlay
100
AcDbLine
 10
2.1161342
 20
0.7472948
 30
0.0
 11
2.1161342
 21
0.7487798
 31
0.0
  0
LINE
  5
1481
330
1F
100
AcDbEntity
  8
Top Overlay
100
AcDbLine
 10
2.1161342
 20
0.7866658
 30
0.0
 11
2.1161342
 21
0.7881498
 31
0.0
  0
LINE
  5
1482
330
1F
100
AcDbEntity
  8
Top Overlay
100
AcDbLine
 10
2.1161342
 20
0.8260358
 30
0.0
 11
2.1161342
 21
0.8275198
 31
0.0
  0
LINE
  5
1483
330
1F
100
AcDbEntity
  8
Top Overlay
100
AcDbLine
 10
2.1161342
 20
0.8654058
 30
0.0
 11
2.1161342
 21
0.8668898
 31
0.0
  0
LINE
  5
1484
330
1F
100
AcDbEntity
  8
Top Overlay
100
AcDbLine
 10
2.1161342
 20
0.9047738
 30
0.0
 11
2.1161342
 21
0.9062598
 31
0.0
  0
LINE
  5
1485
330
1F
100
AcDbEntity
  8
Top Overlay
100
AcDbLine
 10
2.1161342
 20
0.9441438
 30
0.0
 11
2.1161342
 21
0.9456298
 31
0.0
  0
LINE
  5
1486
330
1F
100
AcDbEntity
  8
Top Overlay
100
AcDbLine
 10
2.1161342
 20
0.9835138
 30
0.0
 11
2.1161342
 21
0.9850008
 31
0.0
  0
LINE
  5
1487
330
1F
100
AcDbEntity
  8
Top Overlay
100
AcDbLine
 10
2.1161342
 20
1.0228838
 30
0.0
 11
2.1161342
 21
1.0440558
 31
0.0
  0
LINE
  5
1488
330
1F
100
AcDbEntity
  8
Top Overlay
100
AcDbLine
 10
2.1161342
 20
1.1331208
 30
0.0
 11
2.1161342
 21
1.1476418
 31
0.0
  0
LINE
  5
1489
330
1F
100
AcDbEntity
  8
Top Overlay
100
AcDbLine
 10
2.0413342
 20
1.1331208
 30
0.0
 11
2.0413342
 21
1.1476418
 31
0.0
  0
LINE
  5
148A
330
1F
100
AcDbEntity
  8
Top Overlay
100
AcDbLine
 10
2.0413342
 20
1.0425688
 30
0.0
 11
2.0413342
 21
1.0440558
 31
0.0
  0
LINE
  5
148B
330
1F
100
AcDbEntity
  8
Top Overlay
100
AcDbLine
 10
2.0413342
 20
1.0031988
 30
0.0
 11
2.0413342
 21
1.0046858
 31
0.0
  0
LINE
  5
148C
330
1F
100
AcDbEntity
  8
Top Overlay
100
AcDbLine
 10
2.0413342
 20
0.9638288
 30
0.0
 11
2.0413342
 21
0.9653158
 31
0.0
  0
LINE
  5
148D
330
1F
100
AcDbEntity
  8
Top Overlay
100
AcDbLine
 10
2.0413342
 20
0.9244588
 30
0.0
 11
2.0413342
 21
0.9259448
 31
0.0
  0
LINE
  5
148E
330
1F
100
AcDbEntity
  8
Top Overlay
100
AcDbLine
 10
2.0413342
 20
0.8850878
 30
0.0
 11
2.0413342
 21
0.8865748
 31
0.0
  0
LINE
  5
148F
330
1F
100
AcDbEntity
  8
Top Overlay
100
AcDbLine
 10
2.0413342
 20
0.8457208
 30
0.0
 11
2.0413342
 21
0.8472048
 31
0.0
  0
LINE
  5
1490
330
1F
100
AcDbEntity
  8
Top Overlay
100
AcDbLine
 10
2.0413342
 20
0.8063508
 30
0.0
 11
2.0413342
 21
0.8078348
 31
0.0
  0
LINE
  5
1491
330
1F
100
AcDbEntity
  8
Top Overlay
100
AcDbLine
 10
2.0413342
 20
0.7669808
 30
0.0
 11
2.0413342
 21
0.7684648
 31
0.0
  0
LINE
  5
1492
330
1F
100
AcDbEntity
  8
Top Overlay
100
AcDbLine
 10
2.0413342
 20
0.7276098
 30
0.0
 11
2.0413342
 21
0.7290948
 31
0.0
  0
CIRCLE
  5
1493
330
1F
100
AcDbEntity
  8
Top Overlay
100
AcDbCircle
 10
2.0087342
 20
1.0513068
 30
0.0
 40
0.01
  0
LINE
  5
1494
330
1F
100
AcDbEntity
  8
Top Paste
100
AcDbLine
 10
2.0629902
 20
1.0334693
 30
0.0
 11
2.0629902
 21
1.0137843
 31
0.0
  0
LINE
  5
1495
330
1F
100
AcDbEntity
  8
Top Paste
100
AcDbLine
 10
2.0629902
 20
1.0137843
 30
0.0
 11
1.9999982
 21
1.0137843
 31
0.0
  0
LINE
  5
1496
330
1F
100
AcDbEntity
  8
Top Paste
100
AcDbLine
 10
1.9999982
 20
1.0137843
 30
0.0
 11
1.9999982
 21
1.0334693
 31
0.0
  0
LINE
  5
1497
330
1F
100
AcDbEntity
  8
Top Paste
100
AcDbLine
 10
1.9999982
 20
1.0334693
 30
0.0
 11
2.0629902
 21
1.0334693
 31
0.0
  0
LINE
  5
1498
330
1F
100
AcDbEntity
  8
Top Solder
100
AcDbLine
 10
2.0649587
 20
1.0354378
 30
0.0
 11
2.0649587
 21
1.0118158
 31
0.0
  0
LINE
  5
1499
330
1F
100
AcDbEntity
  8
Top Solder
100
AcDbLine
 10
2.0649587
 20
1.0118158
 30
0.0
 11
1.9980297
 21
1.0118158
 31
0.0
  0
LINE
  5
149A
330
1F
100
AcDbEntity
  8
Top Solder
100
AcDbLine
 10
1.9980297
 20
1.0118158
 30
0.0
 11
1.9980297
 21
1.0354378
 31
0.0
  0
LINE
  5
149B
330
1F
100
AcDbEntity
  8
Top Solder
100
AcDbLine
 10
1.9980297
 20
1.0354378
 30
0.0
 11
2.0649587
 21
1.0354378
 31
0.0
  0
LINE
  5
149C
330
1F
100
AcDbEntity
  8
Top Paste
100
AcDbLine
 10
2.1574802
 20
1.0137793
 30
0.0
 11
2.1574802
 21
0.9940943
 31
0.0
  0
LINE
  5
149D
330
1F
100
AcDbEntity
  8
Top Paste
100
AcDbLine
 10
2.1574802
 20
0.9940943
 30
0.0
 11
2.0944882
 21
0.9940943
 31
0.0
  0
LINE
  5
149E
330
1F
100
AcDbEntity
  8
Top Paste
100
AcDbLine
 10
2.0944882
 20
0.9940943
 30
0.0
 11
2.0944882
 21
1.0137793
 31
0.0
  0
LINE
  5
149F
330
1F
100
AcDbEntity
  8
Top Paste
100
AcDbLine
 10
2.0944882
 20
1.0137793
 30
0.0
 11
2.1574802
 21
1.0137793
 31
0.0
  0
LINE
  5
14A0
330
1F
100
AcDbEntity
  8
Top Solder
100
AcDbLine
 10
2.1594487
 20
1.0157478
 30
0.0
 11
2.1594487
 21
0.9921258
 31
0.0
  0
LINE
  5
14A1
330
1F
100
AcDbEntity
  8
Top Solder
100
AcDbLine
 10
2.1594487
 20
0.9921258
 30
0.0
 11
2.0925197
 21
0.9921258
 31
0.0
  0
LINE
  5
14A2
330
1F
100
AcDbEntity
  8
Top Solder
100
AcDbLine
 10
2.0925197
 20
0.9921258
 30
0.0
 11
2.0925197
 21
1.0157478
 31
0.0
  0
LINE
  5
14A3
330
1F
100
AcDbEntity
  8
Top Solder
100
AcDbLine
 10
2.0925197
 20
1.0157478
 30
0.0
 11
2.1594487
 21
1.0157478
 31
0.0
  0
LINE
  5
14A4
330
1F
100
AcDbEntity
  8
Top Paste
100
AcDbLine
 10
2.0629902
 20
0.9940993
 30
0.0
 11
2.0629902
 21
0.9744143
 31
0.0
  0
LINE
  5
14A5
330
1F
100
AcDbEntity
  8
Top Paste
100
AcDbLine
 10
2.0629902
 20
0.9744143
 30
0.0
 11
1.9999982
 21
0.9744143
 31
0.0
  0
LINE
  5
14A6
330
1F
100
AcDbEntity
  8
Top Paste
100
AcDbLine
 10
1.9999982
 20
0.9744143
 30
0.0
 11
1.9999982
 21
0.9940993
 31
0.0
  0
LINE
  5
14A7
330
1F
100
AcDbEntity
  8
Top Paste
100
AcDbLine
 10
1.9999982
 20
0.9940993
 30
0.0
 11
2.0629902
 21
0.9940993
 31
0.0
  0
LINE
  5
14A8
330
1F
100
AcDbEntity
  8
Top Solder
100
AcDbLine
 10
2.0649587
 20
0.9960678
 30
0.0
 11
2.0649587
 21
0.9724458
 31
0.0
  0
LINE
  5
14A9
330
1F
100
AcDbEntity
  8
Top Solder
100
AcDbLine
 10
2.0649587
 20
0.9724458
 30
0.0
 11
1.9980297
 21
0.9724458
 31
0.0
  0
LINE
  5
14AA
330
1F
100
AcDbEntity
  8
Top Solder
100
AcDbLine
 10
1.9980297
 20
0.9724458
 30
0.0
 11
1.9980297
 21
0.9960678
 31
0.0
  0
LINE
  5
14AB
330
1F
100
AcDbEntity
  8
Top Solder
100
AcDbLine
 10
1.9980297
 20
0.9960678
 30
0.0
 11
2.0649587
 21
0.9960678
 31
0.0
  0
LINE
  5
14AC
330
1F
100
AcDbEntity
  8
Top Paste
100
AcDbLine
 10
2.1574802
 20
0.9744093
 30
0.0
 11
2.1574802
 21
0.9547243
 31
0.0
  0
LINE
  5
14AD
330
1F
100
AcDbEntity
  8
Top Paste
100
AcDbLine
 10
2.1574802
 20
0.9547243
 30
0.0
 11
2.0944882
 21
0.9547243
 31
0.0
  0
LINE
  5
14AE
330
1F
100
AcDbEntity
  8
Top Paste
100
AcDbLine
 10
2.0944882
 20
0.9547243
 30
0.0
 11
2.0944882
 21
0.9744093
 31
0.0
  0
LINE
  5
14AF
330
1F
100
AcDbEntity
  8
Top Paste
100
AcDbLine
 10
2.0944882
 20
0.9744093
 30
0.0
 11
2.1574802
 21
0.9744093
 31
0.0
  0
LINE
  5
14B0
330
1F
100
AcDbEntity
  8
Top Solder
100
AcDbLine
 10
2.1594487
 20
0.9763778
 30
0.0
 11
2.1594487
 21
0.9527558
 31
0.0
  0
LINE
  5
14B1
330
1F
100
AcDbEntity
  8
Top Solder
100
AcDbLine
 10
2.1594487
 20
0.9527558
 30
0.0
 11
2.0925197
 21
0.9527558
 31
0.0
  0
LINE
  5
14B2
330
1F
100
AcDbEntity
  8
Top Solder
100
AcDbLine
 10
2.0925197
 20
0.9527558
 30
0.0
 11
2.0925197
 21
0.9763778
 31
0.0
  0
LINE
  5
14B3
330
1F
100
AcDbEntity
  8
Top Solder
100
AcDbLine
 10
2.0925197
 20
0.9763778
 30
0.0
 11
2.1594487
 21
0.9763778
 31
0.0
  0
LINE
  5
14B4
330
1F
100
AcDbEntity
  8
Top Paste
100
AcDbLine
 10
2.0629902
 20
0.9547293
 30
0.0
 11
2.0629902
 21
0.9350443
 31
0.0
  0
LINE
  5
14B5
330
1F
100
AcDbEntity
  8
Top Paste
100
AcDbLine
 10
2.0629902
 20
0.9350443
 30
0.0
 11
1.9999982
 21
0.9350443
 31
0.0
  0
LINE
  5
14B6
330
1F
100
AcDbEntity
  8
Top Paste
100
AcDbLine
 10
1.9999982
 20
0.9350443
 30
0.0
 11
1.9999982
 21
0.9547293
 31
0.0
  0
LINE
  5
14B7
330
1F
100
AcDbEntity
  8
Top Paste
100
AcDbLine
 10
1.9999982
 20
0.9547293
 30
0.0
 11
2.0629902
 21
0.9547293
 31
0.0
  0
LINE
  5
14B8
330
1F
100
AcDbEntity
  8
Top Solder
100
AcDbLine
 10
2.0649587
 20
0.9566978
 30
0.0
 11
2.0649587
 21
0.9330758
 31
0.0
  0
LINE
  5
14B9
330
1F
100
AcDbEntity
  8
Top Solder
100
AcDbLine
 10
2.0649587
 20
0.9330758
 30
0.0
 11
1.9980297
 21
0.9330758
 31
0.0
  0
LINE
  5
14BA
330
1F
100
AcDbEntity
  8
Top Solder
100
AcDbLine
 10
1.9980297
 20
0.9330758
 30
0.0
 11
1.9980297
 21
0.9566978
 31
0.0
  0
LINE
  5
14BB
330
1F
100
AcDbEntity
  8
Top Solder
100
AcDbLine
 10
1.9980297
 20
0.9566978
 30
0.0
 11
2.0649587
 21
0.9566978
 31
0.0
  0
LINE
  5
14BC
330
1F
100
AcDbEntity
  8
Top Paste
100
AcDbLine
 10
2.1574802
 20
0.9350393
 30
0.0
 11
2.1574802
 21
0.9153543
 31
0.0
  0
LINE
  5
14BD
330
1F
100
AcDbEntity
  8
Top Paste
100
AcDbLine
 10
2.1574802
 20
0.9153543
 30
0.0
 11
2.0944882
 21
0.9153543
 31
0.0
  0
LINE
  5
14BE
330
1F
100
AcDbEntity
  8
Top Paste
100
AcDbLine
 10
2.0944882
 20
0.9153543
 30
0.0
 11
2.0944882
 21
0.9350393
 31
0.0
  0
LINE
  5
14BF
330
1F
100
AcDbEntity
  8
Top Paste
100
AcDbLine
 10
2.0944882
 20
0.9350393
 30
0.0
 11
2.1574802
 21
0.9350393
 31
0.0
  0
LINE
  5
14C0
330
1F
100
AcDbEntity
  8
Top Solder
100
AcDbLine
 10
2.1594487
 20
0.9370078
 30
0.0
 11
2.1594487
 21
0.9133858
 31
0.0
  0
LINE
  5
14C1
330
1F
100
AcDbEntity
  8
Top Solder
100
AcDbLine
 10
2.1594487
 20
0.9133858
 30
0.0
 11
2.0925197
 21
0.9133858
 31
0.0
  0
LINE
  5
14C2
330
1F
100
AcDbEntity
  8
Top Solder
100
AcDbLine
 10
2.0925197
 20
0.9133858
 30
0.0
 11
2.0925197
 21
0.9370078
 31
0.0
  0
LINE
  5
14C3
330
1F
100
AcDbEntity
  8
Top Solder
100
AcDbLine
 10
2.0925197
 20
0.9370078
 30
0.0
 11
2.1594487
 21
0.9370078
 31
0.0
  0
LINE
  5
14C4
330
1F
100
AcDbEntity
  8
Top Paste
100
AcDbLine
 10
2.0629902
 20
0.9153593
 30
0.0
 11
2.0629902
 21
0.8956743
 31
0.0
  0
LINE
  5
14C5
330
1F
100
AcDbEntity
  8
Top Paste
100
AcDbLine
 10
2.0629902
 20
0.8956743
 30
0.0
 11
1.9999982
 21
0.8956743
 31
0.0
  0
LINE
  5
14C6
330
1F
100
AcDbEntity
  8
Top Paste
100
AcDbLine
 10
1.9999982
 20
0.8956743
 30
0.0
 11
1.9999982
 21
0.9153593
 31
0.0
  0
LINE
  5
14C7
330
1F
100
AcDbEntity
  8
Top Paste
100
AcDbLine
 10
1.9999982
 20
0.9153593
 30
0.0
 11
2.0629902
 21
0.9153593
 31
0.0
  0
LINE
  5
14C8
330
1F
100
AcDbEntity
  8
Top Solder
100
AcDbLine
 10
2.0649587
 20
0.9173278
 30
0.0
 11
2.0649587
 21
0.8937058
 31
0.0
  0
LINE
  5
14C9
330
1F
100
AcDbEntity
  8
Top Solder
100
AcDbLine
 10
2.0649587
 20
0.8937058
 30
0.0
 11
1.9980297
 21
0.8937058
 31
0.0
  0
LINE
  5
14CA
330
1F
100
AcDbEntity
  8
Top Solder
100
AcDbLine
 10
1.9980297
 20
0.8937058
 30
0.0
 11
1.9980297
 21
0.9173278
 31
0.0
  0
LINE
  5
14CB
330
1F
100
AcDbEntity
  8
Top Solder
100
AcDbLine
 10
1.9980297
 20
0.9173278
 30
0.0
 11
2.0649587
 21
0.9173278
 31
0.0
  0
LINE
  5
14CC
330
1F
100
AcDbEntity
  8
Top Paste
100
AcDbLine
 10
2.1574802
 20
0.8956693
 30
0.0
 11
2.1574802
 21
0.8759843
 31
0.0
  0
LINE
  5
14CD
330
1F
100
AcDbEntity
  8
Top Paste
100
AcDbLine
 10
2.1574802
 20
0.8759843
 30
0.0
 11
2.0944882
 21
0.8759843
 31
0.0
  0
LINE
  5
14CE
330
1F
100
AcDbEntity
  8
Top Paste
100
AcDbLine
 10
2.0944882
 20
0.8759843
 30
0.0
 11
2.0944882
 21
0.8956693
 31
0.0
  0
LINE
  5
14CF
330
1F
100
AcDbEntity
  8
Top Paste
100
AcDbLine
 10
2.0944882
 20
0.8956693
 30
0.0
 11
2.1574802
 21
0.8956693
 31
0.0
  0
LINE
  5
14D0
330
1F
100
AcDbEntity
  8
Top Solder
100
AcDbLine
 10
2.1594487
 20
0.8976378
 30
0.0
 11
2.1594487
 21
0.8740158
 31
0.0
  0
LINE
  5
14D1
330
1F
100
AcDbEntity
  8
Top Solder
100
AcDbLine
 10
2.1594487
 20
0.8740158
 30
0.0
 11
2.0925197
 21
0.8740158
 31
0.0
  0
LINE
  5
14D2
330
1F
100
AcDbEntity
  8
Top Solder
100
AcDbLine
 10
2.0925197
 20
0.8740158
 30
0.0
 11
2.0925197
 21
0.8976378
 31
0.0
  0
LINE
  5
14D3
330
1F
100
AcDbEntity
  8
Top Solder
100
AcDbLine
 10
2.0925197
 20
0.8976378
 30
0.0
 11
2.1594487
 21
0.8976378
 31
0.0
  0
LINE
  5
14D4
330
1F
100
AcDbEntity
  8
Top Paste
100
AcDbLine
 10
2.0629902
 20
0.8759893
 30
0.0
 11
2.0629902
 21
0.8563043
 31
0.0
  0
LINE
  5
14D5
330
1F
100
AcDbEntity
  8
Top Paste
100
AcDbLine
 10
2.0629902
 20
0.8563043
 30
0.0
 11
1.9999982
 21
0.8563043
 31
0.0
  0
LINE
  5
14D6
330
1F
100
AcDbEntity
  8
Top Paste
100
AcDbLine
 10
1.9999982
 20
0.8563043
 30
0.0
 11
1.9999982
 21
0.8759893
 31
0.0
  0
LINE
  5
14D7
330
1F
100
AcDbEntity
  8
Top Paste
100
AcDbLine
 10
1.9999982
 20
0.8759893
 30
0.0
 11
2.0629902
 21
0.8759893
 31
0.0
  0
LINE
  5
14D8
330
1F
100
AcDbEntity
  8
Top Solder
100
AcDbLine
 10
2.0649587
 20
0.8779578
 30
0.0
 11
2.0649587
 21
0.8543358
 31
0.0
  0
LINE
  5
14D9
330
1F
100
AcDbEntity
  8
Top Solder
100
AcDbLine
 10
2.0649587
 20
0.8543358
 30
0.0
 11
1.9980297
 21
0.8543358
 31
0.0
  0
LINE
  5
14DA
330
1F
100
AcDbEntity
  8
Top Solder
100
AcDbLine
 10
1.9980297
 20
0.8543358
 30
0.0
 11
1.9980297
 21
0.8779578
 31
0.0
  0
LINE
  5
14DB
330
1F
100
AcDbEntity
  8
Top Solder
100
AcDbLine
 10
1.9980297
 20
0.8779578
 30
0.0
 11
2.0649587
 21
0.8779578
 31
0.0
  0
LINE
  5
14DC
330
1F
100
AcDbEntity
  8
Top Paste
100
AcDbLine
 10
2.1574802
 20
0.8562993
 30
0.0
 11
2.1574802
 21
0.8366143
 31
0.0
  0
LINE
  5
14DD
330
1F
100
AcDbEntity
  8
Top Paste
100
AcDbLine
 10
2.1574802
 20
0.8366143
 30
0.0
 11
2.0944882
 21
0.8366143
 31
0.0
  0
LINE
  5
14DE
330
1F
100
AcDbEntity
  8
Top Paste
100
AcDbLine
 10
2.0944882
 20
0.8366143
 30
0.0
 11
2.0944882
 21
0.8562993
 31
0.0
  0
LINE
  5
14DF
330
1F
100
AcDbEntity
  8
Top Paste
100
AcDbLine
 10
2.0944882
 20
0.8562993
 30
0.0
 11
2.1574802
 21
0.8562993
 31
0.0
  0
LINE
  5
14E0
330
1F
100
AcDbEntity
  8
Top Solder
100
AcDbLine
 10
2.1594487
 20
0.8582678
 30
0.0
 11
2.1594487
 21
0.8346458
 31
0.0
  0
LINE
  5
14E1
330
1F
100
AcDbEntity
  8
Top Solder
100
AcDbLine
 10
2.1594487
 20
0.8346458
 30
0.0
 11
2.0925197
 21
0.8346458
 31
0.0
  0
LINE
  5
14E2
330
1F
100
AcDbEntity
  8
Top Solder
100
AcDbLine
 10
2.0925197
 20
0.8346458
 30
0.0
 11
2.0925197
 21
0.8582678
 31
0.0
  0
LINE
  5
14E3
330
1F
100
AcDbEntity
  8
Top Solder
100
AcDbLine
 10
2.0925197
 20
0.8582678
 30
0.0
 11
2.1594487
 21
0.8582678
 31
0.0
  0
LINE
  5
14E4
330
1F
100
AcDbEntity
  8
Top Paste
100
AcDbLine
 10
2.0629902
 20
0.8366193
 30
0.0
 11
2.0629902
 21
0.8169343
 31
0.0
  0
LINE
  5
14E5
330
1F
100
AcDbEntity
  8
Top Paste
100
AcDbLine
 10
2.0629902
 20
0.8169343
 30
0.0
 11
1.9999982
 21
0.8169343
 31
0.0
  0
LINE
  5
14E6
330
1F
100
AcDbEntity
  8
Top Paste
100
AcDbLine
 10
1.9999982
 20
0.8169343
 30
0.0
 11
1.9999982
 21
0.8366193
 31
0.0
  0
LINE
  5
14E7
330
1F
100
AcDbEntity
  8
Top Paste
100
AcDbLine
 10
1.9999982
 20
0.8366193
 30
0.0
 11
2.0629902
 21
0.8366193
 31
0.0
  0
LINE
  5
14E8
330
1F
100
AcDbEntity
  8
Top Solder
100
AcDbLine
 10
2.0649587
 20
0.8385878
 30
0.0
 11
2.0649587
 21
0.8149658
 31
0.0
  0
LINE
  5
14E9
330
1F
100
AcDbEntity
  8
Top Solder
100
AcDbLine
 10
2.0649587
 20
0.8149658
 30
0.0
 11
1.9980297
 21
0.8149658
 31
0.0
  0
LINE
  5
14EA
330
1F
100
AcDbEntity
  8
Top Solder
100
AcDbLine
 10
1.9980297
 20
0.8149658
 30
0.0
 11
1.9980297
 21
0.8385878
 31
0.0
  0
LINE
  5
14EB
330
1F
100
AcDbEntity
  8
Top Solder
100
AcDbLine
 10
1.9980297
 20
0.8385878
 30
0.0
 11
2.0649587
 21
0.8385878
 31
0.0
  0
LINE
  5
14EC
330
1F
100
AcDbEntity
  8
Top Paste
100
AcDbLine
 10
2.1574802
 20
0.8169293
 30
0.0
 11
2.1574802
 21
0.7972443
 31
0.0
  0
LINE
  5
14ED
330
1F
100
AcDbEntity
  8
Top Paste
100
AcDbLine
 10
2.1574802
 20
0.7972443
 30
0.0
 11
2.0944882
 21
0.7972443
 31
0.0
  0
LINE
  5
14EE
330
1F
100
AcDbEntity
  8
Top Paste
100
AcDbLine
 10
2.0944882
 20
0.7972443
 30
0.0
 11
2.0944882
 21
0.8169293
 31
0.0
  0
LINE
  5
14EF
330
1F
100
AcDbEntity
  8
Top Paste
100
AcDbLine
 10
2.0944882
 20
0.8169293
 30
0.0
 11
2.1574802
 21
0.8169293
 31
0.0
  0
LINE
  5
14F0
330
1F
100
AcDbEntity
  8
Top Solder
100
AcDbLine
 10
2.1594487
 20
0.8188978
 30
0.0
 11
2.1594487
 21
0.7952758
 31
0.0
  0
LINE
  5
14F1
330
1F
100
AcDbEntity
  8
Top Solder
100
AcDbLine
 10
2.1594487
 20
0.7952758
 30
0.0
 11
2.0925197
 21
0.7952758
 31
0.0
  0
LINE
  5
14F2
330
1F
100
AcDbEntity
  8
Top Solder
100
AcDbLine
 10
2.0925197
 20
0.7952758
 30
0.0
 11
2.0925197
 21
0.8188978
 31
0.0
  0
LINE
  5
14F3
330
1F
100
AcDbEntity
  8
Top Solder
100
AcDbLine
 10
2.0925197
 20
0.8188978
 30
0.0
 11
2.1594487
 21
0.8188978
 31
0.0
  0
LINE
  5
14F4
330
1F
100
AcDbEntity
  8
Top Paste
100
AcDbLine
 10
2.0629902
 20
0.7972493
 30
0.0
 11
2.0629902
 21
0.7775643
 31
0.0
  0
LINE
  5
14F5
330
1F
100
AcDbEntity
  8
Top Paste
100
AcDbLine
 10
2.0629902
 20
0.7775643
 30
0.0
 11
1.9999982
 21
0.7775643
 31
0.0
  0
LINE
  5
14F6
330
1F
100
AcDbEntity
  8
Top Paste
100
AcDbLine
 10
1.9999982
 20
0.7775643
 30
0.0
 11
1.9999982
 21
0.7972493
 31
0.0
  0
LINE
  5
14F7
330
1F
100
AcDbEntity
  8
Top Paste
100
AcDbLine
 10
1.9999982
 20
0.7972493
 30
0.0
 11
2.0629902
 21
0.7972493
 31
0.0
  0
LINE
  5
14F8
330
1F
100
AcDbEntity
  8
Top Solder
100
AcDbLine
 10
2.0649587
 20
0.7992178
 30
0.0
 11
2.0649587
 21
0.7755958
 31
0.0
  0
LINE
  5
14F9
330
1F
100
AcDbEntity
  8
Top Solder
100
AcDbLine
 10
2.0649587
 20
0.7755958
 30
0.0
 11
1.9980297
 21
0.7755958
 31
0.0
  0
LINE
  5
14FA
330
1F
100
AcDbEntity
  8
Top Solder
100
AcDbLine
 10
1.9980297
 20
0.7755958
 30
0.0
 11
1.9980297
 21
0.7992178
 31
0.0
  0
LINE
  5
14FB
330
1F
100
AcDbEntity
  8
Top Solder
100
AcDbLine
 10
1.9980297
 20
0.7992178
 30
0.0
 11
2.0649587
 21
0.7992178
 31
0.0
  0
LINE
  5
14FC
330
1F
100
AcDbEntity
  8
Top Paste
100
AcDbLine
 10
2.1574802
 20
0.7775593
 30
0.0
 11
2.1574802
 21
0.7578743
 31
0.0
  0
LINE
  5
14FD
330
1F
100
AcDbEntity
  8
Top Paste
100
AcDbLine
 10
2.1574802
 20
0.7578743
 30
0.0
 11
2.0944882
 21
0.7578743
 31
0.0
  0
LINE
  5
14FE
330
1F
100
AcDbEntity
  8
Top Paste
100
AcDbLine
 10
2.0944882
 20
0.7578743
 30
0.0
 11
2.0944882
 21
0.7775593
 31
0.0
  0
LINE
  5
14FF
330
1F
100
AcDbEntity
  8
Top Paste
100
AcDbLine
 10
2.0944882
 20
0.7775593
 30
0.0
 11
2.1574802
 21
0.7775593
 31
0.0
  0
LINE
  5
1500
330
1F
100
AcDbEntity
  8
Top Solder
100
AcDbLine
 10
2.1594487
 20
0.7795278
 30
0.0
 11
2.1594487
 21
0.7559058
 31
0.0
  0
LINE
  5
1501
330
1F
100
AcDbEntity
  8
Top Solder
100
AcDbLine
 10
2.1594487
 20
0.7559058
 30
0.0
 11
2.0925197
 21
0.7559058
 31
0.0
  0
LINE
  5
1502
330
1F
100
AcDbEntity
  8
Top Solder
100
AcDbLine
 10
2.0925197
 20
0.7559058
 30
0.0
 11
2.0925197
 21
0.7795278
 31
0.0
  0
LINE
  5
1503
330
1F
100
AcDbEntity
  8
Top Solder
100
AcDbLine
 10
2.0925197
 20
0.7795278
 30
0.0
 11
2.1594487
 21
0.7795278
 31
0.0
  0
LINE
  5
1504
330
1F
100
AcDbEntity
  8
Top Paste
100
AcDbLine
 10
2.0629902
 20
0.7578793
 30
0.0
 11
2.0629902
 21
0.7381943
 31
0.0
  0
LINE
  5
1505
330
1F
100
AcDbEntity
  8
Top Paste
100
AcDbLine
 10
2.0629902
 20
0.7381943
 30
0.0
 11
1.9999982
 21
0.7381943
 31
0.0
  0
LINE
  5
1506
330
1F
100
AcDbEntity
  8
Top Paste
100
AcDbLine
 10
1.9999982
 20
0.7381943
 30
0.0
 11
1.9999982
 21
0.7578793
 31
0.0
  0
LINE
  5
1507
330
1F
100
AcDbEntity
  8
Top Paste
100
AcDbLine
 10
1.9999982
 20
0.7578793
 30
0.0
 11
2.0629902
 21
0.7578793
 31
0.0
  0
LINE
  5
1508
330
1F
100
AcDbEntity
  8
Top Solder
100
AcDbLine
 10
2.0649587
 20
0.7598478
 30
0.0
 11
2.0649587
 21
0.7362258
 31
0.0
  0
LINE
  5
1509
330
1F
100
AcDbEntity
  8
Top Solder
100
AcDbLine
 10
2.0649587
 20
0.7362258
 30
0.0
 11
1.9980297
 21
0.7362258
 31
0.0
  0
LINE
  5
150A
330
1F
100
AcDbEntity
  8
Top Solder
100
AcDbLine
 10
1.9980297
 20
0.7362258
 30
0.0
 11
1.9980297
 21
0.7598478
 31
0.0
  0
LINE
  5
150B
330
1F
100
AcDbEntity
  8
Top Solder
100
AcDbLine
 10
1.9980297
 20
0.7598478
 30
0.0
 11
2.0649587
 21
0.7598478
 31
0.0
  0
LINE
  5
150C
330
1F
100
AcDbEntity
  8
Top Paste
100
AcDbLine
 10
2.1574802
 20
0.7381893
 30
0.0
 11
2.1574802
 21
0.7185043
 31
0.0
  0
LINE
  5
150D
330
1F
100
AcDbEntity
  8
Top Paste
100
AcDbLine
 10
2.1574802
 20
0.7185043
 30
0.0
 11
2.0944882
 21
0.7185043
 31
0.0
  0
LINE
  5
150E
330
1F
100
AcDbEntity
  8
Top Paste
100
AcDbLine
 10
2.0944882
 20
0.7185043
 30
0.0
 11
2.0944882
 21
0.7381893
 31
0.0
  0
LINE
  5
150F
330
1F
100
AcDbEntity
  8
Top Paste
100
AcDbLine
 10
2.0944882
 20
0.7381893
 30
0.0
 11
2.1574802
 21
0.7381893
 31
0.0
  0
LINE
  5
1510
330
1F
100
AcDbEntity
  8
Top Solder
100
AcDbLine
 10
2.1594487
 20
0.7401578
 30
0.0
 11
2.1594487
 21
0.7165358
 31
0.0
  0
LINE
  5
1511
330
1F
100
AcDbEntity
  8
Top Solder
100
AcDbLine
 10
2.1594487
 20
0.7165358
 30
0.0
 11
2.0925197
 21
0.7165358
 31
0.0
  0
LINE
  5
1512
330
1F
100
AcDbEntity
  8
Top Solder
100
AcDbLine
 10
2.0925197
 20
0.7165358
 30
0.0
 11
2.0925197
 21
0.7401578
 31
0.0
  0
LINE
  5
1513
330
1F
100
AcDbEntity
  8
Top Solder
100
AcDbLine
 10
2.0925197
 20
0.7401578
 30
0.0
 11
2.1594487
 21
0.7401578
 31
0.0
  0
LINE
  5
1514
330
1F
100
AcDbEntity
  8
Top Paste
100
AcDbLine
 10
2.0629902
 20
0.7185093
 30
0.0
 11
2.0629902
 21
0.6988243
 31
0.0
  0
LINE
  5
1515
330
1F
100
AcDbEntity
  8
Top Paste
100
AcDbLine
 10
2.0629902
 20
0.6988243
 30
0.0
 11
1.9999982
 21
0.6988243
 31
0.0
  0
LINE
  5
1516
330
1F
100
AcDbEntity
  8
Top Paste
100
AcDbLine
 10
1.9999982
 20
0.6988243
 30
0.0
 11
1.9999982
 21
0.7185093
 31
0.0
  0
LINE
  5
1517
330
1F
100
AcDbEntity
  8
Top Paste
100
AcDbLine
 10
1.9999982
 20
0.7185093
 30
0.0
 11
2.0629902
 21
0.7185093
 31
0.0
  0
LINE
  5
1518
330
1F
100
AcDbEntity
  8
Top Solder
100
AcDbLine
 10
2.0649587
 20
0.7204778
 30
0.0
 11
2.0649587
 21
0.6968558
 31
0.0
  0
LINE
  5
1519
330
1F
100
AcDbEntity
  8
Top Solder
100
AcDbLine
 10
2.0649587
 20
0.6968558
 30
0.0
 11
1.9980297
 21
0.6968558
 31
0.0
  0
LINE
  5
151A
330
1F
100
AcDbEntity
  8
Top Solder
100
AcDbLine
 10
1.9980297
 20
0.6968558
 30
0.0
 11
1.9980297
 21
0.7204778
 31
0.0
  0
LINE
  5
151B
330
1F
100
AcDbEntity
  8
Top Solder
100
AcDbLine
 10
1.9980297
 20
0.7204778
 30
0.0
 11
2.0649587
 21
0.7204778
 31
0.0
  0
LINE
  5
151C
330
1F
100
AcDbEntity
  8
Top Paste
100
AcDbLine
 10
2.1574802
 20
0.6988193
 30
0.0
 11
2.1574802
 21
0.6791343
 31
0.0
  0
LINE
  5
151D
330
1F
100
AcDbEntity
  8
Top Paste
100
AcDbLine
 10
2.1574802
 20
0.6791343
 30
0.0
 11
2.0944882
 21
0.6791343
 31
0.0
  0
LINE
  5
151E
330
1F
100
AcDbEntity
  8
Top Paste
100
AcDbLine
 10
2.0944882
 20
0.6791343
 30
0.0
 11
2.0944882
 21
0.6988193
 31
0.0
  0
LINE
  5
151F
330
1F
100
AcDbEntity
  8
Top Paste
100
AcDbLine
 10
2.0944882
 20
0.6988193
 30
0.0
 11
2.1574802
 21
0.6988193
 31
0.0
  0
LINE
  5
1520
330
1F
100
AcDbEntity
  8
Top Solder
100
AcDbLine
 10
2.1594487
 20
0.7007878
 30
0.0
 11
2.1594487
 21
0.6771658
 31
0.0
  0
LINE
  5
1521
330
1F
100
AcDbEntity
  8
Top Solder
100
AcDbLine
 10
2.1594487
 20
0.6771658
 30
0.0
 11
2.0925197
 21
0.6771658
 31
0.0
  0
LINE
  5
1522
330
1F
100
AcDbEntity
  8
Top Solder
100
AcDbLine
 10
2.0925197
 20
0.6771658
 30
0.0
 11
2.0925197
 21
0.7007878
 31
0.0
  0
LINE
  5
1523
330
1F
100
AcDbEntity
  8
Top Solder
100
AcDbLine
 10
2.0925197
 20
0.7007878
 30
0.0
 11
2.1594487
 21
0.7007878
 31
0.0
  0
LINE
  5
1524
330
1F
100
AcDbEntity
  8
Top Paste
100
AcDbLine
 10
2.1240097
 20
0.6594598
 30
0.0
 11
2.1240097
 21
0.5885938
 31
0.0
  0
LINE
  5
1525
330
1F
100
AcDbEntity
  8
Top Paste
100
AcDbLine
 10
2.1240097
 20
0.5885938
 30
0.0
 11
2.0334587
 21
0.5885938
 31
0.0
  0
LINE
  5
1526
330
1F
100
AcDbEntity
  8
Top Paste
100
AcDbLine
 10
2.0334587
 20
0.5885938
 30
0.0
 11
2.0334587
 21
0.6594598
 31
0.0
  0
LINE
  5
1527
330
1F
100
AcDbEntity
  8
Top Paste
100
AcDbLine
 10
2.0334587
 20
0.6594598
 30
0.0
 11
2.1240097
 21
0.6594598
 31
0.0
  0
LINE
  5
1528
330
1F
100
AcDbEntity
  8
Top Solder
100
AcDbLine
 10
2.1259782
 20
0.6614283
 30
0.0
 11
2.1259782
 21
0.5866253
 31
0.0
  0
LINE
  5
1529
330
1F
100
AcDbEntity
  8
Top Solder
100
AcDbLine
 10
2.1259782
 20
0.5866253
 30
0.0
 11
2.0314902
 21
0.5866253
 31
0.0
  0
LINE
  5
152A
330
1F
100
AcDbEntity
  8
Top Solder
100
AcDbLine
 10
2.0314902
 20
0.5866253
 30
0.0
 11
2.0314902
 21
0.6614283
 31
0.0
  0
LINE
  5
152B
330
1F
100
AcDbEntity
  8
Top Solder
100
AcDbLine
 10
2.0314902
 20
0.6614283
 30
0.0
 11
2.1259782
 21
0.6614283
 31
0.0
  0
LINE
  5
152C
330
1F
100
AcDbEntity
  8
Top Paste
100
AcDbLine
 10
2.1240097
 20
1.1240198
 30
0.0
 11
2.1240097
 21
1.0531538
 31
0.0
  0
LINE
  5
152D
330
1F
100
AcDbEntity
  8
Top Paste
100
AcDbLine
 10
2.1240097
 20
1.0531538
 30
0.0
 11
2.0334587
 21
1.0531538
 31
0.0
  0
LINE
  5
152E
330
1F
100
AcDbEntity
  8
Top Paste
100
AcDbLine
 10
2.0334587
 20
1.0531538
 30
0.0
 11
2.0334587
 21
1.1240198
 31
0.0
  0
LINE
  5
152F
330
1F
100
AcDbEntity
  8
Top Paste
100
AcDbLine
 10
2.0334587
 20
1.1240198
 30
0.0
 11
2.1240097
 21
1.1240198
 31
0.0
  0
LINE
  5
1530
330
1F
100
AcDbEntity
  8
Top Solder
100
AcDbLine
 10
2.1259782
 20
1.1259883
 30
0.0
 11
2.1259782
 21
1.0511853
 31
0.0
  0
LINE
  5
1531
330
1F
100
AcDbEntity
  8
Top Solder
100
AcDbLine
 10
2.1259782
 20
1.0511853
 30
0.0
 11
2.0314902
 21
1.0511853
 31
0.0
  0
LINE
  5
1532
330
1F
100
AcDbEntity
  8
Top Solder
100
AcDbLine
 10
2.0314902
 20
1.0511853
 30
0.0
 11
2.0314902
 21
1.1259883
 31
0.0
  0
LINE
  5
1533
330
1F
100
AcDbEntity
  8
Top Solder
100
AcDbLine
 10
2.0314902
 20
1.1259883
 30
0.0
 11
2.1259782
 21
1.1259883
 31
0.0
  0
LINE
  5
1534
330
1F
100
AcDbEntity
  8
Top Overlay
100
AcDbLine
 10
2.1012342
 20
1.0263068
 30
0.0
 11
2.1012342
 21
1.0263068
 31
0.0
  0
LINE
  5
1535
330
1F
100
AcDbEntity
  8
Top Overlay
100
AcDbLine
 10
2.1012342
 20
1.0263068
 30
0.0
 11
2.1012342
 21
1.0363068
 31
0.0
  0
LINE
  5
1536
330
1F
100
AcDbEntity
  8
Top Overlay
100
AcDbLine
 10
2.1012342
 20
1.0363068
 30
0.0
 11
2.0662342
 21
1.0363068
 31
0.0
  0
LINE
  5
1537
330
1F
100
AcDbEntity
  8
Top Overlay
100
AcDbLine
 10
2.0662342
 20
1.0363068
 30
0.0
 11
2.0662342
 21
0.6663068
 31
0.0
  0
LINE
  5
1538
330
1F
100
AcDbEntity
  8
Top Overlay
100
AcDbLine
 10
2.0662342
 20
0.6663068
 30
0.0
 11
2.1012342
 21
0.6663068
 31
0.0
  0
LINE
  5
1539
330
1F
100
AcDbEntity
  8
Top Overlay
100
AcDbLine
 10
2.1012342
 20
0.6663068
 30
0.0
 11
2.1012342
 21
0.6763068
 31
0.0
  0
LINE
  5
153A
330
1F
100
AcDbEntity
  8
Top Overlay
100
AcDbLine
 10
2.1012342
 20
0.6763068
 30
0.0
 11
2.0762342
 21
0.6763068
 31
0.0
  0
LINE
  5
153B
330
1F
100
AcDbEntity
  8
Top Overlay
100
AcDbLine
 10
2.0762342
 20
0.6763068
 30
0.0
 11
2.0762342
 21
1.0263068
 31
0.0
  0
LINE
  5
153C
330
1F
100
AcDbEntity
  8
Top Overlay
100
AcDbLine
 10
2.0762342
 20
1.0263068
 30
0.0
 11
2.1012342
 21
1.0263068
 31
0.0
  0
LINE
  5
153D
330
1F
100
AcDbEntity
  8
Top Overlay
100
AcDbLine
 10
2.4029801
 20
0.6534652
 30
0.0
 11
2.4047801
 21
0.6538652
 31
0.0
  0
LINE
  5
153E
330
1F
100
AcDbEntity
  8
Top Overlay
100
AcDbLine
 10
2.4014801
 20
0.6523652
 30
0.0
 11
2.4029801
 21
0.6534652
 31
0.0
  0
LINE
  5
153F
330
1F
100
AcDbEntity
  8
Top Overlay
100
AcDbLine
 10
2.4005801
 20
0.6507652
 30
0.0
 11
2.4014801
 21
0.6523652
 31
0.0
  0
LINE
  5
1540
330
1F
100
AcDbEntity
  8
Top Overlay
100
AcDbLine
 10
2.4003801
 20
0.6489652
 30
0.0
 11
2.4005801
 21
0.6507652
 31
0.0
  0
LINE
  5
1541
330
1F
100
AcDbEntity
  8
Top Overlay
100
AcDbLine
 10
2.4003801
 20
0.6489652
 30
0.0
 11
2.4009801
 21
0.6471652
 31
0.0
  0
LINE
  5
1542
330
1F
100
AcDbEntity
  8
Top Overlay
100
AcDbLine
 10
2.4009801
 20
0.6471652
 30
0.0
 11
2.4021801
 21
0.6457652
 31
0.0
  0
LINE
  5
1543
330
1F
100
AcDbEntity
  8
Top Overlay
100
AcDbLine
 10
2.4021801
 20
0.6457652
 30
0.0
 11
2.4038801
 21
0.6449652
 31
0.0
  0
LINE
  5
1544
330
1F
100
AcDbEntity
  8
Top Overlay
100
AcDbLine
 10
2.4038801
 20
0.6449652
 30
0.0
 11
2.4057801
 21
0.6449652
 31
0.0
  0
LINE
  5
1545
330
1F
100
AcDbEntity
  8
Top Overlay
100
AcDbLine
 10
2.4057801
 20
0.6449652
 30
0.0
 11
2.4074801
 21
0.6457652
 31
0.0
  0
LINE
  5
1546
330
1F
100
AcDbEntity
  8
Top Overlay
100
AcDbLine
 10
2.4074801
 20
0.6457652
 30
0.0
 11
2.4086801
 21
0.6471652
 31
0.0
  0
LINE
  5
1547
330
1F
100
AcDbEntity
  8
Top Overlay
100
AcDbLine
 10
2.4086801
 20
0.6471652
 30
0.0
 11
2.4092801
 21
0.6489652
 31
0.0
  0
LINE
  5
1548
330
1F
100
AcDbEntity
  8
Top Overlay
100
AcDbLine
 10
2.4090801
 20
0.6507652
 30
0.0
 11
2.4092801
 21
0.6489652
 31
0.0
  0
LINE
  5
1549
330
1F
100
AcDbEntity
  8
Top Overlay
100
AcDbLine
 10
2.4081801
 20
0.6523652
 30
0.0
 11
2.4090801
 21
0.6507652
 31
0.0
  0
LINE
  5
154A
330
1F
100
AcDbEntity
  8
Top Overlay
100
AcDbLine
 10
2.4066801
 20
0.6534652
 30
0.0
 11
2.4081801
 21
0.6523652
 31
0.0
  0
LINE
  5
154B
330
1F
100
AcDbEntity
  8
Top Overlay
100
AcDbLine
 10
2.4047801
 20
0.6538652
 30
0.0
 11
2.4066801
 21
0.6534652
 31
0.0
  0
LINE
  5
154C
330
1F
100
AcDbEntity
  8
Top Overlay
100
AcDbLine
 10
2.3063801
 20
0.5706652
 30
0.0
 11
2.3063801
 21
0.5713652
 31
0.0
  0
LINE
  5
154D
330
1F
100
AcDbEntity
  8
Top Overlay
100
AcDbLine
 10
2.3063801
 20
0.6604652
 30
0.0
 11
2.3063801
 21
0.6816652
 31
0.0
  0
LINE
  5
154E
330
1F
100
AcDbEntity
  8
Top Overlay
100
AcDbLine
 10
2.3063801
 20
0.7155652
 30
0.0
 11
2.3063801
 21
0.7209652
 31
0.0
  0
LINE
  5
154F
330
1F
100
AcDbEntity
  8
Top Overlay
100
AcDbLine
 10
2.3063801
 20
0.7549652
 30
0.0
 11
2.3063801
 21
0.7603652
 31
0.0
  0
LINE
  5
1550
330
1F
100
AcDbEntity
  8
Top Overlay
100
AcDbLine
 10
2.3063801
 20
0.7943652
 30
0.0
 11
2.3063801
 21
0.7997652
 31
0.0
  0
LINE
  5
1551
330
1F
100
AcDbEntity
  8
Top Overlay
100
AcDbLine
 10
2.3063801
 20
0.8336652
 30
0.0
 11
2.3063801
 21
0.8390652
 31
0.0
  0
LINE
  5
1552
330
1F
100
AcDbEntity
  8
Top Overlay
100
AcDbLine
 10
2.3063801
 20
0.8730652
 30
0.0
 11
2.3063801
 21
0.8784652
 31
0.0
  0
LINE
  5
1553
330
1F
100
AcDbEntity
  8
Top Overlay
100
AcDbLine
 10
2.3063801
 20
0.9124652
 30
0.0
 11
2.3063801
 21
0.9178652
 31
0.0
  0
LINE
  5
1554
330
1F
100
AcDbEntity
  8
Top Overlay
100
AcDbLine
 10
2.3063801
 20
0.9517652
 30
0.0
 11
2.3063801
 21
0.9572652
 31
0.0
  0
LINE
  5
1555
330
1F
100
AcDbEntity
  8
Top Overlay
100
AcDbLine
 10
2.3063801
 20
0.9911652
 30
0.0
 11
2.3063801
 21
0.9965652
 31
0.0
  0
LINE
  5
1556
330
1F
100
AcDbEntity
  8
Top Overlay
100
AcDbLine
 10
2.3063801
 20
1.0305652
 30
0.0
 11
2.3063801
 21
1.0359652
 31
0.0
  0
LINE
  5
1557
330
1F
100
AcDbEntity
  8
Top Overlay
100
AcDbLine
 10
2.3851801
 20
1.0108652
 30
0.0
 11
2.3851801
 21
1.0162652
 31
0.0
  0
LINE
  5
1558
330
1F
100
AcDbEntity
  8
Top Overlay
100
AcDbLine
 10
2.3851801
 20
0.9714652
 30
0.0
 11
2.3851801
 21
0.9768652
 31
0.0
  0
LINE
  5
1559
330
1F
100
AcDbEntity
  8
Top Overlay
100
AcDbLine
 10
2.3851801
 20
0.9320652
 30
0.0
 11
2.3851801
 21
0.9375652
 31
0.0
  0
LINE
  5
155A
330
1F
100
AcDbEntity
  8
Top Overlay
100
AcDbLine
 10
2.3851801
 20
0.8927652
 30
0.0
 11
2.3851801
 21
0.8981652
 31
0.0
  0
LINE
  5
155B
330
1F
100
AcDbEntity
  8
Top Overlay
100
AcDbLine
 10
2.3851801
 20
0.8533652
 30
0.0
 11
2.3851801
 21
0.8587652
 31
0.0
  0
LINE
  5
155C
330
1F
100
AcDbEntity
  8
Top Overlay
100
AcDbLine
 10
2.3851801
 20
0.8139652
 30
0.0
 11
2.3851801
 21
0.8194652
 31
0.0
  0
LINE
  5
155D
330
1F
100
AcDbEntity
  8
Top Overlay
100
AcDbLine
 10
2.3851801
 20
0.7746652
 30
0.0
 11
2.3851801
 21
0.7800652
 31
0.0
  0
LINE
  5
155E
330
1F
100
AcDbEntity
  8
Top Overlay
100
AcDbLine
 10
2.3851801
 20
0.7352652
 30
0.0
 11
2.3851801
 21
0.7406652
 31
0.0
  0
LINE
  5
155F
330
1F
100
AcDbEntity
  8
Top Overlay
100
AcDbLine
 10
2.3851801
 20
0.6958652
 30
0.0
 11
2.3851801
 21
0.7012652
 31
0.0
  0
LINE
  5
1560
330
1F
100
AcDbEntity
  8
Top Overlay
100
AcDbLine
 10
2.3851801
 20
0.6604652
 30
0.0
 11
2.3851801
 21
0.6619652
 31
0.0
  0
LINE
  5
1561
330
1F
100
AcDbEntity
  8
Top Overlay
100
AcDbLine
 10
2.3063801
 20
0.5509652
 30
0.0
 11
2.3063801
 21
0.5706652
 31
0.0
  0
LINE
  5
1562
330
1F
100
AcDbEntity
  8
Top Overlay
100
AcDbLine
 10
2.3063801
 20
0.5509652
 30
0.0
 11
2.3851801
 21
0.5509652
 31
0.0
  0
LINE
  5
1563
330
1F
100
AcDbEntity
  8
Top Overlay
100
AcDbLine
 10
2.3851801
 20
0.5509652
 30
0.0
 11
2.3851801
 21
0.5713652
 31
0.0
  0
LINE
  5
1564
330
1F
100
AcDbEntity
  8
Top Overlay
100
AcDbLine
 10
2.3063801
 20
1.1808652
 30
0.0
 11
2.3851801
 21
1.1808652
 31
0.0
  0
LINE
  5
1565
330
1F
100
AcDbEntity
  8
Top Overlay
100
AcDbLine
 10
2.3063801
 20
1.1604652
 30
0.0
 11
2.3063801
 21
1.1808652
 31
0.0
  0
LINE
  5
1566
330
1F
100
AcDbEntity
  8
Top Overlay
100
AcDbLine
 10
2.3063801
 20
1.0698652
 30
0.0
 11
2.3063801
 21
1.0713652
 31
0.0
  0
LINE
  5
1567
330
1F
100
AcDbEntity
  8
Top Overlay
100
AcDbLine
 10
2.3851801
 20
1.1604652
 30
0.0
 11
2.3851801
 21
1.1808652
 31
0.0
  0
LINE
  5
1568
330
1F
100
AcDbEntity
  8
Top Overlay
100
AcDbLine
 10
2.3851801
 20
1.0502652
 30
0.0
 11
2.3851801
 21
1.0713652
 31
0.0
  0
LINE
  5
1569
330
1F
100
AcDbEntity
  8
Top Paste
100
AcDbLine
 10
2.3064301
 20
0.5805152
 30
0.0
 11
2.3064301
 21
0.6514152
 31
0.0
  0
LINE
  5
156A
330
1F
100
AcDbEntity
  8
Top Paste
100
AcDbLine
 10
2.3064301
 20
0.6514152
 30
0.0
 11
2.3851301
 21
0.6514152
 31
0.0
  0
LINE
  5
156B
330
1F
100
AcDbEntity
  8
Top Paste
100
AcDbLine
 10
2.3851301
 20
0.6514152
 30
0.0
 11
2.3851301
 21
0.5805152
 31
0.0
  0
LINE
  5
156C
330
1F
100
AcDbEntity
  8
Top Paste
100
AcDbLine
 10
2.3851301
 20
0.5805152
 30
0.0
 11
2.3064301
 21
0.5805152
 31
0.0
  0
LINE
  5
156D
330
1F
100
AcDbEntity
  8
Top Solder
100
AcDbLine
 10
2.3044301
 20
0.5785152
 30
0.0
 11
2.3044301
 21
0.6534152
 31
0.0
  0
LINE
  5
156E
330
1F
100
AcDbEntity
  8
Top Solder
100
AcDbLine
 10
2.3044301
 20
0.6534152
 30
0.0
 11
2.3871301
 21
0.6534152
 31
0.0
  0
LINE
  5
156F
330
1F
100
AcDbEntity
  8
Top Solder
100
AcDbLine
 10
2.3871301
 20
0.6534152
 30
0.0
 11
2.3871301
 21
0.5785152
 31
0.0
  0
LINE
  5
1570
330
1F
100
AcDbEntity
  8
Top Solder
100
AcDbLine
 10
2.3871301
 20
0.5785152
 30
0.0
 11
2.3044301
 21
0.5785152
 31
0.0
  0
LINE
  5
1571
330
1F
100
AcDbEntity
  8
Top Paste
100
AcDbLine
 10
2.3064301
 20
1.0805152
 30
0.0
 11
2.3064301
 21
1.1514152
 31
0.0
  0
LINE
  5
1572
330
1F
100
AcDbEntity
  8
Top Paste
100
AcDbLine
 10
2.3064301
 20
1.1514152
 30
0.0
 11
2.3851301
 21
1.1514152
 31
0.0
  0
LINE
  5
1573
330
1F
100
AcDbEntity
  8
Top Paste
100
AcDbLine
 10
2.3851301
 20
1.1514152
 30
0.0
 11
2.3851301
 21
1.0805152
 31
0.0
  0
LINE
  5
1574
330
1F
100
AcDbEntity
  8
Top Paste
100
AcDbLine
 10
2.3851301
 20
1.0805152
 30
0.0
 11
2.3064301
 21
1.0805152
 31
0.0
  0
LINE
  5
1575
330
1F
100
AcDbEntity
  8
Top Solder
100
AcDbLine
 10
2.3044301
 20
1.0785152
 30
0.0
 11
2.3044301
 21
1.1534152
 31
0.0
  0
LINE
  5
1576
330
1F
100
AcDbEntity
  8
Top Solder
100
AcDbLine
 10
2.3044301
 20
1.1534152
 30
0.0
 11
2.3871301
 21
1.1534152
 31
0.0
  0
LINE
  5
1577
330
1F
100
AcDbEntity
  8
Top Solder
100
AcDbLine
 10
2.3871301
 20
1.1534152
 30
0.0
 11
2.3871301
 21
1.0785152
 31
0.0
  0
LINE
  5
1578
330
1F
100
AcDbEntity
  8
Top Solder
100
AcDbLine
 10
2.3871301
 20
1.0785152
 30
0.0
 11
2.3044301
 21
1.0785152
 31
0.0
  0
LINE
  5
1579
330
1F
100
AcDbEntity
  8
Top Paste
100
AcDbLine
 10
2.2680301
 20
1.0451152
 30
0.0
 11
2.2680301
 21
1.0608152
 31
0.0
  0
LINE
  5
157A
330
1F
100
AcDbEntity
  8
Top Paste
100
AcDbLine
 10
2.2680301
 20
1.0608152
 30
0.0
 11
2.3271301
 21
1.0608152
 31
0.0
  0
LINE
  5
157B
330
1F
100
AcDbEntity
  8
Top Paste
100
AcDbLine
 10
2.3271301
 20
1.0608152
 30
0.0
 11
2.3271301
 21
1.0451152
 31
0.0
  0
LINE
  5
157C
330
1F
100
AcDbEntity
  8
Top Paste
100
AcDbLine
 10
2.3271301
 20
1.0451152
 30
0.0
 11
2.2680301
 21
1.0451152
 31
0.0
  0
LINE
  5
157D
330
1F
100
AcDbEntity
  8
Top Solder
100
AcDbLine
 10
2.2660301
 20
1.0431152
 30
0.0
 11
2.2660301
 21
1.0628152
 31
0.0
  0
LINE
  5
157E
330
1F
100
AcDbEntity
  8
Top Solder
100
AcDbLine
 10
2.2660301
 20
1.0628152
 30
0.0
 11
2.3291301
 21
1.0628152
 31
0.0
  0
LINE
  5
157F
330
1F
100
AcDbEntity
  8
Top Solder
100
AcDbLine
 10
2.3291301
 20
1.0628152
 30
0.0
 11
2.3291301
 21
1.0431152
 31
0.0
  0
LINE
  5
1580
330
1F
100
AcDbEntity
  8
Top Solder
100
AcDbLine
 10
2.3291301
 20
1.0431152
 30
0.0
 11
2.2660301
 21
1.0431152
 31
0.0
  0
LINE
  5
1581
330
1F
100
AcDbEntity
  8
Top Paste
100
AcDbLine
 10
2.3644301
 20
1.0254152
 30
0.0
 11
2.3644301
 21
1.0411152
 31
0.0
  0
LINE
  5
1582
330
1F
100
AcDbEntity
  8
Top Paste
100
AcDbLine
 10
2.3644301
 20
1.0411152
 30
0.0
 11
2.4235301
 21
1.0411152
 31
0.0
  0
LINE
  5
1583
330
1F
100
AcDbEntity
  8
Top Paste
100
AcDbLine
 10
2.4235301
 20
1.0411152
 30
0.0
 11
2.4235301
 21
1.0254152
 31
0.0
  0
LINE
  5
1584
330
1F
100
AcDbEntity
  8
Top Paste
100
AcDbLine
 10
2.4235301
 20
1.0254152
 30
0.0
 11
2.3644301
 21
1.0254152
 31
0.0
  0
LINE
  5
1585
330
1F
100
AcDbEntity
  8
Top Solder
100
AcDbLine
 10
2.3624301
 20
1.0234152
 30
0.0
 11
2.3624301
 21
1.0431152
 31
0.0
  0
LINE
  5
1586
330
1F
100
AcDbEntity
  8
Top Solder
100
AcDbLine
 10
2.3624301
 20
1.0431152
 30
0.0
 11
2.4255301
 21
1.0431152
 31
0.0
  0
LINE
  5
1587
330
1F
100
AcDbEntity
  8
Top Solder
100
AcDbLine
 10
2.4255301
 20
1.0431152
 30
0.0
 11
2.4255301
 21
1.0234152
 31
0.0
  0
LINE
  5
1588
330
1F
100
AcDbEntity
  8
Top Solder
100
AcDbLine
 10
2.4255301
 20
1.0234152
 30
0.0
 11
2.3624301
 21
1.0234152
 31
0.0
  0
LINE
  5
1589
330
1F
100
AcDbEntity
  8
Top Paste
100
AcDbLine
 10
2.2680301
 20
1.0057152
 30
0.0
 11
2.2680301
 21
1.0214152
 31
0.0
  0
LINE
  5
158A
330
1F
100
AcDbEntity
  8
Top Paste
100
AcDbLine
 10
2.2680301
 20
1.0214152
 30
0.0
 11
2.3271301
 21
1.0214152
 31
0.0
  0
LINE
  5
158B
330
1F
100
AcDbEntity
  8
Top Paste
100
AcDbLine
 10
2.3271301
 20
1.0214152
 30
0.0
 11
2.3271301
 21
1.0057152
 31
0.0
  0
LINE
  5
158C
330
1F
100
AcDbEntity
  8
Top Paste
100
AcDbLine
 10
2.3271301
 20
1.0057152
 30
0.0
 11
2.2680301
 21
1.0057152
 31
0.0
  0
LINE
  5
158D
330
1F
100
AcDbEntity
  8
Top Solder
100
AcDbLine
 10
2.2660301
 20
1.0037152
 30
0.0
 11
2.2660301
 21
1.0234152
 31
0.0
  0
LINE
  5
158E
330
1F
100
AcDbEntity
  8
Top Solder
100
AcDbLine
 10
2.2660301
 20
1.0234152
 30
0.0
 11
2.3291301
 21
1.0234152
 31
0.0
  0
LINE
  5
158F
330
1F
100
AcDbEntity
  8
Top Solder
100
AcDbLine
 10
2.3291301
 20
1.0234152
 30
0.0
 11
2.3291301
 21
1.0037152
 31
0.0
  0
LINE
  5
1590
330
1F
100
AcDbEntity
  8
Top Solder
100
AcDbLine
 10
2.3291301
 20
1.0037152
 30
0.0
 11
2.2660301
 21
1.0037152
 31
0.0
  0
LINE
  5
1591
330
1F
100
AcDbEntity
  8
Top Paste
100
AcDbLine
 10
2.3644301
 20
0.9860152
 30
0.0
 11
2.3644301
 21
1.0017152
 31
0.0
  0
LINE
  5
1592
330
1F
100
AcDbEntity
  8
Top Paste
100
AcDbLine
 10
2.3644301
 20
1.0017152
 30
0.0
 11
2.4235301
 21
1.0017152
 31
0.0
  0
LINE
  5
1593
330
1F
100
AcDbEntity
  8
Top Paste
100
AcDbLine
 10
2.4235301
 20
1.0017152
 30
0.0
 11
2.4235301
 21
0.9860152
 31
0.0
  0
LINE
  5
1594
330
1F
100
AcDbEntity
  8
Top Paste
100
AcDbLine
 10
2.4235301
 20
0.9860152
 30
0.0
 11
2.3644301
 21
0.9860152
 31
0.0
  0
LINE
  5
1595
330
1F
100
AcDbEntity
  8
Top Solder
100
AcDbLine
 10
2.3624301
 20
0.9840152
 30
0.0
 11
2.3624301
 21
1.0037152
 31
0.0
  0
LINE
  5
1596
330
1F
100
AcDbEntity
  8
Top Solder
100
AcDbLine
 10
2.3624301
 20
1.0037152
 30
0.0
 11
2.4255301
 21
1.0037152
 31
0.0
  0
LINE
  5
1597
330
1F
100
AcDbEntity
  8
Top Solder
100
AcDbLine
 10
2.4255301
 20
1.0037152
 30
0.0
 11
2.4255301
 21
0.9840152
 31
0.0
  0
LINE
  5
1598
330
1F
100
AcDbEntity
  8
Top Solder
100
AcDbLine
 10
2.4255301
 20
0.9840152
 30
0.0
 11
2.3624301
 21
0.9840152
 31
0.0
  0
LINE
  5
1599
330
1F
100
AcDbEntity
  8
Top Paste
100
AcDbLine
 10
2.2680301
 20
0.9663152
 30
0.0
 11
2.2680301
 21
0.9820152
 31
0.0
  0
LINE
  5
159A
330
1F
100
AcDbEntity
  8
Top Paste
100
AcDbLine
 10
2.2680301
 20
0.9820152
 30
0.0
 11
2.3271301
 21
0.9820152
 31
0.0
  0
LINE
  5
159B
330
1F
100
AcDbEntity
  8
Top Paste
100
AcDbLine
 10
2.3271301
 20
0.9820152
 30
0.0
 11
2.3271301
 21
0.9663152
 31
0.0
  0
LINE
  5
159C
330
1F
100
AcDbEntity
  8
Top Paste
100
AcDbLine
 10
2.3271301
 20
0.9663152
 30
0.0
 11
2.2680301
 21
0.9663152
 31
0.0
  0
LINE
  5
159D
330
1F
100
AcDbEntity
  8
Top Solder
100
AcDbLine
 10
2.2660301
 20
0.9643152
 30
0.0
 11
2.2660301
 21
0.9840152
 31
0.0
  0
LINE
  5
159E
330
1F
100
AcDbEntity
  8
Top Solder
100
AcDbLine
 10
2.2660301
 20
0.9840152
 30
0.0
 11
2.3291301
 21
0.9840152
 31
0.0
  0
LINE
  5
159F
330
1F
100
AcDbEntity
  8
Top Solder
100
AcDbLine
 10
2.3291301
 20
0.9840152
 30
0.0
 11
2.3291301
 21
0.9643152
 31
0.0
  0
LINE
  5
15A0
330
1F
100
AcDbEntity
  8
Top Solder
100
AcDbLine
 10
2.3291301
 20
0.9643152
 30
0.0
 11
2.2660301
 21
0.9643152
 31
0.0
  0
LINE
  5
15A1
330
1F
100
AcDbEntity
  8
Top Paste
100
AcDbLine
 10
2.3644301
 20
0.9466152
 30
0.0
 11
2.3644301
 21
0.9623152
 31
0.0
  0
LINE
  5
15A2
330
1F
100
AcDbEntity
  8
Top Paste
100
AcDbLine
 10
2.3644301
 20
0.9623152
 30
0.0
 11
2.4235301
 21
0.9623152
 31
0.0
  0
LINE
  5
15A3
330
1F
100
AcDbEntity
  8
Top Paste
100
AcDbLine
 10
2.4235301
 20
0.9623152
 30
0.0
 11
2.4235301
 21
0.9466152
 31
0.0
  0
LINE
  5
15A4
330
1F
100
AcDbEntity
  8
Top Paste
100
AcDbLine
 10
2.4235301
 20
0.9466152
 30
0.0
 11
2.3644301
 21
0.9466152
 31
0.0
  0
LINE
  5
15A5
330
1F
100
AcDbEntity
  8
Top Solder
100
AcDbLine
 10
2.3624301
 20
0.9446152
 30
0.0
 11
2.3624301
 21
0.9643152
 31
0.0
  0
LINE
  5
15A6
330
1F
100
AcDbEntity
  8
Top Solder
100
AcDbLine
 10
2.3624301
 20
0.9643152
 30
0.0
 11
2.4255301
 21
0.9643152
 31
0.0
  0
LINE
  5
15A7
330
1F
100
AcDbEntity
  8
Top Solder
100
AcDbLine
 10
2.4255301
 20
0.9643152
 30
0.0
 11
2.4255301
 21
0.9446152
 31
0.0
  0
LINE
  5
15A8
330
1F
100
AcDbEntity
  8
Top Solder
100
AcDbLine
 10
2.4255301
 20
0.9446152
 30
0.0
 11
2.3624301
 21
0.9446152
 31
0.0
  0
LINE
  5
15A9
330
1F
100
AcDbEntity
  8
Top Paste
100
AcDbLine
 10
2.2680301
 20
0.9270152
 30
0.0
 11
2.2680301
 21
0.9427152
 31
0.0
  0
LINE
  5
15AA
330
1F
100
AcDbEntity
  8
Top Paste
100
AcDbLine
 10
2.2680301
 20
0.9427152
 30
0.0
 11
2.3271301
 21
0.9427152
 31
0.0
  0
LINE
  5
15AB
330
1F
100
AcDbEntity
  8
Top Paste
100
AcDbLine
 10
2.3271301
 20
0.9427152
 30
0.0
 11
2.3271301
 21
0.9270152
 31
0.0
  0
LINE
  5
15AC
330
1F
100
AcDbEntity
  8
Top Paste
100
AcDbLine
 10
2.3271301
 20
0.9270152
 30
0.0
 11
2.2680301
 21
0.9270152
 31
0.0
  0
LINE
  5
15AD
330
1F
100
AcDbEntity
  8
Top Solder
100
AcDbLine
 10
2.2660301
 20
0.9250152
 30
0.0
 11
2.2660301
 21
0.9447152
 31
0.0
  0
LINE
  5
15AE
330
1F
100
AcDbEntity
  8
Top Solder
100
AcDbLine
 10
2.2660301
 20
0.9447152
 30
0.0
 11
2.3291301
 21
0.9447152
 31
0.0
  0
LINE
  5
15AF
330
1F
100
AcDbEntity
  8
Top Solder
100
AcDbLine
 10
2.3291301
 20
0.9447152
 30
0.0
 11
2.3291301
 21
0.9250152
 31
0.0
  0
LINE
  5
15B0
330
1F
100
AcDbEntity
  8
Top Solder
100
AcDbLine
 10
2.3291301
 20
0.9250152
 30
0.0
 11
2.2660301
 21
0.9250152
 31
0.0
  0
LINE
  5
15B1
330
1F
100
AcDbEntity
  8
Top Paste
100
AcDbLine
 10
2.3644301
 20
0.9073152
 30
0.0
 11
2.3644301
 21
0.9230152
 31
0.0
  0
LINE
  5
15B2
330
1F
100
AcDbEntity
  8
Top Paste
100
AcDbLine
 10
2.3644301
 20
0.9230152
 30
0.0
 11
2.4235301
 21
0.9230152
 31
0.0
  0
LINE
  5
15B3
330
1F
100
AcDbEntity
  8
Top Paste
100
AcDbLine
 10
2.4235301
 20
0.9230152
 30
0.0
 11
2.4235301
 21
0.9073152
 31
0.0
  0
LINE
  5
15B4
330
1F
100
AcDbEntity
  8
Top Paste
100
AcDbLine
 10
2.4235301
 20
0.9073152
 30
0.0
 11
2.3644301
 21
0.9073152
 31
0.0
  0
LINE
  5
15B5
330
1F
100
AcDbEntity
  8
Top Solder
100
AcDbLine
 10
2.3624301
 20
0.9053152
 30
0.0
 11
2.3624301
 21
0.9250152
 31
0.0
  0
LINE
  5
15B6
330
1F
100
AcDbEntity
  8
Top Solder
100
AcDbLine
 10
2.3624301
 20
0.9250152
 30
0.0
 11
2.4255301
 21
0.9250152
 31
0.0
  0
LINE
  5
15B7
330
1F
100
AcDbEntity
  8
Top Solder
100
AcDbLine
 10
2.4255301
 20
0.9250152
 30
0.0
 11
2.4255301
 21
0.9053152
 31
0.0
  0
LINE
  5
15B8
330
1F
100
AcDbEntity
  8
Top Solder
100
AcDbLine
 10
2.4255301
 20
0.9053152
 30
0.0
 11
2.3624301
 21
0.9053152
 31
0.0
  0
LINE
  5
15B9
330
1F
100
AcDbEntity
  8
Top Paste
100
AcDbLine
 10
2.2680301
 20
0.8876152
 30
0.0
 11
2.2680301
 21
0.9033152
 31
0.0
  0
LINE
  5
15BA
330
1F
100
AcDbEntity
  8
Top Paste
100
AcDbLine
 10
2.2680301
 20
0.9033152
 30
0.0
 11
2.3271301
 21
0.9033152
 31
0.0
  0
LINE
  5
15BB
330
1F
100
AcDbEntity
  8
Top Paste
100
AcDbLine
 10
2.3271301
 20
0.9033152
 30
0.0
 11
2.3271301
 21
0.8876152
 31
0.0
  0
LINE
  5
15BC
330
1F
100
AcDbEntity
  8
Top Paste
100
AcDbLine
 10
2.3271301
 20
0.8876152
 30
0.0
 11
2.2680301
 21
0.8876152
 31
0.0
  0
LINE
  5
15BD
330
1F
100
AcDbEntity
  8
Top Solder
100
AcDbLine
 10
2.2660301
 20
0.8856152
 30
0.0
 11
2.2660301
 21
0.9053152
 31
0.0
  0
LINE
  5
15BE
330
1F
100
AcDbEntity
  8
Top Solder
100
AcDbLine
 10
2.2660301
 20
0.9053152
 30
0.0
 11
2.3291301
 21
0.9053152
 31
0.0
  0
LINE
  5
15BF
330
1F
100
AcDbEntity
  8
Top Solder
100
AcDbLine
 10
2.3291301
 20
0.9053152
 30
0.0
 11
2.3291301
 21
0.8856152
 31
0.0
  0
LINE
  5
15C0
330
1F
100
AcDbEntity
  8
Top Solder
100
AcDbLine
 10
2.3291301
 20
0.8856152
 30
0.0
 11
2.2660301
 21
0.8856152
 31
0.0
  0
LINE
  5
15C1
330
1F
100
AcDbEntity
  8
Top Paste
100
AcDbLine
 10
2.3644301
 20
0.8679152
 30
0.0
 11
2.3644301
 21
0.8836152
 31
0.0
  0
LINE
  5
15C2
330
1F
100
AcDbEntity
  8
Top Paste
100
AcDbLine
 10
2.3644301
 20
0.8836152
 30
0.0
 11
2.4235301
 21
0.8836152
 31
0.0
  0
LINE
  5
15C3
330
1F
100
AcDbEntity
  8
Top Paste
100
AcDbLine
 10
2.4235301
 20
0.8836152
 30
0.0
 11
2.4235301
 21
0.8679152
 31
0.0
  0
LINE
  5
15C4
330
1F
100
AcDbEntity
  8
Top Paste
100
AcDbLine
 10
2.4235301
 20
0.8679152
 30
0.0
 11
2.3644301
 21
0.8679152
 31
0.0
  0
LINE
  5
15C5
330
1F
100
AcDbEntity
  8
Top Solder
100
AcDbLine
 10
2.3624301
 20
0.8659152
 30
0.0
 11
2.3624301
 21
0.8856152
 31
0.0
  0
LINE
  5
15C6
330
1F
100
AcDbEntity
  8
Top Solder
100
AcDbLine
 10
2.3624301
 20
0.8856152
 30
0.0
 11
2.4255301
 21
0.8856152
 31
0.0
  0
LINE
  5
15C7
330
1F
100
AcDbEntity
  8
Top Solder
100
AcDbLine
 10
2.4255301
 20
0.8856152
 30
0.0
 11
2.4255301
 21
0.8659152
 31
0.0
  0
LINE
  5
15C8
330
1F
100
AcDbEntity
  8
Top Solder
100
AcDbLine
 10
2.4255301
 20
0.8659152
 30
0.0
 11
2.3624301
 21
0.8659152
 31
0.0
  0
LINE
  5
15C9
330
1F
100
AcDbEntity
  8
Top Paste
100
AcDbLine
 10
2.2680301
 20
0.8482152
 30
0.0
 11
2.2680301
 21
0.8639152
 31
0.0
  0
LINE
  5
15CA
330
1F
100
AcDbEntity
  8
Top Paste
100
AcDbLine
 10
2.2680301
 20
0.8639152
 30
0.0
 11
2.3271301
 21
0.8639152
 31
0.0
  0
LINE
  5
15CB
330
1F
100
AcDbEntity
  8
Top Paste
100
AcDbLine
 10
2.3271301
 20
0.8639152
 30
0.0
 11
2.3271301
 21
0.8482152
 31
0.0
  0
LINE
  5
15CC
330
1F
100
AcDbEntity
  8
Top Paste
100
AcDbLine
 10
2.3271301
 20
0.8482152
 30
0.0
 11
2.2680301
 21
0.8482152
 31
0.0
  0
LINE
  5
15CD
330
1F
100
AcDbEntity
  8
Top Solder
100
AcDbLine
 10
2.2660301
 20
0.8462152
 30
0.0
 11
2.2660301
 21
0.8659152
 31
0.0
  0
LINE
  5
15CE
330
1F
100
AcDbEntity
  8
Top Solder
100
AcDbLine
 10
2.2660301
 20
0.8659152
 30
0.0
 11
2.3291301
 21
0.8659152
 31
0.0
  0
LINE
  5
15CF
330
1F
100
AcDbEntity
  8
Top Solder
100
AcDbLine
 10
2.3291301
 20
0.8659152
 30
0.0
 11
2.3291301
 21
0.8462152
 31
0.0
  0
LINE
  5
15D0
330
1F
100
AcDbEntity
  8
Top Solder
100
AcDbLine
 10
2.3291301
 20
0.8462152
 30
0.0
 11
2.2660301
 21
0.8462152
 31
0.0
  0
LINE
  5
15D1
330
1F
100
AcDbEntity
  8
Top Paste
100
AcDbLine
 10
2.3644301
 20
0.8285152
 30
0.0
 11
2.3644301
 21
0.8442152
 31
0.0
  0
LINE
  5
15D2
330
1F
100
AcDbEntity
  8
Top Paste
100
AcDbLine
 10
2.3644301
 20
0.8442152
 30
0.0
 11
2.4235301
 21
0.8442152
 31
0.0
  0
LINE
  5
15D3
330
1F
100
AcDbEntity
  8
Top Paste
100
AcDbLine
 10
2.4235301
 20
0.8442152
 30
0.0
 11
2.4235301
 21
0.8285152
 31
0.0
  0
LINE
  5
15D4
330
1F
100
AcDbEntity
  8
Top Paste
100
AcDbLine
 10
2.4235301
 20
0.8285152
 30
0.0
 11
2.3644301
 21
0.8285152
 31
0.0
  0
LINE
  5
15D5
330
1F
100
AcDbEntity
  8
Top Solder
100
AcDbLine
 10
2.3624301
 20
0.8265152
 30
0.0
 11
2.3624301
 21
0.8462152
 31
0.0
  0
LINE
  5
15D6
330
1F
100
AcDbEntity
  8
Top Solder
100
AcDbLine
 10
2.3624301
 20
0.8462152
 30
0.0
 11
2.4255301
 21
0.8462152
 31
0.0
  0
LINE
  5
15D7
330
1F
100
AcDbEntity
  8
Top Solder
100
AcDbLine
 10
2.4255301
 20
0.8462152
 30
0.0
 11
2.4255301
 21
0.8265152
 31
0.0
  0
LINE
  5
15D8
330
1F
100
AcDbEntity
  8
Top Solder
100
AcDbLine
 10
2.4255301
 20
0.8265152
 30
0.0
 11
2.3624301
 21
0.8265152
 31
0.0
  0
LINE
  5
15D9
330
1F
100
AcDbEntity
  8
Top Paste
100
AcDbLine
 10
2.2680301
 20
0.8088152
 30
0.0
 11
2.2680301
 21
0.8245152
 31
0.0
  0
LINE
  5
15DA
330
1F
100
AcDbEntity
  8
Top Paste
100
AcDbLine
 10
2.2680301
 20
0.8245152
 30
0.0
 11
2.3271301
 21
0.8245152
 31
0.0
  0
LINE
  5
15DB
330
1F
100
AcDbEntity
  8
Top Paste
100
AcDbLine
 10
2.3271301
 20
0.8245152
 30
0.0
 11
2.3271301
 21
0.8088152
 31
0.0
  0
LINE
  5
15DC
330
1F
100
AcDbEntity
  8
Top Paste
100
AcDbLine
 10
2.3271301
 20
0.8088152
 30
0.0
 11
2.2680301
 21
0.8088152
 31
0.0
  0
LINE
  5
15DD
330
1F
100
AcDbEntity
  8
Top Solder
100
AcDbLine
 10
2.2660301
 20
0.8068152
 30
0.0
 11
2.2660301
 21
0.8265152
 31
0.0
  0
LINE
  5
15DE
330
1F
100
AcDbEntity
  8
Top Solder
100
AcDbLine
 10
2.2660301
 20
0.8265152
 30
0.0
 11
2.3291301
 21
0.8265152
 31
0.0
  0
LINE
  5
15DF
330
1F
100
AcDbEntity
  8
Top Solder
100
AcDbLine
 10
2.3291301
 20
0.8265152
 30
0.0
 11
2.3291301
 21
0.8068152
 31
0.0
  0
LINE
  5
15E0
330
1F
100
AcDbEntity
  8
Top Solder
100
AcDbLine
 10
2.3291301
 20
0.8068152
 30
0.0
 11
2.2660301
 21
0.8068152
 31
0.0
  0
LINE
  5
15E1
330
1F
100
AcDbEntity
  8
Top Paste
100
AcDbLine
 10
2.3644301
 20
0.7892152
 30
0.0
 11
2.3644301
 21
0.8049152
 31
0.0
  0
LINE
  5
15E2
330
1F
100
AcDbEntity
  8
Top Paste
100
AcDbLine
 10
2.3644301
 20
0.8049152
 30
0.0
 11
2.4235301
 21
0.8049152
 31
0.0
  0
LINE
  5
15E3
330
1F
100
AcDbEntity
  8
Top Paste
100
AcDbLine
 10
2.4235301
 20
0.8049152
 30
0.0
 11
2.4235301
 21
0.7892152
 31
0.0
  0
LINE
  5
15E4
330
1F
100
AcDbEntity
  8
Top Paste
100
AcDbLine
 10
2.4235301
 20
0.7892152
 30
0.0
 11
2.3644301
 21
0.7892152
 31
0.0
  0
LINE
  5
15E5
330
1F
100
AcDbEntity
  8
Top Solder
100
AcDbLine
 10
2.3624301
 20
0.7872152
 30
0.0
 11
2.3624301
 21
0.8069152
 31
0.0
  0
LINE
  5
15E6
330
1F
100
AcDbEntity
  8
Top Solder
100
AcDbLine
 10
2.3624301
 20
0.8069152
 30
0.0
 11
2.4255301
 21
0.8069152
 31
0.0
  0
LINE
  5
15E7
330
1F
100
AcDbEntity
  8
Top Solder
100
AcDbLine
 10
2.4255301
 20
0.8069152
 30
0.0
 11
2.4255301
 21
0.7872152
 31
0.0
  0
LINE
  5
15E8
330
1F
100
AcDbEntity
  8
Top Solder
100
AcDbLine
 10
2.4255301
 20
0.7872152
 30
0.0
 11
2.3624301
 21
0.7872152
 31
0.0
  0
LINE
  5
15E9
330
1F
100
AcDbEntity
  8
Top Paste
100
AcDbLine
 10
2.2680301
 20
0.7695152
 30
0.0
 11
2.2680301
 21
0.7852152
 31
0.0
  0
LINE
  5
15EA
330
1F
100
AcDbEntity
  8
Top Paste
100
AcDbLine
 10
2.2680301
 20
0.7852152
 30
0.0
 11
2.3271301
 21
0.7852152
 31
0.0
  0
LINE
  5
15EB
330
1F
100
AcDbEntity
  8
Top Paste
100
AcDbLine
 10
2.3271301
 20
0.7852152
 30
0.0
 11
2.3271301
 21
0.7695152
 31
0.0
  0
LINE
  5
15EC
330
1F
100
AcDbEntity
  8
Top Paste
100
AcDbLine
 10
2.3271301
 20
0.7695152
 30
0.0
 11
2.2680301
 21
0.7695152
 31
0.0
  0
LINE
  5
15ED
330
1F
100
AcDbEntity
  8
Top Solder
100
AcDbLine
 10
2.2660301
 20
0.7675152
 30
0.0
 11
2.2660301
 21
0.7872152
 31
0.0
  0
LINE
  5
15EE
330
1F
100
AcDbEntity
  8
Top Solder
100
AcDbLine
 10
2.2660301
 20
0.7872152
 30
0.0
 11
2.3291301
 21
0.7872152
 31
0.0
  0
LINE
  5
15EF
330
1F
100
AcDbEntity
  8
Top Solder
100
AcDbLine
 10
2.3291301
 20
0.7872152
 30
0.0
 11
2.3291301
 21
0.7675152
 31
0.0
  0
LINE
  5
15F0
330
1F
100
AcDbEntity
  8
Top Solder
100
AcDbLine
 10
2.3291301
 20
0.7675152
 30
0.0
 11
2.2660301
 21
0.7675152
 31
0.0
  0
LINE
  5
15F1
330
1F
100
AcDbEntity
  8
Top Paste
100
AcDbLine
 10
2.3644301
 20
0.7498152
 30
0.0
 11
2.3644301
 21
0.7655152
 31
0.0
  0
LINE
  5
15F2
330
1F
100
AcDbEntity
  8
Top Paste
100
AcDbLine
 10
2.3644301
 20
0.7655152
 30
0.0
 11
2.4235301
 21
0.7655152
 31
0.0
  0
LINE
  5
15F3
330
1F
100
AcDbEntity
  8
Top Paste
100
AcDbLine
 10
2.4235301
 20
0.7655152
 30
0.0
 11
2.4235301
 21
0.7498152
 31
0.0
  0
LINE
  5
15F4
330
1F
100
AcDbEntity
  8
Top Paste
100
AcDbLine
 10
2.4235301
 20
0.7498152
 30
0.0
 11
2.3644301
 21
0.7498152
 31
0.0
  0
LINE
  5
15F5
330
1F
100
AcDbEntity
  8
Top Solder
100
AcDbLine
 10
2.3624301
 20
0.7478152
 30
0.0
 11
2.3624301
 21
0.7675152
 31
0.0
  0
LINE
  5
15F6
330
1F
100
AcDbEntity
  8
Top Solder
100
AcDbLine
 10
2.3624301
 20
0.7675152
 30
0.0
 11
2.4255301
 21
0.7675152
 31
0.0
  0
LINE
  5
15F7
330
1F
100
AcDbEntity
  8
Top Solder
100
AcDbLine
 10
2.4255301
 20
0.7675152
 30
0.0
 11
2.4255301
 21
0.7478152
 31
0.0
  0
LINE
  5
15F8
330
1F
100
AcDbEntity
  8
Top Solder
100
AcDbLine
 10
2.4255301
 20
0.7478152
 30
0.0
 11
2.3624301
 21
0.7478152
 31
0.0
  0
LINE
  5
15F9
330
1F
100
AcDbEntity
  8
Top Paste
100
AcDbLine
 10
2.2680301
 20
0.7301152
 30
0.0
 11
2.2680301
 21
0.7458152
 31
0.0
  0
LINE
  5
15FA
330
1F
100
AcDbEntity
  8
Top Paste
100
AcDbLine
 10
2.2680301
 20
0.7458152
 30
0.0
 11
2.3271301
 21
0.7458152
 31
0.0
  0
LINE
  5
15FB
330
1F
100
AcDbEntity
  8
Top Paste
100
AcDbLine
 10
2.3271301
 20
0.7458152
 30
0.0
 11
2.3271301
 21
0.7301152
 31
0.0
  0
LINE
  5
15FC
330
1F
100
AcDbEntity
  8
Top Paste
100
AcDbLine
 10
2.3271301
 20
0.7301152
 30
0.0
 11
2.2680301
 21
0.7301152
 31
0.0
  0
LINE
  5
15FD
330
1F
100
AcDbEntity
  8
Top Solder
100
AcDbLine
 10
2.2660301
 20
0.7281152
 30
0.0
 11
2.2660301
 21
0.7478152
 31
0.0
  0
LINE
  5
15FE
330
1F
100
AcDbEntity
  8
Top Solder
100
AcDbLine
 10
2.2660301
 20
0.7478152
 30
0.0
 11
2.3291301
 21
0.7478152
 31
0.0
  0
LINE
  5
15FF
330
1F
100
AcDbEntity
  8
Top Solder
100
AcDbLine
 10
2.3291301
 20
0.7478152
 30
0.0
 11
2.3291301
 21
0.7281152
 31
0.0
  0
LINE
  5
1600
330
1F
100
AcDbEntity
  8
Top Solder
100
AcDbLine
 10
2.3291301
 20
0.7281152
 30
0.0
 11
2.2660301
 21
0.7281152
 31
0.0
  0
LINE
  5
1601
330
1F
100
AcDbEntity
  8
Top Paste
100
AcDbLine
 10
2.3644301
 20
0.7104152
 30
0.0
 11
2.3644301
 21
0.7261152
 31
0.0
  0
LINE
  5
1602
330
1F
100
AcDbEntity
  8
Top Paste
100
AcDbLine
 10
2.3644301
 20
0.7261152
 30
0.0
 11
2.4235301
 21
0.7261152
 31
0.0
  0
LINE
  5
1603
330
1F
100
AcDbEntity
  8
Top Paste
100
AcDbLine
 10
2.4235301
 20
0.7261152
 30
0.0
 11
2.4235301
 21
0.7104152
 31
0.0
  0
LINE
  5
1604
330
1F
100
AcDbEntity
  8
Top Paste
100
AcDbLine
 10
2.4235301
 20
0.7104152
 30
0.0
 11
2.3644301
 21
0.7104152
 31
0.0
  0
LINE
  5
1605
330
1F
100
AcDbEntity
  8
Top Solder
100
AcDbLine
 10
2.3624301
 20
0.7084152
 30
0.0
 11
2.3624301
 21
0.7281152
 31
0.0
  0
LINE
  5
1606
330
1F
100
AcDbEntity
  8
Top Solder
100
AcDbLine
 10
2.3624301
 20
0.7281152
 30
0.0
 11
2.4255301
 21
0.7281152
 31
0.0
  0
LINE
  5
1607
330
1F
100
AcDbEntity
  8
Top Solder
100
AcDbLine
 10
2.4255301
 20
0.7281152
 30
0.0
 11
2.4255301
 21
0.7084152
 31
0.0
  0
LINE
  5
1608
330
1F
100
AcDbEntity
  8
Top Solder
100
AcDbLine
 10
2.4255301
 20
0.7084152
 30
0.0
 11
2.3624301
 21
0.7084152
 31
0.0
  0
LINE
  5
1609
330
1F
100
AcDbEntity
  8
Top Paste
100
AcDbLine
 10
2.2680301
 20
0.6907152
 30
0.0
 11
2.2680301
 21
0.7064152
 31
0.0
  0
LINE
  5
160A
330
1F
100
AcDbEntity
  8
Top Paste
100
AcDbLine
 10
2.2680301
 20
0.7064152
 30
0.0
 11
2.3271301
 21
0.7064152
 31
0.0
  0
LINE
  5
160B
330
1F
100
AcDbEntity
  8
Top Paste
100
AcDbLine
 10
2.3271301
 20
0.7064152
 30
0.0
 11
2.3271301
 21
0.6907152
 31
0.0
  0
LINE
  5
160C
330
1F
100
AcDbEntity
  8
Top Paste
100
AcDbLine
 10
2.3271301
 20
0.6907152
 30
0.0
 11
2.2680301
 21
0.6907152
 31
0.0
  0
LINE
  5
160D
330
1F
100
AcDbEntity
  8
Top Solder
100
AcDbLine
 10
2.2660301
 20
0.6887152
 30
0.0
 11
2.2660301
 21
0.7084152
 31
0.0
  0
LINE
  5
160E
330
1F
100
AcDbEntity
  8
Top Solder
100
AcDbLine
 10
2.2660301
 20
0.7084152
 30
0.0
 11
2.3291301
 21
0.7084152
 31
0.0
  0
LINE
  5
160F
330
1F
100
AcDbEntity
  8
Top Solder
100
AcDbLine
 10
2.3291301
 20
0.7084152
 30
0.0
 11
2.3291301
 21
0.6887152
 31
0.0
  0
LINE
  5
1610
330
1F
100
AcDbEntity
  8
Top Solder
100
AcDbLine
 10
2.3291301
 20
0.6887152
 30
0.0
 11
2.2660301
 21
0.6887152
 31
0.0
  0
LINE
  5
1611
330
1F
100
AcDbEntity
  8
Top Paste
100
AcDbLine
 10
2.3644301
 20
0.6711152
 30
0.0
 11
2.3644301
 21
0.6868152
 31
0.0
  0
LINE
  5
1612
330
1F
100
AcDbEntity
  8
Top Paste
100
AcDbLine
 10
2.3644301
 20
0.6868152
 30
0.0
 11
2.4235301
 21
0.6868152
 31
0.0
  0
LINE
  5
1613
330
1F
100
AcDbEntity
  8
Top Paste
100
AcDbLine
 10
2.4235301
 20
0.6868152
 30
0.0
 11
2.4235301
 21
0.6711152
 31
0.0
  0
LINE
  5
1614
330
1F
100
AcDbEntity
  8
Top Paste
100
AcDbLine
 10
2.4235301
 20
0.6711152
 30
0.0
 11
2.3644301
 21
0.6711152
 31
0.0
  0
LINE
  5
1615
330
1F
100
AcDbEntity
  8
Top Solder
100
AcDbLine
 10
2.3624301
 20
0.6691152
 30
0.0
 11
2.3624301
 21
0.6888152
 31
0.0
  0
LINE
  5
1616
330
1F
100
AcDbEntity
  8
Top Solder
100
AcDbLine
 10
2.3624301
 20
0.6888152
 30
0.0
 11
2.4255301
 21
0.6888152
 31
0.0
  0
LINE
  5
1617
330
1F
100
AcDbEntity
  8
Top Solder
100
AcDbLine
 10
2.4255301
 20
0.6888152
 30
0.0
 11
2.4255301
 21
0.6691152
 31
0.0
  0
LINE
  5
1618
330
1F
100
AcDbEntity
  8
Top Solder
100
AcDbLine
 10
2.4255301
 20
0.6691152
 30
0.0
 11
2.3624301
 21
0.6691152
 31
0.0
  0
LINE
  5
1619
330
1F
100
AcDbEntity
  8
Top Overlay
100
AcDbLine
 10
2.3614801
 20
0.6887652
 30
0.0
 11
2.3614801
 21
0.6887652
 31
0.0
  0
LINE
  5
161A
330
1F
100
AcDbEntity
  8
Top Overlay
100
AcDbLine
 10
2.3614801
 20
0.6887652
 30
0.0
 11
2.3378801
 21
0.6887652
 31
0.0
  0
LINE
  5
161B
330
1F
100
AcDbEntity
  8
Top Overlay
100
AcDbLine
 10
2.3378801
 20
0.6887652
 30
0.0
 11
2.3378801
 21
0.7399652
 31
0.0
  0
LINE
  5
161C
330
1F
100
AcDbEntity
  8
Top Overlay
100
AcDbLine
 10
2.3378801
 20
0.7399652
 30
0.0
 11
2.3496801
 21
0.7399652
 31
0.0
  0
LINE
  5
161D
330
1F
100
AcDbEntity
  8
Top Overlay
100
AcDbLine
 10
2.3496801
 20
0.7399652
 30
0.0
 11
2.3496801
 21
1.0076652
 31
0.0
  0
LINE
  5
161E
330
1F
100
AcDbEntity
  8
Top Overlay
100
AcDbLine
 10
2.3496801
 20
1.0076652
 30
0.0
 11
2.3339801
 21
1.0076652
 31
0.0
  0
LINE
  5
161F
330
1F
100
AcDbEntity
  8
Top Overlay
100
AcDbLine
 10
2.3339801
 20
1.0076652
 30
0.0
 11
2.3339801
 21
1.0548652
 31
0.0
  0
LINE
  5
1620
330
1F
100
AcDbEntity
  8
Top Overlay
100
AcDbLine
 10
2.3339801
 20
1.0548652
 30
0.0
 11
2.3614801
 21
1.0548652
 31
0.0
  0
LINE
  5
1621
330
1F
100
AcDbEntity
  8
Top Overlay
100
AcDbLine
 10
2.3614801
 20
1.0548652
 30
0.0
 11
2.3614801
 21
0.6887652
 31
0.0
  0
CIRCLE
  5
1622
330
1F
100
AcDbEntity
  8
Top Courtyard
100
AcDbCircle
 10
0.3996097
 20
0.6263764
 30
0.0
 40
0.00394
  0
LINE
  5
1623
330
1F
100
AcDbEntity
  8
Top Overlay
100
AcDbLine
 10
0.524219
 20
1.8551209
 30
0.0
 11
0.524219
 21
1.9220509
 31
0.0
  0
LINE
  5
1624
330
1F
100
AcDbEntity
  8
Top Overlay
100
AcDbLine
 10
0.469101
 20
1.8551209
 30
0.0
 11
0.469101
 21
1.9220509
 31
0.0
  0
LINE
  5
1625
330
1F
100
AcDbEntity
  8
Top Overlay
100
AcDbLine
 10
0.491641
 20
1.8786199
 30
0.0
 11
0.49652
 21
1.8885319
 31
0.0
  0
LINE
  5
1626
330
1F
100
AcDbEntity
  8
Top Overlay
100
AcDbLine
 10
0.491641
 20
1.8786199
 30
0.0
 11
0.501641
 21
1.8786199
 31
0.0
  0
LINE
  5
1627
330
1F
100
AcDbEntity
  8
Top Overlay
100
AcDbLine
 10
0.496641
 20
1.8884999
 30
0.0
 11
0.501641
 21
1.8786199
 31
0.0
  0
LINE
  5
1628
330
1F
100
AcDbEntity
  8
Top Overlay
100
AcDbLine
 10
0.496641
 20
1.8884999
 30
0.0
 11
0.496641
 21
1.8936199
 31
0.0
  0
LINE
  5
1629
330
1F
100
AcDbEntity
  8
Top Overlay
100
AcDbLine
 10
0.496759
 20
1.8887079
 30
0.0
 11
0.501641
 21
1.8986199
 31
0.0
  0
LINE
  5
162A
330
1F
100
AcDbEntity
  8
Top Overlay
100
AcDbLine
 10
0.491641
 20
1.8986199
 30
0.0
 11
0.501641
 21
1.8986199
 31
0.0
  0
LINE
  5
162B
330
1F
100
AcDbEntity
  8
Top Overlay
100
AcDbLine
 10
0.491641
 20
1.8986199
 30
0.0
 11
0.496641
 21
1.8887399
 31
0.0
  0
LINE
  5
162C
330
1F
100
AcDbEntity
  8
Top Overlay
100
AcDbLine
 10
0.496641
 20
1.8836199
 30
0.0
 11
0.496641
 21
1.8887399
 31
0.0
  0
LINE
  5
162D
330
1F
100
AcDbEntity
  8
Top Overlay
100
AcDbLine
 10
0.491641
 20
1.8886199
 30
0.0
 11
0.501641
 21
1.8886199
 31
0.0
  0
LINE
  5
162E
330
1F
100
AcDbEntity
  8
Top Paste
100
AcDbLine
 10
0.511811
 20
1.9515729
 30
0.0
 11
0.511811
 21
1.9200769
 31
0.0
  0
LINE
  5
162F
330
1F
100
AcDbEntity
  8
Top Paste
100
AcDbLine
 10
0.511811
 20
1.9200769
 30
0.0
 11
0.480315
 21
1.9200769
 31
0.0
  0
LINE
  5
1630
330
1F
100
AcDbEntity
  8
Top Paste
100
AcDbLine
 10
0.480315
 20
1.9200769
 30
0.0
 11
0.480315
 21
1.9515729
 31
0.0
  0
LINE
  5
1631
330
1F
100
AcDbEntity
  8
Top Paste
100
AcDbLine
 10
0.480315
 20
1.9515729
 30
0.0
 11
0.511811
 21
1.9515729
 31
0.0
  0
LINE
  5
1632
330
1F
100
AcDbEntity
  8
Top Solder
100
AcDbLine
 10
0.515811
 20
1.9555729
 30
0.0
 11
0.515811
 21
1.9160769
 31
0.0
  0
LINE
  5
1633
330
1F
100
AcDbEntity
  8
Top Solder
100
AcDbLine
 10
0.515811
 20
1.9160769
 30
0.0
 11
0.476315
 21
1.9160769
 31
0.0
  0
LINE
  5
1634
330
1F
100
AcDbEntity
  8
Top Solder
100
AcDbLine
 10
0.476315
 20
1.9160769
 30
0.0
 11
0.476315
 21
1.9555729
 31
0.0
  0
LINE
  5
1635
330
1F
100
AcDbEntity
  8
Top Solder
100
AcDbLine
 10
0.476315
 20
1.9555729
 30
0.0
 11
0.515811
 21
1.9555729
 31
0.0
  0
LINE
  5
1636
330
1F
100
AcDbEntity
  8
Top Paste
100
AcDbLine
 10
0.511811
 20
1.8566929
 30
0.0
 11
0.511811
 21
1.8251969
 31
0.0
  0
LINE
  5
1637
330
1F
100
AcDbEntity
  8
Top Paste
100
AcDbLine
 10
0.511811
 20
1.8251969
 30
0.0
 11
0.480315
 21
1.8251969
 31
0.0
  0
LINE
  5
1638
330
1F
100
AcDbEntity
  8
Top Paste
100
AcDbLine
 10
0.480315
 20
1.8251969
 30
0.0
 11
0.480315
 21
1.8566929
 31
0.0
  0
LINE
  5
1639
330
1F
100
AcDbEntity
  8
Top Paste
100
AcDbLine
 10
0.480315
 20
1.8566929
 30
0.0
 11
0.511811
 21
1.8566929
 31
0.0
  0
LINE
  5
163A
330
1F
100
AcDbEntity
  8
Top Solder
100
AcDbLine
 10
0.515811
 20
1.8606929
 30
0.0
 11
0.515811
 21
1.8211969
 31
0.0
  0
LINE
  5
163B
330
1F
100
AcDbEntity
  8
Top Solder
100
AcDbLine
 10
0.515811
 20
1.8211969
 30
0.0
 11
0.476315
 21
1.8211969
 31
0.0
  0
LINE
  5
163C
330
1F
100
AcDbEntity
  8
Top Solder
100
AcDbLine
 10
0.476315
 20
1.8211969
 30
0.0
 11
0.476315
 21
1.8606929
 31
0.0
  0
LINE
  5
163D
330
1F
100
AcDbEntity
  8
Top Solder
100
AcDbLine
 10
0.476315
 20
1.8606929
 30
0.0
 11
0.515811
 21
1.8606929
 31
0.0
  0
LINE
  5
163E
330
1F
100
AcDbEntity
  8
Top Overlay
100
AcDbLine
 10
0.8484248
 20
1.8464228
 30
0.0
 11
0.8484248
 21
1.8543648
 31
0.0
  0
LINE
  5
163F
330
1F
100
AcDbEntity
  8
Top Overlay
100
AcDbLine
 10
0.8484248
 20
1.8857928
 30
0.0
 11
0.8484248
 21
1.8858268
 31
0.0
  0
LINE
  5
1640
330
1F
100
AcDbEntity
  8
Top Overlay
100
AcDbLine
 10
0.8838588
 20
1.8149608
 30
0.0
 11
0.8838588
 21
1.8346798
 31
0.0
  0
LINE
  5
1641
330
1F
100
AcDbEntity
  8
Top Overlay
100
AcDbLine
 10
0.8838588
 20
1.8661078
 30
0.0
 11
0.8838588
 21
1.8858268
 31
0.0
  0
LINE
  5
1642
330
1F
100
AcDbEntity
  8
Top Overlay
100
AcDbLine
 10
0.8484248
 20
1.8858268
 30
0.0
 11
0.8838588
 21
1.8858268
 31
0.0
  0
LINE
  5
1643
330
1F
100
AcDbEntity
  8
Top Overlay
100
AcDbLine
 10
0.8484248
 20
1.8149608
 30
0.0
 11
0.8838588
 21
1.8149608
 31
0.0
  0
LINE
  5
1644
330
1F
100
AcDbEntity
  8
Top Overlay
100
AcDbLine
 10
0.8484248
 20
1.8149608
 30
0.0
 11
0.8484248
 21
1.8149948
 31
0.0
  0
CIRCLE
  5
1645
330
1F
100
AcDbEntity
  8
Top Overlay
100
AcDbCircle
 10
0.8362218
 20
1.8901588
 30
0.0
 40
0.00264
  0
LINE
  5
1646
330
1F
100
AcDbEntity
  8
Top Paste
100
AcDbLine
 10
0.9037713
 20
1.8602728
 30
0.0
 11
0.9037713
 21
1.8405248
 31
0.0
  0
LINE
  5
1647
330
1F
100
AcDbEntity
  8
Top Paste
100
AcDbLine
 10
0.9037713
 20
1.8405248
 30
0.0
 11
0.8796923
 21
1.8405248
 31
0.0
  0
LINE
  5
1648
330
1F
100
AcDbEntity
  8
Top Paste
100
AcDbLine
 10
0.8796923
 20
1.8405248
 30
0.0
 11
0.8796923
 21
1.8602728
 31
0.0
  0
LINE
  5
1649
330
1F
100
AcDbEntity
  8
Top Paste
100
AcDbLine
 10
0.8796923
 20
1.8602728
 30
0.0
 11
0.9037713
 21
1.8602728
 31
0.0
  0
LINE
  5
164A
330
1F
100
AcDbEntity
  8
Top Solder
100
AcDbLine
 10
0.9057713
 20
1.8622728
 30
0.0
 11
0.9057713
 21
1.8385248
 31
0.0
  0
LINE
  5
164B
330
1F
100
AcDbEntity
  8
Top Solder
100
AcDbLine
 10
0.9057713
 20
1.8385248
 30
0.0
 11
0.8776923
 21
1.8385248
 31
0.0
  0
LINE
  5
164C
330
1F
100
AcDbEntity
  8
Top Solder
100
AcDbLine
 10
0.8776923
 20
1.8385248
 30
0.0
 11
0.8776923
 21
1.8622728
 31
0.0
  0
LINE
  5
164D
330
1F
100
AcDbEntity
  8
Top Solder
100
AcDbLine
 10
0.8776923
 20
1.8622728
 30
0.0
 11
0.9057713
 21
1.8622728
 31
0.0
  0
LINE
  5
164E
330
1F
100
AcDbEntity
  8
Top Paste
100
AcDbLine
 10
0.8525913
 20
1.8799528
 30
0.0
 11
0.8525913
 21
1.8602048
 31
0.0
  0
LINE
  5
164F
330
1F
100
AcDbEntity
  8
Top Paste
100
AcDbLine
 10
0.8525913
 20
1.8602048
 30
0.0
 11
0.8285123
 21
1.8602048
 31
0.0
  0
LINE
  5
1650
330
1F
100
AcDbEntity
  8
Top Paste
100
AcDbLine
 10
0.8285123
 20
1.8602048
 30
0.0
 11
0.8285123
 21
1.8799528
 31
0.0
  0
LINE
  5
1651
330
1F
100
AcDbEntity
  8
Top Paste
100
AcDbLine
 10
0.8285123
 20
1.8799528
 30
0.0
 11
0.8525913
 21
1.8799528
 31
0.0
  0
LINE
  5
1652
330
1F
100
AcDbEntity
  8
Top Solder
100
AcDbLine
 10
0.8545913
 20
1.8819528
 30
0.0
 11
0.8545913
 21
1.8582048
 31
0.0
  0
LINE
  5
1653
330
1F
100
AcDbEntity
  8
Top Solder
100
AcDbLine
 10
0.8545913
 20
1.8582048
 30
0.0
 11
0.8265123
 21
1.8582048
 31
0.0
  0
LINE
  5
1654
330
1F
100
AcDbEntity
  8
Top Solder
100
AcDbLine
 10
0.8265123
 20
1.8582048
 30
0.0
 11
0.8265123
 21
1.8819528
 31
0.0
  0
LINE
  5
1655
330
1F
100
AcDbEntity
  8
Top Solder
100
AcDbLine
 10
0.8265123
 20
1.8819528
 30
0.0
 11
0.8545913
 21
1.8819528
 31
0.0
  0
LINE
  5
1656
330
1F
100
AcDbEntity
  8
Top Paste
100
AcDbLine
 10
0.8525913
 20
1.8405828
 30
0.0
 11
0.8525913
 21
1.8208348
 31
0.0
  0
LINE
  5
1657
330
1F
100
AcDbEntity
  8
Top Paste
100
AcDbLine
 10
0.8525913
 20
1.8208348
 30
0.0
 11
0.8285123
 21
1.8208348
 31
0.0
  0
LINE
  5
1658
330
1F
100
AcDbEntity
  8
Top Paste
100
AcDbLine
 10
0.8285123
 20
1.8208348
 30
0.0
 11
0.8285123
 21
1.8405828
 31
0.0
  0
LINE
  5
1659
330
1F
100
AcDbEntity
  8
Top Paste
100
AcDbLine
 10
0.8285123
 20
1.8405828
 30
0.0
 11
0.8525913
 21
1.8405828
 31
0.0
  0
LINE
  5
165A
330
1F
100
AcDbEntity
  8
Top Solder
100
AcDbLine
 10
0.8545913
 20
1.8425828
 30
0.0
 11
0.8545913
 21
1.8188348
 31
0.0
  0
LINE
  5
165B
330
1F
100
AcDbEntity
  8
Top Solder
100
AcDbLine
 10
0.8545913
 20
1.8188348
 30
0.0
 11
0.8265123
 21
1.8188348
 31
0.0
  0
LINE
  5
165C
330
1F
100
AcDbEntity
  8
Top Solder
100
AcDbLine
 10
0.8265123
 20
1.8188348
 30
0.0
 11
0.8265123
 21
1.8425828
 31
0.0
  0
LINE
  5
165D
330
1F
100
AcDbEntity
  8
Top Solder
100
AcDbLine
 10
0.8265123
 20
1.8425828
 30
0.0
 11
0.8545913
 21
1.8425828
 31
0.0
  0
LINE
  5
165E
330
1F
100
AcDbEntity
  8
Top Overlay
100
AcDbLine
 10
0.1956697
 20
0.3094487
 30
0.0
 11
0.1956697
 21
0.7228347
 31
0.0
  0
LINE
  5
165F
330
1F
100
AcDbEntity
  8
Top Overlay
100
AcDbLine
 10
0.0578737
 20
0.3094487
 30
0.0
 11
0.0601047
 21
0.3116797
 31
0.0
  0
LINE
  5
1660
330
1F
100
AcDbEntity
  8
Top Overlay
100
AcDbLine
 10
0.0601047
 20
0.3116797
 30
0.0
 11
0.0601047
 21
0.7228347
 31
0.0
  0
LINE
  5
1661
330
1F
100
AcDbEntity
  8
Top Overlay
100
AcDbLine
 10
0.2033197
 20
0.2897637
 30
0.0
 11
0.2033197
 21
0.3094487
 31
0.0
  0
LINE
  5
1662
330
1F
100
AcDbEntity
  8
Top Overlay
100
AcDbLine
 10
0.2033197
 20
0.2897637
 30
0.0
 11
0.2258197
 21
0.2897637
 31
0.0
  0
LINE
  5
1663
330
1F
100
AcDbEntity
  8
Top Overlay
100
AcDbLine
 10
0.0047237
 20
0.3094487
 30
0.0
 11
0.2606297
 21
0.3094487
 31
0.0
  0
LINE
  5
1664
330
1F
100
AcDbEntity
  8
Top Overlay
100
AcDbLine
 10
0.2258197
 20
0.2897637
 30
0.0
 11
0.2258197
 21
0.3094487
 31
0.0
  0
LINE
  5
1665
330
1F
100
AcDbEntity
  8
Top Overlay
100
AcDbLine
 10
0.0471707
 20
0.7228337
 30
0.0
 11
0.0471707
 21
0.7425187
 31
0.0
  0
LINE
  5
1666
330
1F
100
AcDbEntity
  8
Top Overlay
100
AcDbLine
 10
0.0246707
 20
0.7425187
 30
0.0
 11
0.0471707
 21
0.7425187
 31
0.0
  0
LINE
  5
1667
330
1F
100
AcDbEntity
  8
Top Overlay
100
AcDbLine
 10
0.0246707
 20
0.7228337
 30
0.0
 11
0.0246707
 21
0.7425187
 31
0.0
  0
LINE
  5
1668
330
1F
100
AcDbEntity
  8
Top Overlay
100
AcDbLine
 10
0.0047237
 20
0.7228347
 30
0.0
 11
0.2606297
 21
0.7228347
 31
0.0
  0
LINE
  5
1669
330
1F
100
AcDbEntity
  8
Top Overlay
100
AcDbLine
 10
0.0047237
 20
0.3094487
 30
0.0
 11
0.0047237
 21
0.7228347
 31
0.0
  0
LINE
  5
166A
330
1F
100
AcDbEntity
  8
Top Overlay
100
AcDbLine
 10
0.2606297
 20
0.3094487
 30
0.0
 11
0.2606297
 21
0.7228347
 31
0.0
  0
CIRCLE
  5
166B
330
1F
100
AcDbEntity
  8
Multi-Layer
100
AcDbCircle
 10
0.1267717
 20
0.3783467
 30
0.0
 40
0.035433
  0
CIRCLE
  5
166C
330
1F
100
AcDbEntity
  8
Top Solder
100
AcDbCircle
 10
0.1267717
 20
0.3783467
 30
0.0
 40
0.039433
  0
CIRCLE
  5
166D
330
1F
100
AcDbEntity
  8
Multi-Layer
100
AcDbCircle
 10
0.1267717
 20
0.5161417
 30
0.0
 40
0.035433
  0
CIRCLE
  5
166E
330
1F
100
AcDbEntity
  8
Top Solder
100
AcDbCircle
 10
0.1267717
 20
0.5161417
 30
0.0
 40
0.039433
  0
CIRCLE
  5
166F
330
1F
100
AcDbEntity
  8
Multi-Layer
100
AcDbCircle
 10
0.1267717
 20
0.6539367
 30
0.0
 40
0.035433
  0
CIRCLE
  5
1670
330
1F
100
AcDbEntity
  8
Top Solder
100
AcDbCircle
 10
0.1267717
 20
0.6539367
 30
0.0
 40
0.039433
  0
LINE
  5
1671
330
1F
100
AcDbEntity
  8
Top Overlay
100
AcDbLine
 10
1.7992131
 20
0.0196822
 30
0.0
 11
1.7992131
 21
0.2204722
 31
0.0
  0
LINE
  5
1672
330
1F
100
AcDbEntity
  8
Top Overlay
100
AcDbLine
 10
1.7992131
 20
0.0196822
 30
0.0
 11
2.2952731
 21
0.0196822
 31
0.0
  0
LINE
  5
1673
330
1F
100
AcDbEntity
  8
Top Overlay
100
AcDbLine
 10
2.2952731
 20
0.0196822
 30
0.0
 11
2.2952731
 21
0.2204722
 31
0.0
  0
LINE
  5
1674
330
1F
100
AcDbEntity
  8
Top Overlay
100
AcDbLine
 10
1.7992131
 20
0.2204722
 30
0.0
 11
2.2952731
 21
0.2204722
 31
0.0
  0
LINE
  5
1675
330
1F
100
AcDbEntity
  8
Top Overlay
100
AcDbLine
 10
1.9960631
 20
0.0196822
 30
0.0
 11
1.9960631
 21
0.0511822
 31
0.0
  0
LINE
  5
1676
330
1F
100
AcDbEntity
  8
Top Overlay
100
AcDbLine
 10
1.9960631
 20
0.0196822
 30
0.0
 11
2.1023631
 21
0.0196822
 31
0.0
  0
LINE
  5
1677
330
1F
100
AcDbEntity
  8
Top Overlay
100
AcDbLine
 10
2.1023631
 20
0.0196822
 30
0.0
 11
2.1023631
 21
0.0511822
 31
0.0
  0
LINE
  5
1678
330
1F
100
AcDbEntity
  8
Top Overlay
100
AcDbLine
 10
1.9960631
 20
0.0511822
 30
0.0
 11
2.1023631
 21
0.0511822
 31
0.0
  0
LINE
  5
1679
330
1F
100
AcDbEntity
  8
Multi-Layer
100
AcDbLine
 10
1.9275581
 20
0.1127972
 30
0.0
 11
1.9669281
 21
0.1127972
 31
0.0
  0
LINE
  5
167A
330
1F
100
AcDbEntity
  8
Multi-Layer
100
AcDbLine
 10
1.9669281
 20
0.1127972
 30
0.0
 11
1.9669281
 21
0.0734272
 31
0.0
  0
LINE
  5
167B
330
1F
100
AcDbEntity
  8
Multi-Layer
100
AcDbLine
 10
1.9669281
 20
0.0734272
 30
0.0
 11
1.9275581
 21
0.0734272
 31
0.0
  0
LINE
  5
167C
330
1F
100
AcDbEntity
  8
Multi-Layer
100
AcDbLine
 10
1.9275581
 20
0.0734272
 30
0.0
 11
1.9275581
 21
0.1127972
 31
0.0
  0
LINE
  5
167D
330
1F
100
AcDbEntity
  8
Top Solder
100
AcDbLine
 10
1.9235581
 20
0.1167972
 30
0.0
 11
1.9709281
 21
0.1167972
 31
0.0
  0
LINE
  5
167E
330
1F
100
AcDbEntity
  8
Top Solder
100
AcDbLine
 10
1.9709281
 20
0.1167972
 30
0.0
 11
1.9709281
 21
0.0694272
 31
0.0
  0
LINE
  5
167F
330
1F
100
AcDbEntity
  8
Top Solder
100
AcDbLine
 10
1.9709281
 20
0.0694272
 30
0.0
 11
1.9235581
 21
0.0694272
 31
0.0
  0
LINE
  5
1680
330
1F
100
AcDbEntity
  8
Top Solder
100
AcDbLine
 10
1.9235581
 20
0.0694272
 30
0.0
 11
1.9235581
 21
0.1167972
 31
0.0
  0
CIRCLE
  5
1681
330
1F
100
AcDbEntity
  8
Multi-Layer
100
AcDbCircle
 10
1.9472431
 20
0.1431122
 30
0.0
 40
0.019685
  0
CIRCLE
  5
1682
330
1F
100
AcDbEntity
  8
Top Solder
100
AcDbCircle
 10
1.9472431
 20
0.1431122
 30
0.0
 40
0.023685
  0
CIRCLE
  5
1683
330
1F
100
AcDbEntity
  8
Multi-Layer
100
AcDbCircle
 10
1.9972431
 20
0.0931122
 30
0.0
 40
0.019685
  0
CIRCLE
  5
1684
330
1F
100
AcDbEntity
  8
Top Solder
100
AcDbCircle
 10
1.9972431
 20
0.0931122
 30
0.0
 40
0.023685
  0
CIRCLE
  5
1685
330
1F
100
AcDbEntity
  8
Multi-Layer
100
AcDbCircle
 10
1.9972431
 20
0.1431122
 30
0.0
 40
0.019685
  0
CIRCLE
  5
1686
330
1F
100
AcDbEntity
  8
Top Solder
100
AcDbCircle
 10
1.9972431
 20
0.1431122
 30
0.0
 40
0.023685
  0
CIRCLE
  5
1687
330
1F
100
AcDbEntity
  8
Multi-Layer
100
AcDbCircle
 10
2.0472431
 20
0.0931122
 30
0.0
 40
0.019685
  0
CIRCLE
  5
1688
330
1F
100
AcDbEntity
  8
Top Solder
100
AcDbCircle
 10
2.0472431
 20
0.0931122
 30
0.0
 40
0.023685
  0
CIRCLE
  5
1689
330
1F
100
AcDbEntity
  8
Multi-Layer
100
AcDbCircle
 10
2.0472431
 20
0.1431122
 30
0.0
 40
0.019685
  0
CIRCLE
  5
168A
330
1F
100
AcDbEntity
  8
Top Solder
100
AcDbCircle
 10
2.0472431
 20
0.1431122
 30
0.0
 40
0.023685
  0
CIRCLE
  5
168B
330
1F
100
AcDbEntity
  8
Multi-Layer
100
AcDbCircle
 10
2.0972431
 20
0.0931122
 30
0.0
 40
0.019685
  0
CIRCLE
  5
168C
330
1F
100
AcDbEntity
  8
Top Solder
100
AcDbCircle
 10
2.0972431
 20
0.0931122
 30
0.0
 40
0.023685
  0
CIRCLE
  5
168D
330
1F
100
AcDbEntity
  8
Multi-Layer
100
AcDbCircle
 10
2.0972431
 20
0.1431122
 30
0.0
 40
0.019685
  0
CIRCLE
  5
168E
330
1F
100
AcDbEntity
  8
Top Solder
100
AcDbCircle
 10
2.0972431
 20
0.1431122
 30
0.0
 40
0.023685
  0
CIRCLE
  5
168F
330
1F
100
AcDbEntity
  8
Multi-Layer
100
AcDbCircle
 10
2.1472431
 20
0.0931122
 30
0.0
 40
0.019685
  0
CIRCLE
  5
1690
330
1F
100
AcDbEntity
  8
Top Solder
100
AcDbCircle
 10
2.1472431
 20
0.0931122
 30
0.0
 40
0.023685
  0
CIRCLE
  5
1691
330
1F
100
AcDbEntity
  8
Multi-Layer
100
AcDbCircle
 10
2.1472431
 20
0.1431122
 30
0.0
 40
0.019685
  0
CIRCLE
  5
1692
330
1F
100
AcDbEntity
  8
Top Solder
100
AcDbCircle
 10
2.1472431
 20
0.1431122
 30
0.0
 40
0.023685
  0
CIRCLE
  5
1693
330
1F
100
AcDbEntity
  8
Mechanical 1
100
AcDbCircle
 10
0.1666898
 20
1.7637608
 30
0.0
 40
0.01574
  0
CIRCLE
  5
1694
330
1F
100
AcDbEntity
  8
Mechanical 1
100
AcDbCircle
 10
0.1666898
 20
1.4488008
 30
0.0
 40
0.01574
  0
CIRCLE
  5
1695
330
1F
100
AcDbEntity
  8
Mechanical 1
100
AcDbCircle
 10
0.1666898
 20
1.7637808
 30
0.0
 40
0.019685
  0
CIRCLE
  5
1696
330
1F
100
AcDbEntity
  8
Mechanical 1
100
AcDbCircle
 10
0.1666898
 20
1.4488208
 30
0.0
 40
0.019685
  0
CIRCLE
  5
1697
330
1F
100
AcDbEntity
  8
Keep-Out Layer
100
AcDbCircle
 10
0.1666898
 20
1.7637808
 30
0.0
 40
0.019685
  0
CIRCLE
  5
1698
330
1F
100
AcDbEntity
  8
Keep-Out Layer
100
AcDbCircle
 10
0.1666898
 20
1.4488208
 30
0.0
 40
0.019685
  0
LINE
  5
1699
330
1F
100
AcDbEntity
  8
Multi-Layer
100
AcDbLine
 10
0.1666898
 20
1.7480208
 30
0.0
 11
0.1666898
 21
1.7480208
 31
0.0
  0
LINE
  5
169A
330
1F
100
AcDbEntity
  8
Multi-Layer
100
AcDbLine
 10
0.1666898
 20
1.7480208
 30
0.0
 11
0.1635589
 21
1.7480208
 31
0.0
  0
LINE
  5
169B
330
1F
100
AcDbEntity
  8
Multi-Layer
100
AcDbLine
 10
0.1635589
 20
1.7480208
 30
0.0
 11
0.1577738
 21
1.750417
 31
0.0
  0
LINE
  5
169C
330
1F
100
AcDbEntity
  8
Multi-Layer
100
AcDbLine
 10
0.1577738
 20
1.750417
 30
0.0
 11
0.153346
 21
1.7548448
 31
0.0
  0
LINE
  5
169D
330
1F
100
AcDbEntity
  8
Multi-Layer
100
AcDbLine
 10
0.153346
 20
1.7548448
 30
0.0
 11
0.1509498
 21
1.7606299
 31
0.0
  0
LINE
  5
169E
330
1F
100
AcDbEntity
  8
Multi-Layer
100
AcDbLine
 10
0.1509498
 20
1.7606299
 30
0.0
 11
0.1509498
 21
1.7637608
 31
0.0
  0
LINE
  5
169F
330
1F
100
AcDbEntity
  8
Multi-Layer
100
AcDbLine
 10
0.1509498
 20
1.7637608
 30
0.0
 11
0.1509498
 21
1.7668916
 31
0.0
  0
LINE
  5
16A0
330
1F
100
AcDbEntity
  8
Multi-Layer
100
AcDbLine
 10
0.1509498
 20
1.7668916
 30
0.0
 11
0.153346
 21
1.7726767
 31
0.0
  0
LINE
  5
16A1
330
1F
100
AcDbEntity
  8
Multi-Layer
100
AcDbLine
 10
0.153346
 20
1.7726767
 30
0.0
 11
0.1577738
 21
1.7771045
 31
0.0
  0
LINE
  5
16A2
330
1F
100
AcDbEntity
  8
Multi-Layer
100
AcDbLine
 10
0.1577738
 20
1.7771045
 30
0.0
 11
0.1635589
 21
1.7795008
 31
0.0
  0
LINE
  5
16A3
330
1F
100
AcDbEntity
  8
Multi-Layer
100
AcDbLine
 10
0.1635589
 20
1.7795008
 30
0.0
 11
0.1666898
 21
1.7795008
 31
0.0
  0
LINE
  5
16A4
330
1F
100
AcDbEntity
  8
Multi-Layer
100
AcDbLine
 10
0.1666898
 20
1.7795008
 30
0.0
 11
0.1698206
 21
1.7795008
 31
0.0
  0
LINE
  5
16A5
330
1F
100
AcDbEntity
  8
Multi-Layer
100
AcDbLine
 10
0.1698206
 20
1.7795008
 30
0.0
 11
0.1756057
 21
1.7771045
 31
0.0
  0
LINE
  5
16A6
330
1F
100
AcDbEntity
  8
Multi-Layer
100
AcDbLine
 10
0.1756057
 20
1.7771045
 30
0.0
 11
0.1800335
 21
1.7726767
 31
0.0
  0
LINE
  5
16A7
330
1F
100
AcDbEntity
  8
Multi-Layer
100
AcDbLine
 10
0.1800335
 20
1.7726767
 30
0.0
 11
0.1824298
 21
1.7668916
 31
0.0
  0
LINE
  5
16A8
330
1F
100
AcDbEntity
  8
Multi-Layer
100
AcDbLine
 10
0.1824298
 20
1.7668916
 30
0.0
 11
0.1824298
 21
1.7637608
 31
0.0
  0
LINE
  5
16A9
330
1F
100
AcDbEntity
  8
Multi-Layer
100
AcDbLine
 10
0.1824298
 20
1.7637608
 30
0.0
 11
0.1824298
 21
1.7606299
 31
0.0
  0
LINE
  5
16AA
330
1F
100
AcDbEntity
  8
Multi-Layer
100
AcDbLine
 10
0.1824298
 20
1.7606299
 30
0.0
 11
0.1800335
 21
1.7548448
 31
0.0
  0
LINE
  5
16AB
330
1F
100
AcDbEntity
  8
Multi-Layer
100
AcDbLine
 10
0.1800335
 20
1.7548448
 30
0.0
 11
0.1756057
 21
1.750417
 31
0.0
  0
LINE
  5
16AC
330
1F
100
AcDbEntity
  8
Multi-Layer
100
AcDbLine
 10
0.1756057
 20
1.750417
 30
0.0
 11
0.1698206
 21
1.7480208
 31
0.0
  0
LINE
  5
16AD
330
1F
100
AcDbEntity
  8
Multi-Layer
100
AcDbLine
 10
0.1698206
 20
1.7480208
 30
0.0
 11
0.1666898
 21
1.7480208
 31
0.0
  0
LINE
  5
16AE
330
1F
100
AcDbEntity
  8
Multi-Layer
100
AcDbLine
 10
0.1666898
 20
1.4330608
 30
0.0
 11
0.1666898
 21
1.4330608
 31
0.0
  0
LINE
  5
16AF
330
1F
100
AcDbEntity
  8
Multi-Layer
100
AcDbLine
 10
0.1666898
 20
1.4330608
 30
0.0
 11
0.1635589
 21
1.4330608
 31
0.0
  0
LINE
  5
16B0
330
1F
100
AcDbEntity
  8
Multi-Layer
100
AcDbLine
 10
0.1635589
 20
1.4330608
 30
0.0
 11
0.1577738
 21
1.435457
 31
0.0
  0
LINE
  5
16B1
330
1F
100
AcDbEntity
  8
Multi-Layer
100
AcDbLine
 10
0.1577738
 20
1.435457
 30
0.0
 11
0.153346
 21
1.4398848
 31
0.0
  0
LINE
  5
16B2
330
1F
100
AcDbEntity
  8
Multi-Layer
100
AcDbLine
 10
0.153346
 20
1.4398848
 30
0.0
 11
0.1509498
 21
1.4456699
 31
0.0
  0
LINE
  5
16B3
330
1F
100
AcDbEntity
  8
Multi-Layer
100
AcDbLine
 10
0.1509498
 20
1.4456699
 30
0.0
 11
0.1509498
 21
1.4488008
 31
0.0
  0
LINE
  5
16B4
330
1F
100
AcDbEntity
  8
Multi-Layer
100
AcDbLine
 10
0.1509498
 20
1.4488008
 30
0.0
 11
0.1509498
 21
1.4519316
 31
0.0
  0
LINE
  5
16B5
330
1F
100
AcDbEntity
  8
Multi-Layer
100
AcDbLine
 10
0.1509498
 20
1.4519316
 30
0.0
 11
0.153346
 21
1.4577167
 31
0.0
  0
LINE
  5
16B6
330
1F
100
AcDbEntity
  8
Multi-Layer
100
AcDbLine
 10
0.153346
 20
1.4577167
 30
0.0
 11
0.1577738
 21
1.4621445
 31
0.0
  0
LINE
  5
16B7
330
1F
100
AcDbEntity
  8
Multi-Layer
100
AcDbLine
 10
0.1577738
 20
1.4621445
 30
0.0
 11
0.1635589
 21
1.4645408
 31
0.0
  0
LINE
  5
16B8
330
1F
100
AcDbEntity
  8
Multi-Layer
100
AcDbLine
 10
0.1635589
 20
1.4645408
 30
0.0
 11
0.1666898
 21
1.4645408
 31
0.0
  0
LINE
  5
16B9
330
1F
100
AcDbEntity
  8
Multi-Layer
100
AcDbLine
 10
0.1666898
 20
1.4645408
 30
0.0
 11
0.1698206
 21
1.4645408
 31
0.0
  0
LINE
  5
16BA
330
1F
100
AcDbEntity
  8
Multi-Layer
100
AcDbLine
 10
0.1698206
 20
1.4645408
 30
0.0
 11
0.1756057
 21
1.4621445
 31
0.0
  0
LINE
  5
16BB
330
1F
100
AcDbEntity
  8
Multi-Layer
100
AcDbLine
 10
0.1756057
 20
1.4621445
 30
0.0
 11
0.1800335
 21
1.4577167
 31
0.0
  0
LINE
  5
16BC
330
1F
100
AcDbEntity
  8
Multi-Layer
100
AcDbLine
 10
0.1800335
 20
1.4577167
 30
0.0
 11
0.1824298
 21
1.4519316
 31
0.0
  0
LINE
  5
16BD
330
1F
100
AcDbEntity
  8
Multi-Layer
100
AcDbLine
 10
0.1824298
 20
1.4519316
 30
0.0
 11
0.1824298
 21
1.4488008
 31
0.0
  0
LINE
  5
16BE
330
1F
100
AcDbEntity
  8
Multi-Layer
100
AcDbLine
 10
0.1824298
 20
1.4488008
 30
0.0
 11
0.1824298
 21
1.4456699
 31
0.0
  0
LINE
  5
16BF
330
1F
100
AcDbEntity
  8
Multi-Layer
100
AcDbLine
 10
0.1824298
 20
1.4456699
 30
0.0
 11
0.1800335
 21
1.4398848
 31
0.0
  0
LINE
  5
16C0
330
1F
100
AcDbEntity
  8
Multi-Layer
100
AcDbLine
 10
0.1800335
 20
1.4398848
 30
0.0
 11
0.1756057
 21
1.435457
 31
0.0
  0
LINE
  5
16C1
330
1F
100
AcDbEntity
  8
Multi-Layer
100
AcDbLine
 10
0.1756057
 20
1.435457
 30
0.0
 11
0.1698206
 21
1.4330608
 31
0.0
  0
LINE
  5
16C2
330
1F
100
AcDbEntity
  8
Multi-Layer
100
AcDbLine
 10
0.1698206
 20
1.4330608
 30
0.0
 11
0.1666898
 21
1.4330608
 31
0.0
  0
LINE
  5
16C3
330
1F
100
AcDbEntity
  8
Keep-Out Layer
100
AcDbLine
 10
0.1666898
 20
1.7834658
 30
0.0
 11
0.1666898
 21
1.7834658
 31
0.0
  0
LINE
  5
16C4
330
1F
100
AcDbEntity
  8
Keep-Out Layer
100
AcDbLine
 10
0.1666898
 20
1.7834658
 30
0.0
 11
0.1627742
 21
1.7834658
 31
0.0
  0
LINE
  5
16C5
330
1F
100
AcDbEntity
  8
Keep-Out Layer
100
AcDbLine
 10
0.1627742
 20
1.7834658
 30
0.0
 11
0.1555391
 21
1.7804689
 31
0.0
  0
LINE
  5
16C6
330
1F
100
AcDbEntity
  8
Keep-Out Layer
100
AcDbLine
 10
0.1555391
 20
1.7804689
 30
0.0
 11
0.1500016
 21
1.7749314
 31
0.0
  0
LINE
  5
16C7
330
1F
100
AcDbEntity
  8
Keep-Out Layer
100
AcDbLine
 10
0.1500016
 20
1.7749314
 30
0.0
 11
0.1470048
 21
1.7676963
 31
0.0
  0
LINE
  5
16C8
330
1F
100
AcDbEntity
  8
Keep-Out Layer
100
AcDbLine
 10
0.1470048
 20
1.7676963
 30
0.0
 11
0.1470048
 21
1.7598652
 31
0.0
  0
LINE
  5
16C9
330
1F
100
AcDbEntity
  8
Keep-Out Layer
100
AcDbLine
 10
0.1470048
 20
1.7598652
 30
0.0
 11
0.1500016
 21
1.7526301
 31
0.0
  0
LINE
  5
16CA
330
1F
100
AcDbEntity
  8
Keep-Out Layer
100
AcDbLine
 10
0.1500016
 20
1.7526301
 30
0.0
 11
0.1555391
 21
1.7470926
 31
0.0
  0
LINE
  5
16CB
330
1F
100
AcDbEntity
  8
Keep-Out Layer
100
AcDbLine
 10
0.1555391
 20
1.7470926
 30
0.0
 11
0.1627742
 21
1.7440958
 31
0.0
  0
LINE
  5
16CC
330
1F
100
AcDbEntity
  8
Keep-Out Layer
100
AcDbLine
 10
0.1627742
 20
1.7440958
 30
0.0
 11
0.1666898
 21
1.7440958
 31
0.0
  0
LINE
  5
16CD
330
1F
100
AcDbEntity
  8
Keep-Out Layer
100
AcDbLine
 10
0.1666898
 20
1.7440958
 30
0.0
 11
0.1706053
 21
1.7440958
 31
0.0
  0
LINE
  5
16CE
330
1F
100
AcDbEntity
  8
Keep-Out Layer
100
AcDbLine
 10
0.1706053
 20
1.7440958
 30
0.0
 11
0.1778404
 21
1.7470926
 31
0.0
  0
LINE
  5
16CF
330
1F
100
AcDbEntity
  8
Keep-Out Layer
100
AcDbLine
 10
0.1778404
 20
1.7470926
 30
0.0
 11
0.1833779
 21
1.7526301
 31
0.0
  0
LINE
  5
16D0
330
1F
100
AcDbEntity
  8
Keep-Out Layer
100
AcDbLine
 10
0.1833779
 20
1.7526301
 30
0.0
 11
0.1863748
 21
1.7598652
 31
0.0
  0
LINE
  5
16D1
330
1F
100
AcDbEntity
  8
Keep-Out Layer
100
AcDbLine
 10
0.1863748
 20
1.7598652
 30
0.0
 11
0.1863748
 21
1.7676963
 31
0.0
  0
LINE
  5
16D2
330
1F
100
AcDbEntity
  8
Keep-Out Layer
100
AcDbLine
 10
0.1863748
 20
1.7676963
 30
0.0
 11
0.1833779
 21
1.7749314
 31
0.0
  0
LINE
  5
16D3
330
1F
100
AcDbEntity
  8
Keep-Out Layer
100
AcDbLine
 10
0.1833779
 20
1.7749314
 30
0.0
 11
0.1778404
 21
1.7804689
 31
0.0
  0
LINE
  5
16D4
330
1F
100
AcDbEntity
  8
Keep-Out Layer
100
AcDbLine
 10
0.1778404
 20
1.7804689
 30
0.0
 11
0.1706053
 21
1.7834658
 31
0.0
  0
LINE
  5
16D5
330
1F
100
AcDbEntity
  8
Keep-Out Layer
100
AcDbLine
 10
0.1706053
 20
1.7834658
 30
0.0
 11
0.1666898
 21
1.7834658
 31
0.0
  0
LINE
  5
16D6
330
1F
100
AcDbEntity
  8
Keep-Out Layer
100
AcDbLine
 10
0.1666898
 20
1.7834658
 30
0.0
 11
0.1666898
 21
1.7834658
 31
0.0
  0
LINE
  5
16D7
330
1F
100
AcDbEntity
  8
Keep-Out Layer
100
AcDbLine
 10
0.1666898
 20
1.7834658
 30
0.0
 11
0.1666898
 21
1.7834658
 31
0.0
  0
LINE
  5
16D8
330
1F
100
AcDbEntity
  8
Keep-Out Layer
100
AcDbLine
 10
0.1666898
 20
1.7834658
 30
0.0
 11
0.1627742
 21
1.7834658
 31
0.0
  0
LINE
  5
16D9
330
1F
100
AcDbEntity
  8
Keep-Out Layer
100
AcDbLine
 10
0.1627742
 20
1.7834658
 30
0.0
 11
0.1555391
 21
1.7804689
 31
0.0
  0
LINE
  5
16DA
330
1F
100
AcDbEntity
  8
Keep-Out Layer
100
AcDbLine
 10
0.1555391
 20
1.7804689
 30
0.0
 11
0.1500016
 21
1.7749314
 31
0.0
  0
LINE
  5
16DB
330
1F
100
AcDbEntity
  8
Keep-Out Layer
100
AcDbLine
 10
0.1500016
 20
1.7749314
 30
0.0
 11
0.1470048
 21
1.7676963
 31
0.0
  0
LINE
  5
16DC
330
1F
100
AcDbEntity
  8
Keep-Out Layer
100
AcDbLine
 10
0.1470048
 20
1.7676963
 30
0.0
 11
0.1470048
 21
1.7598652
 31
0.0
  0
LINE
  5
16DD
330
1F
100
AcDbEntity
  8
Keep-Out Layer
100
AcDbLine
 10
0.1470048
 20
1.7598652
 30
0.0
 11
0.1500016
 21
1.7526301
 31
0.0
  0
LINE
  5
16DE
330
1F
100
AcDbEntity
  8
Keep-Out Layer
100
AcDbLine
 10
0.1500016
 20
1.7526301
 30
0.0
 11
0.1555391
 21
1.7470926
 31
0.0
  0
LINE
  5
16DF
330
1F
100
AcDbEntity
  8
Keep-Out Layer
100
AcDbLine
 10
0.1555391
 20
1.7470926
 30
0.0
 11
0.1627742
 21
1.7440958
 31
0.0
  0
LINE
  5
16E0
330
1F
100
AcDbEntity
  8
Keep-Out Layer
100
AcDbLine
 10
0.1627742
 20
1.7440958
 30
0.0
 11
0.1666898
 21
1.7440958
 31
0.0
  0
LINE
  5
16E1
330
1F
100
AcDbEntity
  8
Keep-Out Layer
100
AcDbLine
 10
0.1666898
 20
1.7440958
 30
0.0
 11
0.1706053
 21
1.7440958
 31
0.0
  0
LINE
  5
16E2
330
1F
100
AcDbEntity
  8
Keep-Out Layer
100
AcDbLine
 10
0.1706053
 20
1.7440958
 30
0.0
 11
0.1778404
 21
1.7470926
 31
0.0
  0
LINE
  5
16E3
330
1F
100
AcDbEntity
  8
Keep-Out Layer
100
AcDbLine
 10
0.1778404
 20
1.7470926
 30
0.0
 11
0.1833779
 21
1.7526301
 31
0.0
  0
LINE
  5
16E4
330
1F
100
AcDbEntity
  8
Keep-Out Layer
100
AcDbLine
 10
0.1833779
 20
1.7526301
 30
0.0
 11
0.1863748
 21
1.7598652
 31
0.0
  0
LINE
  5
16E5
330
1F
100
AcDbEntity
  8
Keep-Out Layer
100
AcDbLine
 10
0.1863748
 20
1.7598652
 30
0.0
 11
0.1863748
 21
1.7676963
 31
0.0
  0
LINE
  5
16E6
330
1F
100
AcDbEntity
  8
Keep-Out Layer
100
AcDbLine
 10
0.1863748
 20
1.7676963
 30
0.0
 11
0.1833779
 21
1.7749314
 31
0.0
  0
LINE
  5
16E7
330
1F
100
AcDbEntity
  8
Keep-Out Layer
100
AcDbLine
 10
0.1833779
 20
1.7749314
 30
0.0
 11
0.1778404
 21
1.7804689
 31
0.0
  0
LINE
  5
16E8
330
1F
100
AcDbEntity
  8
Keep-Out Layer
100
AcDbLine
 10
0.1778404
 20
1.7804689
 30
0.0
 11
0.1706053
 21
1.7834658
 31
0.0
  0
LINE
  5
16E9
330
1F
100
AcDbEntity
  8
Keep-Out Layer
100
AcDbLine
 10
0.1706053
 20
1.7834658
 30
0.0
 11
0.1666898
 21
1.7834658
 31
0.0
  0
LINE
  5
16EA
330
1F
100
AcDbEntity
  8
Keep-Out Layer
100
AcDbLine
 10
0.1666898
 20
1.7834658
 30
0.0
 11
0.1666898
 21
1.7834658
 31
0.0
  0
LINE
  5
16EB
330
1F
100
AcDbEntity
  8
Keep-Out Layer
100
AcDbLine
 10
0.1666898
 20
1.4685058
 30
0.0
 11
0.1666898
 21
1.4685058
 31
0.0
  0
LINE
  5
16EC
330
1F
100
AcDbEntity
  8
Keep-Out Layer
100
AcDbLine
 10
0.1666898
 20
1.4685058
 30
0.0
 11
0.1627742
 21
1.4685058
 31
0.0
  0
LINE
  5
16ED
330
1F
100
AcDbEntity
  8
Keep-Out Layer
100
AcDbLine
 10
0.1627742
 20
1.4685058
 30
0.0
 11
0.1555391
 21
1.4655089
 31
0.0
  0
LINE
  5
16EE
330
1F
100
AcDbEntity
  8
Keep-Out Layer
100
AcDbLine
 10
0.1555391
 20
1.4655089
 30
0.0
 11
0.1500016
 21
1.4599714
 31
0.0
  0
LINE
  5
16EF
330
1F
100
AcDbEntity
  8
Keep-Out Layer
100
AcDbLine
 10
0.1500016
 20
1.4599714
 30
0.0
 11
0.1470048
 21
1.4527363
 31
0.0
  0
LINE
  5
16F0
330
1F
100
AcDbEntity
  8
Keep-Out Layer
100
AcDbLine
 10
0.1470048
 20
1.4527363
 30
0.0
 11
0.1470048
 21
1.4449052
 31
0.0
  0
LINE
  5
16F1
330
1F
100
AcDbEntity
  8
Keep-Out Layer
100
AcDbLine
 10
0.1470048
 20
1.4449052
 30
0.0
 11
0.1500016
 21
1.4376701
 31
0.0
  0
LINE
  5
16F2
330
1F
100
AcDbEntity
  8
Keep-Out Layer
100
AcDbLine
 10
0.1500016
 20
1.4376701
 30
0.0
 11
0.1555391
 21
1.4321326
 31
0.0
  0
LINE
  5
16F3
330
1F
100
AcDbEntity
  8
Keep-Out Layer
100
AcDbLine
 10
0.1555391
 20
1.4321326
 30
0.0
 11
0.1627742
 21
1.4291358
 31
0.0
  0
LINE
  5
16F4
330
1F
100
AcDbEntity
  8
Keep-Out Layer
100
AcDbLine
 10
0.1627742
 20
1.4291358
 30
0.0
 11
0.1666898
 21
1.4291358
 31
0.0
  0
LINE
  5
16F5
330
1F
100
AcDbEntity
  8
Keep-Out Layer
100
AcDbLine
 10
0.1666898
 20
1.4291358
 30
0.0
 11
0.1706053
 21
1.4291358
 31
0.0
  0
LINE
  5
16F6
330
1F
100
AcDbEntity
  8
Keep-Out Layer
100
AcDbLine
 10
0.1706053
 20
1.4291358
 30
0.0
 11
0.1778404
 21
1.4321326
 31
0.0
  0
LINE
  5
16F7
330
1F
100
AcDbEntity
  8
Keep-Out Layer
100
AcDbLine
 10
0.1778404
 20
1.4321326
 30
0.0
 11
0.1833779
 21
1.4376701
 31
0.0
  0
LINE
  5
16F8
330
1F
100
AcDbEntity
  8
Keep-Out Layer
100
AcDbLine
 10
0.1833779
 20
1.4376701
 30
0.0
 11
0.1863748
 21
1.4449052
 31
0.0
  0
LINE
  5
16F9
330
1F
100
AcDbEntity
  8
Keep-Out Layer
100
AcDbLine
 10
0.1863748
 20
1.4449052
 30
0.0
 11
0.1863748
 21
1.4527363
 31
0.0
  0
LINE
  5
16FA
330
1F
100
AcDbEntity
  8
Keep-Out Layer
100
AcDbLine
 10
0.1863748
 20
1.4527363
 30
0.0
 11
0.1833779
 21
1.4599714
 31
0.0
  0
LINE
  5
16FB
330
1F
100
AcDbEntity
  8
Keep-Out Layer
100
AcDbLine
 10
0.1833779
 20
1.4599714
 30
0.0
 11
0.1778404
 21
1.4655089
 31
0.0
  0
LINE
  5
16FC
330
1F
100
AcDbEntity
  8
Keep-Out Layer
100
AcDbLine
 10
0.1778404
 20
1.4655089
 30
0.0
 11
0.1706053
 21
1.4685058
 31
0.0
  0
LINE
  5
16FD
330
1F
100
AcDbEntity
  8
Keep-Out Layer
100
AcDbLine
 10
0.1706053
 20
1.4685058
 30
0.0
 11
0.1666898
 21
1.4685058
 31
0.0
  0
LINE
  5
16FE
330
1F
100
AcDbEntity
  8
Keep-Out Layer
100
AcDbLine
 10
0.1666898
 20
1.4685058
 30
0.0
 11
0.1666898
 21
1.4685058
 31
0.0
  0
LINE
  5
16FF
330
1F
100
AcDbEntity
  8
Keep-Out Layer
100
AcDbLine
 10
0.1666898
 20
1.4685058
 30
0.0
 11
0.1666898
 21
1.4685058
 31
0.0
  0
LINE
  5
1700
330
1F
100
AcDbEntity
  8
Keep-Out Layer
100
AcDbLine
 10
0.1666898
 20
1.4685058
 30
0.0
 11
0.1627742
 21
1.4685058
 31
0.0
  0
LINE
  5
1701
330
1F
100
AcDbEntity
  8
Keep-Out Layer
100
AcDbLine
 10
0.1627742
 20
1.4685058
 30
0.0
 11
0.1555391
 21
1.4655089
 31
0.0
  0
LINE
  5
1702
330
1F
100
AcDbEntity
  8
Keep-Out Layer
100
AcDbLine
 10
0.1555391
 20
1.4655089
 30
0.0
 11
0.1500016
 21
1.4599714
 31
0.0
  0
LINE
  5
1703
330
1F
100
AcDbEntity
  8
Keep-Out Layer
100
AcDbLine
 10
0.1500016
 20
1.4599714
 30
0.0
 11
0.1470048
 21
1.4527363
 31
0.0
  0
LINE
  5
1704
330
1F
100
AcDbEntity
  8
Keep-Out Layer
100
AcDbLine
 10
0.1470048
 20
1.4527363
 30
0.0
 11
0.1470048
 21
1.4449052
 31
0.0
  0
LINE
  5
1705
330
1F
100
AcDbEntity
  8
Keep-Out Layer
100
AcDbLine
 10
0.1470048
 20
1.4449052
 30
0.0
 11
0.1500016
 21
1.4376701
 31
0.0
  0
LINE
  5
1706
330
1F
100
AcDbEntity
  8
Keep-Out Layer
100
AcDbLine
 10
0.1500016
 20
1.4376701
 30
0.0
 11
0.1555391
 21
1.4321326
 31
0.0
  0
LINE
  5
1707
330
1F
100
AcDbEntity
  8
Keep-Out Layer
100
AcDbLine
 10
0.1555391
 20
1.4321326
 30
0.0
 11
0.1627742
 21
1.4291358
 31
0.0
  0
LINE
  5
1708
330
1F
100
AcDbEntity
  8
Keep-Out Layer
100
AcDbLine
 10
0.1627742
 20
1.4291358
 30
0.0
 11
0.1666898
 21
1.4291358
 31
0.0
  0
LINE
  5
1709
330
1F
100
AcDbEntity
  8
Keep-Out Layer
100
AcDbLine
 10
0.1666898
 20
1.4291358
 30
0.0
 11
0.1706053
 21
1.4291358
 31
0.0
  0
LINE
  5
170A
330
1F
100
AcDbEntity
  8
Keep-Out Layer
100
AcDbLine
 10
0.1706053
 20
1.4291358
 30
0.0
 11
0.1778404
 21
1.4321326
 31
0.0
  0
LINE
  5
170B
330
1F
100
AcDbEntity
  8
Keep-Out Layer
100
AcDbLine
 10
0.1778404
 20
1.4321326
 30
0.0
 11
0.1833779
 21
1.4376701
 31
0.0
  0
LINE
  5
170C
330
1F
100
AcDbEntity
  8
Keep-Out Layer
100
AcDbLine
 10
0.1833779
 20
1.4376701
 30
0.0
 11
0.1863748
 21
1.4449052
 31
0.0
  0
LINE
  5
170D
330
1F
100
AcDbEntity
  8
Keep-Out Layer
100
AcDbLine
 10
0.1863748
 20
1.4449052
 30
0.0
 11
0.1863748
 21
1.4527363
 31
0.0
  0
LINE
  5
170E
330
1F
100
AcDbEntity
  8
Keep-Out Layer
100
AcDbLine
 10
0.1863748
 20
1.4527363
 30
0.0
 11
0.1833779
 21
1.4599714
 31
0.0
  0
LINE
  5
170F
330
1F
100
AcDbEntity
  8
Keep-Out Layer
100
AcDbLine
 10
0.1833779
 20
1.4599714
 30
0.0
 11
0.1778404
 21
1.4655089
 31
0.0
  0
LINE
  5
1710
330
1F
100
AcDbEntity
  8
Keep-Out Layer
100
AcDbLine
 10
0.1778404
 20
1.4655089
 30
0.0
 11
0.1706053
 21
1.4685058
 31
0.0
  0
LINE
  5
1711
330
1F
100
AcDbEntity
  8
Keep-Out Layer
100
AcDbLine
 10
0.1706053
 20
1.4685058
 30
0.0
 11
0.1666898
 21
1.4685058
 31
0.0
  0
LINE
  5
1712
330
1F
100
AcDbEntity
  8
Keep-Out Layer
100
AcDbLine
 10
0.1666898
 20
1.4685058
 30
0.0
 11
0.1666898
 21
1.4685058
 31
0.0
  0
LINE
  5
1713
330
1F
100
AcDbEntity
  8
Top Courtyard
100
AcDbLine
 10
0.4580318
 20
1.4074808
 30
0.0
 11
0.4580318
 21
1.4074808
 31
0.0
  0
LINE
  5
1714
330
1F
100
AcDbEntity
  8
Top Courtyard
100
AcDbLine
 10
0.4580318
 20
1.4074808
 30
0.0
 11
0.4580318
 21
1.8799208
 31
0.0
  0
LINE
  5
1715
330
1F
100
AcDbEntity
  8
Top Courtyard
100
AcDbLine
 10
0.4580318
 20
1.8799208
 30
0.0
 11
0.4186618
 21
1.8799208
 31
0.0
  0
LINE
  5
1716
330
1F
100
AcDbEntity
  8
Top Courtyard
100
AcDbLine
 10
0.4186618
 20
1.8799208
 30
0.0
 11
0.4186618
 21
1.4074808
 31
0.0
  0
LINE
  5
1717
330
1F
100
AcDbEntity
  8
Top Courtyard
100
AcDbLine
 10
0.4186618
 20
1.4074808
 30
0.0
 11
0.4580318
 21
1.4074808
 31
0.0
  0
LINE
  5
1718
330
1F
100
AcDbEntity
  8
Top Courtyard
100
AcDbLine
 10
0.0052758
 20
1.9192918
 30
0.0
 11
0.0052758
 21
1.9192918
 31
0.0
  0
LINE
  5
1719
330
1F
100
AcDbEntity
  8
Top Courtyard
100
AcDbLine
 10
0.0052758
 20
1.9192918
 30
0.0
 11
0.4580318
 21
1.9192918
 31
0.0
  0
LINE
  5
171A
330
1F
100
AcDbEntity
  8
Top Courtyard
100
AcDbLine
 10
0.4580318
 20
1.9192918
 30
0.0
 11
0.4580318
 21
1.8799208
 31
0.0
  0
LINE
  5
171B
330
1F
100
AcDbEntity
  8
Top Courtyard
100
AcDbLine
 10
0.4580318
 20
1.8799208
 30
0.0
 11
0.0052758
 21
1.8799208
 31
0.0
  0
LINE
  5
171C
330
1F
100
AcDbEntity
  8
Top Courtyard
100
AcDbLine
 10
0.0052758
 20
1.8799208
 30
0.0
 11
0.0052758
 21
1.9192918
 31
0.0
  0
LINE
  5
171D
330
1F
100
AcDbEntity
  8
Top Courtyard
100
AcDbLine
 10
0.0052758
 20
1.3681098
 30
0.0
 11
0.0052758
 21
1.3681098
 31
0.0
  0
LINE
  5
171E
330
1F
100
AcDbEntity
  8
Top Courtyard
100
AcDbLine
 10
0.0052758
 20
1.3681098
 30
0.0
 11
0.4580318
 21
1.3681098
 31
0.0
  0
LINE
  5
171F
330
1F
100
AcDbEntity
  8
Top Courtyard
100
AcDbLine
 10
0.4580318
 20
1.3681098
 30
0.0
 11
0.4580318
 21
1.4074808
 31
0.0
  0
LINE
  5
1720
330
1F
100
AcDbEntity
  8
Top Courtyard
100
AcDbLine
 10
0.4580318
 20
1.4074808
 30
0.0
 11
0.0052758
 21
1.4074808
 31
0.0
  0
LINE
  5
1721
330
1F
100
AcDbEntity
  8
Top Courtyard
100
AcDbLine
 10
0.0052758
 20
1.4074808
 30
0.0
 11
0.0052758
 21
1.3681098
 31
0.0
  0
LINE
  5
1722
330
1F
100
AcDbEntity
  8
Top Overlay
100
AcDbLine
 10
2.1873581
 20
1.6789448
 30
0.0
 11
2.1873581
 21
1.7029449
 31
0.0
  0
LINE
  5
1723
330
1F
100
AcDbEntity
  8
Top Overlay
100
AcDbLine
 10
2.2975943
 20
1.678945
 30
0.0
 11
2.2975944
 21
1.6789451
 31
0.0
  0
LINE
  5
1724
330
1F
100
AcDbEntity
  8
Top Overlay
100
AcDbLine
 10
2.2564172
 20
1.6631969
 30
0.0
 11
2.2818462
 21
1.6631969
 31
0.0
  0
LINE
  5
1725
330
1F
100
AcDbEntity
  8
Top Overlay
100
AcDbLine
 10
2.2975944
 20
1.6789451
 30
0.0
 11
2.2975944
 21
1.7029448
 31
0.0
  0
LINE
  5
1726
330
1F
100
AcDbEntity
  8
Top Overlay
100
AcDbLine
 10
2.2564172
 20
1.7186929
 30
0.0
 11
2.2818463
 21
1.7186929
 31
0.0
  0
LINE
  5
1727
330
1F
100
AcDbEntity
  8
Top Overlay
100
AcDbLine
 10
2.2031061
 20
1.718693
 30
0.0
 11
2.2294172
 21
1.718693
 31
0.0
  0
LINE
  5
1728
330
1F
100
AcDbEntity
  8
Top Overlay
100
AcDbLine
 10
2.2031062
 20
1.6631967
 30
0.0
 11
2.2284172
 21
1.6631967
 31
0.0
  0
LINE
  5
1729
330
1F
100
AcDbEntity
  8
Top Overlay
100
AcDbLine
 10
2.2374172
 20
1.6786337
 30
0.0
 11
2.2374172
 21
1.7049448
 31
0.0
  0
LINE
  5
172A
330
1F
100
AcDbEntity
  8
Top Overlay
100
AcDbLine
 10
2.2464172
 20
1.6786337
 30
0.0
 11
2.2464172
 21
1.7049448
 31
0.0
  0
ARC
  5
172B
330
1F
100
AcDbEntity
  8
Top Overlay
100
AcDbCircle
 10
2.2818463
 20
1.6789449
 30
0.0
 40
0.0157481
100
AcDbArc
 50
270.0
 51
0.0
  0
ARC
  5
172C
330
1F
100
AcDbEntity
  8
Top Overlay
100
AcDbCircle
 10
2.2818463
 20
1.7029448
 30
0.0
 40
0.0157481
100
AcDbArc
 50
0.0
 51
90.0
  0
ARC
  5
172D
330
1F
100
AcDbEntity
  8
Top Overlay
100
AcDbCircle
 10
2.2031061
 20
1.7029449
 30
0.0
 40
0.0157481
100
AcDbArc
 50
90.0
 51
180.0
  0
ARC
  5
172E
330
1F
100
AcDbEntity
  8
Top Overlay
100
AcDbCircle
 10
2.2031062
 20
1.6789448
 30
0.0
 40
0.0157481
100
AcDbArc
 50
180.0
 51
270.0
  0
LINE
  5
172F
330
1F
100
AcDbEntity
  8
Top Paste
100
AcDbLine
 10
2.25766915
 20
1.70866135
 30
0.0
 11
2.28916525
 21
1.70866135
 31
0.0
  0
LINE
  5
1730
330
1F
100
AcDbEntity
  8
Top Paste
100
AcDbLine
 10
2.28916525
 20
1.70866135
 30
0.0
 11
2.28916525
 21
1.67322825
 31
0.0
  0
LINE
  5
1731
330
1F
100
AcDbEntity
  8
Top Paste
100
AcDbLine
 10
2.28916525
 20
1.67322825
 30
0.0
 11
2.25766915
 21
1.67322825
 31
0.0
  0
LINE
  5
1732
330
1F
100
AcDbEntity
  8
Top Paste
100
AcDbLine
 10
2.25766915
 20
1.67322825
 30
0.0
 11
2.25766915
 21
1.70866135
 31
0.0
  0
LINE
  5
1733
330
1F
100
AcDbEntity
  8
Top Solder
100
AcDbLine
 10
2.25366915
 20
1.71266135
 30
0.0
 11
2.29316525
 21
1.71266135
 31
0.0
  0
LINE
  5
1734
330
1F
100
AcDbEntity
  8
Top Solder
100
AcDbLine
 10
2.29316525
 20
1.71266135
 30
0.0
 11
2.29316525
 21
1.66922825
 31
0.0
  0
LINE
  5
1735
330
1F
100
AcDbEntity
  8
Top Solder
100
AcDbLine
 10
2.29316525
 20
1.66922825
 30
0.0
 11
2.25366915
 21
1.66922825
 31
0.0
  0
LINE
  5
1736
330
1F
100
AcDbEntity
  8
Top Solder
100
AcDbLine
 10
2.25366915
 20
1.66922825
 30
0.0
 11
2.25366915
 21
1.71266135
 31
0.0
  0
LINE
  5
1737
330
1F
100
AcDbEntity
  8
Top Paste
100
AcDbLine
 10
2.19566915
 20
1.70866135
 30
0.0
 11
2.22716525
 21
1.70866135
 31
0.0
  0
LINE
  5
1738
330
1F
100
AcDbEntity
  8
Top Paste
100
AcDbLine
 10
2.22716525
 20
1.70866135
 30
0.0
 11
2.22716525
 21
1.67322825
 31
0.0
  0
LINE
  5
1739
330
1F
100
AcDbEntity
  8
Top Paste
100
AcDbLine
 10
2.22716525
 20
1.67322825
 30
0.0
 11
2.19566915
 21
1.67322825
 31
0.0
  0
LINE
  5
173A
330
1F
100
AcDbEntity
  8
Top Paste
100
AcDbLine
 10
2.19566915
 20
1.67322825
 30
0.0
 11
2.19566915
 21
1.70866135
 31
0.0
  0
LINE
  5
173B
330
1F
100
AcDbEntity
  8
Top Solder
100
AcDbLine
 10
2.19166915
 20
1.71266135
 30
0.0
 11
2.23116525
 21
1.71266135
 31
0.0
  0
LINE
  5
173C
330
1F
100
AcDbEntity
  8
Top Solder
100
AcDbLine
 10
2.23116525
 20
1.71266135
 30
0.0
 11
2.23116525
 21
1.66922825
 31
0.0
  0
LINE
  5
173D
330
1F
100
AcDbEntity
  8
Top Solder
100
AcDbLine
 10
2.23116525
 20
1.66922825
 30
0.0
 11
2.19166915
 21
1.66922825
 31
0.0
  0
LINE
  5
173E
330
1F
100
AcDbEntity
  8
Top Solder
100
AcDbLine
 10
2.19166915
 20
1.66922825
 30
0.0
 11
2.19166915
 21
1.71266135
 31
0.0
  0
LINE
  5
173F
330
1F
100
AcDbEntity
  8
Top Overlay
100
AcDbLine
 10
2.3002322
 20
1.4458738
 30
0.0
 11
2.3002322
 21
1.4698739
 31
0.0
  0
LINE
  5
1740
330
1F
100
AcDbEntity
  8
Top Overlay
100
AcDbLine
 10
2.1899959
 20
1.4698736
 30
0.0
 11
2.189996
 21
1.4698737
 31
0.0
  0
LINE
  5
1741
330
1F
100
AcDbEntity
  8
Top Overlay
100
AcDbLine
 10
2.2057441
 20
1.4856218
 30
0.0
 11
2.2311731
 21
1.4856218
 31
0.0
  0
LINE
  5
1742
330
1F
100
AcDbEntity
  8
Top Overlay
100
AcDbLine
 10
2.1899959
 20
1.4458739
 30
0.0
 11
2.1899959
 21
1.4698736
 31
0.0
  0
LINE
  5
1743
330
1F
100
AcDbEntity
  8
Top Overlay
100
AcDbLine
 10
2.205744
 20
1.4301258
 30
0.0
 11
2.2311731
 21
1.4301258
 31
0.0
  0
LINE
  5
1744
330
1F
100
AcDbEntity
  8
Top Overlay
100
AcDbLine
 10
2.2581731
 20
1.4301257
 30
0.0
 11
2.2844842
 21
1.4301257
 31
0.0
  0
LINE
  5
1745
330
1F
100
AcDbEntity
  8
Top Overlay
100
AcDbLine
 10
2.2591731
 20
1.485622
 30
0.0
 11
2.2844841
 21
1.485622
 31
0.0
  0
LINE
  5
1746
330
1F
100
AcDbEntity
  8
Top Overlay
100
AcDbLine
 10
2.2501731
 20
1.4438739
 30
0.0
 11
2.2501731
 21
1.470185
 31
0.0
  0
LINE
  5
1747
330
1F
100
AcDbEntity
  8
Top Overlay
100
AcDbLine
 10
2.2411731
 20
1.4438739
 30
0.0
 11
2.2411731
 21
1.470185
 31
0.0
  0
ARC
  5
1748
330
1F
100
AcDbEntity
  8
Top Overlay
100
AcDbCircle
 10
2.205744
 20
1.4698738
 30
0.0
 40
0.0157481
100
AcDbArc
 50
90.0
 51
180.0
  0
ARC
  5
1749
330
1F
100
AcDbEntity
  8
Top Overlay
100
AcDbCircle
 10
2.205744
 20
1.4458739
 30
0.0
 40
0.0157481
100
AcDbArc
 50
180.0
 51
270.0
  0
ARC
  5
174A
330
1F
100
AcDbEntity
  8
Top Overlay
100
AcDbCircle
 10
2.2844842
 20
1.4458738
 30
0.0
 40
0.0157481
100
AcDbArc
 50
270.0
 51
0.0
  0
ARC
  5
174B
330
1F
100
AcDbEntity
  8
Top Overlay
100
AcDbCircle
 10
2.2844841
 20
1.4698739
 30
0.0
 40
0.0157481
100
AcDbArc
 50
0.0
 51
90.0
  0
LINE
  5
174C
330
1F
100
AcDbEntity
  8
Top Paste
100
AcDbLine
 10
2.22992115
 20
1.44015735
 30
0.0
 11
2.19842505
 21
1.44015735
 31
0.0
  0
LINE
  5
174D
330
1F
100
AcDbEntity
  8
Top Paste
100
AcDbLine
 10
2.19842505
 20
1.44015735
 30
0.0
 11
2.19842505
 21
1.47559045
 31
0.0
  0
LINE
  5
174E
330
1F
100
AcDbEntity
  8
Top Paste
100
AcDbLine
 10
2.19842505
 20
1.47559045
 30
0.0
 11
2.22992115
 21
1.47559045
 31
0.0
  0
LINE
  5
174F
330
1F
100
AcDbEntity
  8
Top Paste
100
AcDbLine
 10
2.22992115
 20
1.47559045
 30
0.0
 11
2.22992115
 21
1.44015735
 31
0.0
  0
LINE
  5
1750
330
1F
100
AcDbEntity
  8
Top Solder
100
AcDbLine
 10
2.23392115
 20
1.43615735
 30
0.0
 11
2.19442505
 21
1.43615735
 31
0.0
  0
LINE
  5
1751
330
1F
100
AcDbEntity
  8
Top Solder
100
AcDbLine
 10
2.19442505
 20
1.43615735
 30
0.0
 11
2.19442505
 21
1.47959045
 31
0.0
  0
LINE
  5
1752
330
1F
100
AcDbEntity
  8
Top Solder
100
AcDbLine
 10
2.19442505
 20
1.47959045
 30
0.0
 11
2.23392115
 21
1.47959045
 31
0.0
  0
LINE
  5
1753
330
1F
100
AcDbEntity
  8
Top Solder
100
AcDbLine
 10
2.23392115
 20
1.47959045
 30
0.0
 11
2.23392115
 21
1.43615735
 31
0.0
  0
LINE
  5
1754
330
1F
100
AcDbEntity
  8
Top Paste
100
AcDbLine
 10
2.29192115
 20
1.44015735
 30
0.0
 11
2.26042505
 21
1.44015735
 31
0.0
  0
LINE
  5
1755
330
1F
100
AcDbEntity
  8
Top Paste
100
AcDbLine
 10
2.26042505
 20
1.44015735
 30
0.0
 11
2.26042505
 21
1.47559045
 31
0.0
  0
LINE
  5
1756
330
1F
100
AcDbEntity
  8
Top Paste
100
AcDbLine
 10
2.26042505
 20
1.47559045
 30
0.0
 11
2.29192115
 21
1.47559045
 31
0.0
  0
LINE
  5
1757
330
1F
100
AcDbEntity
  8
Top Paste
100
AcDbLine
 10
2.29192115
 20
1.47559045
 30
0.0
 11
2.29192115
 21
1.44015735
 31
0.0
  0
LINE
  5
1758
330
1F
100
AcDbEntity
  8
Top Solder
100
AcDbLine
 10
2.29592115
 20
1.43615735
 30
0.0
 11
2.25642505
 21
1.43615735
 31
0.0
  0
LINE
  5
1759
330
1F
100
AcDbEntity
  8
Top Solder
100
AcDbLine
 10
2.25642505
 20
1.43615735
 30
0.0
 11
2.25642505
 21
1.47959045
 31
0.0
  0
LINE
  5
175A
330
1F
100
AcDbEntity
  8
Top Solder
100
AcDbLine
 10
2.25642505
 20
1.47959045
 30
0.0
 11
2.29592115
 21
1.47959045
 31
0.0
  0
LINE
  5
175B
330
1F
100
AcDbEntity
  8
Top Solder
100
AcDbLine
 10
2.29592115
 20
1.47959045
 30
0.0
 11
2.29592115
 21
1.43615735
 31
0.0
  0
LINE
  5
175C
330
1F
100
AcDbEntity
  8
Top Overlay
100
AcDbLine
 10
0.9017165
 20
0.9579449
 30
0.0
 11
0.9337165
 21
0.9579449
 31
0.0
  0
LINE
  5
175D
330
1F
100
AcDbEntity
  8
Top Overlay
100
AcDbLine
 10
0.9017165
 20
1.0239449
 30
0.0
 11
0.9337165
 21
1.0239449
 31
0.0
  0
LINE
  5
175E
330
1F
100
AcDbEntity
  8
Top Overlay
100
AcDbLine
 10
0.9337165
 20
0.9579449
 30
0.0
 11
0.9337165
 21
0.9839449
 31
0.0
  0
LINE
  5
175F
330
1F
100
AcDbEntity
  8
Top Overlay
100
AcDbLine
 10
0.9337165
 20
0.9979449
 30
0.0
 11
0.9337165
 21
1.0239449
 31
0.0
  0
LINE
  5
1760
330
1F
100
AcDbEntity
  8
Top Overlay
100
AcDbLine
 10
0.9017165
 20
0.9979449
 30
0.0
 11
0.9017165
 21
1.0239449
 31
0.0
  0
LINE
  5
1761
330
1F
100
AcDbEntity
  8
Top Overlay
100
AcDbLine
 10
0.9017165
 20
0.9579449
 30
0.0
 11
0.9017165
 21
0.9839449
 31
0.0
  0
LINE
  5
1762
330
1F
100
AcDbEntity
  8
Top Paste
100
AcDbLine
 10
0.9295275
 20
1.0199449
 30
0.0
 11
0.9295275
 21
0.9999449
 31
0.0
  0
LINE
  5
1763
330
1F
100
AcDbEntity
  8
Top Paste
100
AcDbLine
 10
0.9295275
 20
0.9999449
 30
0.0
 11
0.9059055
 21
0.9999449
 31
0.0
  0
LINE
  5
1764
330
1F
100
AcDbEntity
  8
Top Paste
100
AcDbLine
 10
0.9059055
 20
0.9999449
 30
0.0
 11
0.9059055
 21
1.0199449
 31
0.0
  0
LINE
  5
1765
330
1F
100
AcDbEntity
  8
Top Paste
100
AcDbLine
 10
0.9059055
 20
1.0199449
 30
0.0
 11
0.9295275
 21
1.0199449
 31
0.0
  0
LINE
  5
1766
330
1F
100
AcDbEntity
  8
Top Solder
100
AcDbLine
 10
0.9315275
 20
1.0219449
 30
0.0
 11
0.9315275
 21
0.9979449
 31
0.0
  0
LINE
  5
1767
330
1F
100
AcDbEntity
  8
Top Solder
100
AcDbLine
 10
0.9315275
 20
0.9979449
 30
0.0
 11
0.9039055
 21
0.9979449
 31
0.0
  0
LINE
  5
1768
330
1F
100
AcDbEntity
  8
Top Solder
100
AcDbLine
 10
0.9039055
 20
0.9979449
 30
0.0
 11
0.9039055
 21
1.0219449
 31
0.0
  0
LINE
  5
1769
330
1F
100
AcDbEntity
  8
Top Solder
100
AcDbLine
 10
0.9039055
 20
1.0219449
 30
0.0
 11
0.9315275
 21
1.0219449
 31
0.0
  0
LINE
  5
176A
330
1F
100
AcDbEntity
  8
Top Paste
100
AcDbLine
 10
0.9295275
 20
0.9819449
 30
0.0
 11
0.9295275
 21
0.9619449
 31
0.0
  0
LINE
  5
176B
330
1F
100
AcDbEntity
  8
Top Paste
100
AcDbLine
 10
0.9295275
 20
0.9619449
 30
0.0
 11
0.9059055
 21
0.9619449
 31
0.0
  0
LINE
  5
176C
330
1F
100
AcDbEntity
  8
Top Paste
100
AcDbLine
 10
0.9059055
 20
0.9619449
 30
0.0
 11
0.9059055
 21
0.9819449
 31
0.0
  0
LINE
  5
176D
330
1F
100
AcDbEntity
  8
Top Paste
100
AcDbLine
 10
0.9059055
 20
0.9819449
 30
0.0
 11
0.9295275
 21
0.9819449
 31
0.0
  0
LINE
  5
176E
330
1F
100
AcDbEntity
  8
Top Solder
100
AcDbLine
 10
0.9315275
 20
0.9839449
 30
0.0
 11
0.9315275
 21
0.9599449
 31
0.0
  0
LINE
  5
176F
330
1F
100
AcDbEntity
  8
Top Solder
100
AcDbLine
 10
0.9315275
 20
0.9599449
 30
0.0
 11
0.9039055
 21
0.9599449
 31
0.0
  0
LINE
  5
1770
330
1F
100
AcDbEntity
  8
Top Solder
100
AcDbLine
 10
0.9039055
 20
0.9599449
 30
0.0
 11
0.9039055
 21
0.9839449
 31
0.0
  0
LINE
  5
1771
330
1F
100
AcDbEntity
  8
Top Solder
100
AcDbLine
 10
0.9039055
 20
0.9839449
 30
0.0
 11
0.9315275
 21
0.9839449
 31
0.0
  0
LINE
  5
1772
330
1F
100
AcDbEntity
  8
Top Overlay
100
AcDbLine
 10
1.3119528
 20
0.951252
 30
0.0
 11
1.3439528
 21
0.951252
 31
0.0
  0
LINE
  5
1773
330
1F
100
AcDbEntity
  8
Top Overlay
100
AcDbLine
 10
1.3119528
 20
1.017252
 30
0.0
 11
1.3439528
 21
1.017252
 31
0.0
  0
LINE
  5
1774
330
1F
100
AcDbEntity
  8
Top Overlay
100
AcDbLine
 10
1.3439528
 20
0.951252
 30
0.0
 11
1.3439528
 21
0.977252
 31
0.0
  0
LINE
  5
1775
330
1F
100
AcDbEntity
  8
Top Overlay
100
AcDbLine
 10
1.3439528
 20
0.991252
 30
0.0
 11
1.3439528
 21
1.017252
 31
0.0
  0
LINE
  5
1776
330
1F
100
AcDbEntity
  8
Top Overlay
100
AcDbLine
 10
1.3119528
 20
0.991252
 30
0.0
 11
1.3119528
 21
1.017252
 31
0.0
  0
LINE
  5
1777
330
1F
100
AcDbEntity
  8
Top Overlay
100
AcDbLine
 10
1.3119528
 20
0.951252
 30
0.0
 11
1.3119528
 21
0.977252
 31
0.0
  0
LINE
  5
1778
330
1F
100
AcDbEntity
  8
Top Paste
100
AcDbLine
 10
1.3397638
 20
1.013252
 30
0.0
 11
1.3397638
 21
0.993252
 31
0.0
  0
LINE
  5
1779
330
1F
100
AcDbEntity
  8
Top Paste
100
AcDbLine
 10
1.3397638
 20
0.993252
 30
0.0
 11
1.3161418
 21
0.993252
 31
0.0
  0
LINE
  5
177A
330
1F
100
AcDbEntity
  8
Top Paste
100
AcDbLine
 10
1.3161418
 20
0.993252
 30
0.0
 11
1.3161418
 21
1.013252
 31
0.0
  0
LINE
  5
177B
330
1F
100
AcDbEntity
  8
Top Paste
100
AcDbLine
 10
1.3161418
 20
1.013252
 30
0.0
 11
1.3397638
 21
1.013252
 31
0.0
  0
LINE
  5
177C
330
1F
100
AcDbEntity
  8
Top Solder
100
AcDbLine
 10
1.3417638
 20
1.015252
 30
0.0
 11
1.3417638
 21
0.991252
 31
0.0
  0
LINE
  5
177D
330
1F
100
AcDbEntity
  8
Top Solder
100
AcDbLine
 10
1.3417638
 20
0.991252
 30
0.0
 11
1.3141418
 21
0.991252
 31
0.0
  0
LINE
  5
177E
330
1F
100
AcDbEntity
  8
Top Solder
100
AcDbLine
 10
1.3141418
 20
0.991252
 30
0.0
 11
1.3141418
 21
1.015252
 31
0.0
  0
LINE
  5
177F
330
1F
100
AcDbEntity
  8
Top Solder
100
AcDbLine
 10
1.3141418
 20
1.015252
 30
0.0
 11
1.3417638
 21
1.015252
 31
0.0
  0
LINE
  5
1780
330
1F
100
AcDbEntity
  8
Top Paste
100
AcDbLine
 10
1.3397638
 20
0.975252
 30
0.0
 11
1.3397638
 21
0.955252
 31
0.0
  0
LINE
  5
1781
330
1F
100
AcDbEntity
  8
Top Paste
100
AcDbLine
 10
1.3397638
 20
0.955252
 30
0.0
 11
1.3161418
 21
0.955252
 31
0.0
  0
LINE
  5
1782
330
1F
100
AcDbEntity
  8
Top Paste
100
AcDbLine
 10
1.3161418
 20
0.955252
 30
0.0
 11
1.3161418
 21
0.975252
 31
0.0
  0
LINE
  5
1783
330
1F
100
AcDbEntity
  8
Top Paste
100
AcDbLine
 10
1.3161418
 20
0.975252
 30
0.0
 11
1.3397638
 21
0.975252
 31
0.0
  0
LINE
  5
1784
330
1F
100
AcDbEntity
  8
Top Solder
100
AcDbLine
 10
1.3417638
 20
0.977252
 30
0.0
 11
1.3417638
 21
0.953252
 31
0.0
  0
LINE
  5
1785
330
1F
100
AcDbEntity
  8
Top Solder
100
AcDbLine
 10
1.3417638
 20
0.953252
 30
0.0
 11
1.3141418
 21
0.953252
 31
0.0
  0
LINE
  5
1786
330
1F
100
AcDbEntity
  8
Top Solder
100
AcDbLine
 10
1.3141418
 20
0.953252
 30
0.0
 11
1.3141418
 21
0.977252
 31
0.0
  0
LINE
  5
1787
330
1F
100
AcDbEntity
  8
Top Solder
100
AcDbLine
 10
1.3141418
 20
0.977252
 30
0.0
 11
1.3417638
 21
0.977252
 31
0.0
  0
LINE
  5
1788
330
1F
100
AcDbEntity
  8
Top Overlay
100
AcDbLine
 10
1.3299921
 20
0.376126
 30
0.0
 11
1.3299921
 21
0.408126
 31
0.0
  0
LINE
  5
1789
330
1F
100
AcDbEntity
  8
Top Overlay
100
AcDbLine
 10
1.3959921
 20
0.376126
 30
0.0
 11
1.3959921
 21
0.408126
 31
0.0
  0
LINE
  5
178A
330
1F
100
AcDbEntity
  8
Top Overlay
100
AcDbLine
 10
1.3299921
 20
0.376126
 30
0.0
 11
1.3559921
 21
0.376126
 31
0.0
  0
LINE
  5
178B
330
1F
100
AcDbEntity
  8
Top Overlay
100
AcDbLine
 10
1.3699921
 20
0.376126
 30
0.0
 11
1.3959921
 21
0.376126
 31
0.0
  0
LINE
  5
178C
330
1F
100
AcDbEntity
  8
Top Overlay
100
AcDbLine
 10
1.3699921
 20
0.408126
 30
0.0
 11
1.3959921
 21
0.408126
 31
0.0
  0
LINE
  5
178D
330
1F
100
AcDbEntity
  8
Top Overlay
100
AcDbLine
 10
1.3299921
 20
0.408126
 30
0.0
 11
1.3559921
 21
0.408126
 31
0.0
  0
LINE
  5
178E
330
1F
100
AcDbEntity
  8
Top Paste
100
AcDbLine
 10
1.3919921
 20
0.380315
 30
0.0
 11
1.3719921
 21
0.380315
 31
0.0
  0
LINE
  5
178F
330
1F
100
AcDbEntity
  8
Top Paste
100
AcDbLine
 10
1.3719921
 20
0.380315
 30
0.0
 11
1.3719921
 21
0.403937
 31
0.0
  0
LINE
  5
1790
330
1F
100
AcDbEntity
  8
Top Paste
100
AcDbLine
 10
1.3719921
 20
0.403937
 30
0.0
 11
1.3919921
 21
0.403937
 31
0.0
  0
LINE
  5
1791
330
1F
100
AcDbEntity
  8
Top Paste
100
AcDbLine
 10
1.3919921
 20
0.403937
 30
0.0
 11
1.3919921
 21
0.380315
 31
0.0
  0
LINE
  5
1792
330
1F
100
AcDbEntity
  8
Top Solder
100
AcDbLine
 10
1.3939921
 20
0.378315
 30
0.0
 11
1.3699921
 21
0.378315
 31
0.0
  0
LINE
  5
1793
330
1F
100
AcDbEntity
  8
Top Solder
100
AcDbLine
 10
1.3699921
 20
0.378315
 30
0.0
 11
1.3699921
 21
0.405937
 31
0.0
  0
LINE
  5
1794
330
1F
100
AcDbEntity
  8
Top Solder
100
AcDbLine
 10
1.3699921
 20
0.405937
 30
0.0
 11
1.3939921
 21
0.405937
 31
0.0
  0
LINE
  5
1795
330
1F
100
AcDbEntity
  8
Top Solder
100
AcDbLine
 10
1.3939921
 20
0.405937
 30
0.0
 11
1.3939921
 21
0.378315
 31
0.0
  0
LINE
  5
1796
330
1F
100
AcDbEntity
  8
Top Paste
100
AcDbLine
 10
1.3539921
 20
0.380315
 30
0.0
 11
1.3339921
 21
0.380315
 31
0.0
  0
LINE
  5
1797
330
1F
100
AcDbEntity
  8
Top Paste
100
AcDbLine
 10
1.3339921
 20
0.380315
 30
0.0
 11
1.3339921
 21
0.403937
 31
0.0
  0
LINE
  5
1798
330
1F
100
AcDbEntity
  8
Top Paste
100
AcDbLine
 10
1.3339921
 20
0.403937
 30
0.0
 11
1.3539921
 21
0.403937
 31
0.0
  0
LINE
  5
1799
330
1F
100
AcDbEntity
  8
Top Paste
100
AcDbLine
 10
1.3539921
 20
0.403937
 30
0.0
 11
1.3539921
 21
0.380315
 31
0.0
  0
LINE
  5
179A
330
1F
100
AcDbEntity
  8
Top Solder
100
AcDbLine
 10
1.3559921
 20
0.378315
 30
0.0
 11
1.3319921
 21
0.378315
 31
0.0
  0
LINE
  5
179B
330
1F
100
AcDbEntity
  8
Top Solder
100
AcDbLine
 10
1.3319921
 20
0.378315
 30
0.0
 11
1.3319921
 21
0.405937
 31
0.0
  0
LINE
  5
179C
330
1F
100
AcDbEntity
  8
Top Solder
100
AcDbLine
 10
1.3319921
 20
0.405937
 30
0.0
 11
1.3559921
 21
0.405937
 31
0.0
  0
LINE
  5
179D
330
1F
100
AcDbEntity
  8
Top Solder
100
AcDbLine
 10
1.3559921
 20
0.405937
 30
0.0
 11
1.3559921
 21
0.378315
 31
0.0
  0
LINE
  5
179E
330
1F
100
AcDbEntity
  8
Top Overlay
100
AcDbLine
 10
1.491874
 20
1.0412677
 30
0.0
 11
1.523874
 21
1.0412677
 31
0.0
  0
LINE
  5
179F
330
1F
100
AcDbEntity
  8
Top Overlay
100
AcDbLine
 10
1.491874
 20
0.9752677
 30
0.0
 11
1.523874
 21
0.9752677
 31
0.0
  0
LINE
  5
17A0
330
1F
100
AcDbEntity
  8
Top Overlay
100
AcDbLine
 10
1.491874
 20
1.0152677
 30
0.0
 11
1.491874
 21
1.0412677
 31
0.0
  0
LINE
  5
17A1
330
1F
100
AcDbEntity
  8
Top Overlay
100
AcDbLine
 10
1.491874
 20
0.9752677
 30
0.0
 11
1.491874
 21
1.0012677
 31
0.0
  0
LINE
  5
17A2
330
1F
100
AcDbEntity
  8
Top Overlay
100
AcDbLine
 10
1.523874
 20
0.9752677
 30
0.0
 11
1.523874
 21
1.0012677
 31
0.0
  0
LINE
  5
17A3
330
1F
100
AcDbEntity
  8
Top Overlay
100
AcDbLine
 10
1.523874
 20
1.0152677
 30
0.0
 11
1.523874
 21
1.0412677
 31
0.0
  0
LINE
  5
17A4
330
1F
100
AcDbEntity
  8
Top Paste
100
AcDbLine
 10
1.496063
 20
0.9792677
 30
0.0
 11
1.496063
 21
0.9992677
 31
0.0
  0
LINE
  5
17A5
330
1F
100
AcDbEntity
  8
Top Paste
100
AcDbLine
 10
1.496063
 20
0.9992677
 30
0.0
 11
1.519685
 21
0.9992677
 31
0.0
  0
LINE
  5
17A6
330
1F
100
AcDbEntity
  8
Top Paste
100
AcDbLine
 10
1.519685
 20
0.9992677
 30
0.0
 11
1.519685
 21
0.9792677
 31
0.0
  0
LINE
  5
17A7
330
1F
100
AcDbEntity
  8
Top Paste
100
AcDbLine
 10
1.519685
 20
0.9792677
 30
0.0
 11
1.496063
 21
0.9792677
 31
0.0
  0
LINE
  5
17A8
330
1F
100
AcDbEntity
  8
Top Solder
100
AcDbLine
 10
1.494063
 20
0.9772677
 30
0.0
 11
1.494063
 21
1.0012677
 31
0.0
  0
LINE
  5
17A9
330
1F
100
AcDbEntity
  8
Top Solder
100
AcDbLine
 10
1.494063
 20
1.0012677
 30
0.0
 11
1.521685
 21
1.0012677
 31
0.0
  0
LINE
  5
17AA
330
1F
100
AcDbEntity
  8
Top Solder
100
AcDbLine
 10
1.521685
 20
1.0012677
 30
0.0
 11
1.521685
 21
0.9772677
 31
0.0
  0
LINE
  5
17AB
330
1F
100
AcDbEntity
  8
Top Solder
100
AcDbLine
 10
1.521685
 20
0.9772677
 30
0.0
 11
1.494063
 21
0.9772677
 31
0.0
  0
LINE
  5
17AC
330
1F
100
AcDbEntity
  8
Top Paste
100
AcDbLine
 10
1.496063
 20
1.0172677
 30
0.0
 11
1.496063
 21
1.0372677
 31
0.0
  0
LINE
  5
17AD
330
1F
100
AcDbEntity
  8
Top Paste
100
AcDbLine
 10
1.496063
 20
1.0372677
 30
0.0
 11
1.519685
 21
1.0372677
 31
0.0
  0
LINE
  5
17AE
330
1F
100
AcDbEntity
  8
Top Paste
100
AcDbLine
 10
1.519685
 20
1.0372677
 30
0.0
 11
1.519685
 21
1.0172677
 31
0.0
  0
LINE
  5
17AF
330
1F
100
AcDbEntity
  8
Top Paste
100
AcDbLine
 10
1.519685
 20
1.0172677
 30
0.0
 11
1.496063
 21
1.0172677
 31
0.0
  0
LINE
  5
17B0
330
1F
100
AcDbEntity
  8
Top Solder
100
AcDbLine
 10
1.494063
 20
1.0152677
 30
0.0
 11
1.494063
 21
1.0392677
 31
0.0
  0
LINE
  5
17B1
330
1F
100
AcDbEntity
  8
Top Solder
100
AcDbLine
 10
1.494063
 20
1.0392677
 30
0.0
 11
1.521685
 21
1.0392677
 31
0.0
  0
LINE
  5
17B2
330
1F
100
AcDbEntity
  8
Top Solder
100
AcDbLine
 10
1.521685
 20
1.0392677
 30
0.0
 11
1.521685
 21
1.0152677
 31
0.0
  0
LINE
  5
17B3
330
1F
100
AcDbEntity
  8
Top Solder
100
AcDbLine
 10
1.521685
 20
1.0152677
 30
0.0
 11
1.494063
 21
1.0152677
 31
0.0
  0
LINE
  5
17B4
330
1F
100
AcDbEntity
  8
Top Overlay
100
AcDbLine
 10
1.4552599
 20
0.9752677
 30
0.0
 11
1.4872599
 21
0.9752677
 31
0.0
  0
LINE
  5
17B5
330
1F
100
AcDbEntity
  8
Top Overlay
100
AcDbLine
 10
1.4552599
 20
1.0412677
 30
0.0
 11
1.4872599
 21
1.0412677
 31
0.0
  0
LINE
  5
17B6
330
1F
100
AcDbEntity
  8
Top Overlay
100
AcDbLine
 10
1.4872599
 20
0.9752677
 30
0.0
 11
1.4872599
 21
1.0012677
 31
0.0
  0
LINE
  5
17B7
330
1F
100
AcDbEntity
  8
Top Overlay
100
AcDbLine
 10
1.4872599
 20
1.0152677
 30
0.0
 11
1.4872599
 21
1.0412677
 31
0.0
  0
LINE
  5
17B8
330
1F
100
AcDbEntity
  8
Top Overlay
100
AcDbLine
 10
1.4552599
 20
1.0152677
 30
0.0
 11
1.4552599
 21
1.0412677
 31
0.0
  0
LINE
  5
17B9
330
1F
100
AcDbEntity
  8
Top Overlay
100
AcDbLine
 10
1.4552599
 20
0.9752677
 30
0.0
 11
1.4552599
 21
1.0012677
 31
0.0
  0
LINE
  5
17BA
330
1F
100
AcDbEntity
  8
Top Paste
100
AcDbLine
 10
1.4830709
 20
1.0372677
 30
0.0
 11
1.4830709
 21
1.0172677
 31
0.0
  0
LINE
  5
17BB
330
1F
100
AcDbEntity
  8
Top Paste
100
AcDbLine
 10
1.4830709
 20
1.0172677
 30
0.0
 11
1.4594489
 21
1.0172677
 31
0.0
  0
LINE
  5
17BC
330
1F
100
AcDbEntity
  8
Top Paste
100
AcDbLine
 10
1.4594489
 20
1.0172677
 30
0.0
 11
1.4594489
 21
1.0372677
 31
0.0
  0
LINE
  5
17BD
330
1F
100
AcDbEntity
  8
Top Paste
100
AcDbLine
 10
1.4594489
 20
1.0372677
 30
0.0
 11
1.4830709
 21
1.0372677
 31
0.0
  0
LINE
  5
17BE
330
1F
100
AcDbEntity
  8
Top Solder
100
AcDbLine
 10
1.4850709
 20
1.0392677
 30
0.0
 11
1.4850709
 21
1.0152677
 31
0.0
  0
LINE
  5
17BF
330
1F
100
AcDbEntity
  8
Top Solder
100
AcDbLine
 10
1.4850709
 20
1.0152677
 30
0.0
 11
1.4574489
 21
1.0152677
 31
0.0
  0
LINE
  5
17C0
330
1F
100
AcDbEntity
  8
Top Solder
100
AcDbLine
 10
1.4574489
 20
1.0152677
 30
0.0
 11
1.4574489
 21
1.0392677
 31
0.0
  0
LINE
  5
17C1
330
1F
100
AcDbEntity
  8
Top Solder
100
AcDbLine
 10
1.4574489
 20
1.0392677
 30
0.0
 11
1.4850709
 21
1.0392677
 31
0.0
  0
LINE
  5
17C2
330
1F
100
AcDbEntity
  8
Top Paste
100
AcDbLine
 10
1.4830709
 20
0.9992677
 30
0.0
 11
1.4830709
 21
0.9792677
 31
0.0
  0
LINE
  5
17C3
330
1F
100
AcDbEntity
  8
Top Paste
100
AcDbLine
 10
1.4830709
 20
0.9792677
 30
0.0
 11
1.4594489
 21
0.9792677
 31
0.0
  0
LINE
  5
17C4
330
1F
100
AcDbEntity
  8
Top Paste
100
AcDbLine
 10
1.4594489
 20
0.9792677
 30
0.0
 11
1.4594489
 21
0.9992677
 31
0.0
  0
LINE
  5
17C5
330
1F
100
AcDbEntity
  8
Top Paste
100
AcDbLine
 10
1.4594489
 20
0.9992677
 30
0.0
 11
1.4830709
 21
0.9992677
 31
0.0
  0
LINE
  5
17C6
330
1F
100
AcDbEntity
  8
Top Solder
100
AcDbLine
 10
1.4850709
 20
1.0012677
 30
0.0
 11
1.4850709
 21
0.9772677
 31
0.0
  0
LINE
  5
17C7
330
1F
100
AcDbEntity
  8
Top Solder
100
AcDbLine
 10
1.4850709
 20
0.9772677
 30
0.0
 11
1.4574489
 21
0.9772677
 31
0.0
  0
LINE
  5
17C8
330
1F
100
AcDbEntity
  8
Top Solder
100
AcDbLine
 10
1.4574489
 20
0.9772677
 30
0.0
 11
1.4574489
 21
1.0012677
 31
0.0
  0
LINE
  5
17C9
330
1F
100
AcDbEntity
  8
Top Solder
100
AcDbLine
 10
1.4574489
 20
1.0012677
 30
0.0
 11
1.4850709
 21
1.0012677
 31
0.0
  0
LINE
  5
17CA
330
1F
100
AcDbEntity
  8
Top Overlay
100
AcDbLine
 10
1.6349685
 20
0.372189
 30
0.0
 11
1.6349685
 21
0.404189
 31
0.0
  0
LINE
  5
17CB
330
1F
100
AcDbEntity
  8
Top Overlay
100
AcDbLine
 10
1.5689685
 20
0.372189
 30
0.0
 11
1.5689685
 21
0.404189
 31
0.0
  0
LINE
  5
17CC
330
1F
100
AcDbEntity
  8
Top Overlay
100
AcDbLine
 10
1.6089685
 20
0.404189
 30
0.0
 11
1.6349685
 21
0.404189
 31
0.0
  0
LINE
  5
17CD
330
1F
100
AcDbEntity
  8
Top Overlay
100
AcDbLine
 10
1.5689685
 20
0.404189
 30
0.0
 11
1.5949685
 21
0.404189
 31
0.0
  0
LINE
  5
17CE
330
1F
100
AcDbEntity
  8
Top Overlay
100
AcDbLine
 10
1.5689685
 20
0.372189
 30
0.0
 11
1.5949685
 21
0.372189
 31
0.0
  0
LINE
  5
17CF
330
1F
100
AcDbEntity
  8
Top Overlay
100
AcDbLine
 10
1.6089685
 20
0.372189
 30
0.0
 11
1.6349685
 21
0.372189
 31
0.0
  0
LINE
  5
17D0
330
1F
100
AcDbEntity
  8
Top Paste
100
AcDbLine
 10
1.5729685
 20
0.4
 30
0.0
 11
1.5929685
 21
0.4
 31
0.0
  0
LINE
  5
17D1
330
1F
100
AcDbEntity
  8
Top Paste
100
AcDbLine
 10
1.5929685
 20
0.4
 30
0.0
 11
1.5929685
 21
0.376378
 31
0.0
  0
LINE
  5
17D2
330
1F
100
AcDbEntity
  8
Top Paste
100
AcDbLine
 10
1.5929685
 20
0.376378
 30
0.0
 11
1.5729685
 21
0.376378
 31
0.0
  0
LINE
  5
17D3
330
1F
100
AcDbEntity
  8
Top Paste
100
AcDbLine
 10
1.5729685
 20
0.376378
 30
0.0
 11
1.5729685
 21
0.4
 31
0.0
  0
LINE
  5
17D4
330
1F
100
AcDbEntity
  8
Top Solder
100
AcDbLine
 10
1.5709685
 20
0.402
 30
0.0
 11
1.5949685
 21
0.402
 31
0.0
  0
LINE
  5
17D5
330
1F
100
AcDbEntity
  8
Top Solder
100
AcDbLine
 10
1.5949685
 20
0.402
 30
0.0
 11
1.5949685
 21
0.374378
 31
0.0
  0
LINE
  5
17D6
330
1F
100
AcDbEntity
  8
Top Solder
100
AcDbLine
 10
1.5949685
 20
0.374378
 30
0.0
 11
1.5709685
 21
0.374378
 31
0.0
  0
LINE
  5
17D7
330
1F
100
AcDbEntity
  8
Top Solder
100
AcDbLine
 10
1.5709685
 20
0.374378
 30
0.0
 11
1.5709685
 21
0.402
 31
0.0
  0
LINE
  5
17D8
330
1F
100
AcDbEntity
  8
Top Paste
100
AcDbLine
 10
1.6109685
 20
0.4
 30
0.0
 11
1.6309685
 21
0.4
 31
0.0
  0
LINE
  5
17D9
330
1F
100
AcDbEntity
  8
Top Paste
100
AcDbLine
 10
1.6309685
 20
0.4
 30
0.0
 11
1.6309685
 21
0.376378
 31
0.0
  0
LINE
  5
17DA
330
1F
100
AcDbEntity
  8
Top Paste
100
AcDbLine
 10
1.6309685
 20
0.376378
 30
0.0
 11
1.6109685
 21
0.376378
 31
0.0
  0
LINE
  5
17DB
330
1F
100
AcDbEntity
  8
Top Paste
100
AcDbLine
 10
1.6109685
 20
0.376378
 30
0.0
 11
1.6109685
 21
0.4
 31
0.0
  0
LINE
  5
17DC
330
1F
100
AcDbEntity
  8
Top Solder
100
AcDbLine
 10
1.6089685
 20
0.402
 30
0.0
 11
1.6329685
 21
0.402
 31
0.0
  0
LINE
  5
17DD
330
1F
100
AcDbEntity
  8
Top Solder
100
AcDbLine
 10
1.6329685
 20
0.402
 30
0.0
 11
1.6329685
 21
0.374378
 31
0.0
  0
LINE
  5
17DE
330
1F
100
AcDbEntity
  8
Top Solder
100
AcDbLine
 10
1.6329685
 20
0.374378
 30
0.0
 11
1.6089685
 21
0.374378
 31
0.0
  0
LINE
  5
17DF
330
1F
100
AcDbEntity
  8
Top Solder
100
AcDbLine
 10
1.6089685
 20
0.374378
 30
0.0
 11
1.6089685
 21
0.402
 31
0.0
  0
LINE
  5
17E0
330
1F
100
AcDbEntity
  8
Top Overlay
100
AcDbLine
 10
1.6560473
 20
0.9595197
 30
0.0
 11
1.6880473
 21
0.9595197
 31
0.0
  0
LINE
  5
17E1
330
1F
100
AcDbEntity
  8
Top Overlay
100
AcDbLine
 10
1.6560473
 20
1.0255197
 30
0.0
 11
1.6880473
 21
1.0255197
 31
0.0
  0
LINE
  5
17E2
330
1F
100
AcDbEntity
  8
Top Overlay
100
AcDbLine
 10
1.6880473
 20
0.9595197
 30
0.0
 11
1.6880473
 21
0.9855197
 31
0.0
  0
LINE
  5
17E3
330
1F
100
AcDbEntity
  8
Top Overlay
100
AcDbLine
 10
1.6880473
 20
0.9995197
 30
0.0
 11
1.6880473
 21
1.0255197
 31
0.0
  0
LINE
  5
17E4
330
1F
100
AcDbEntity
  8
Top Overlay
100
AcDbLine
 10
1.6560473
 20
0.9995197
 30
0.0
 11
1.6560473
 21
1.0255197
 31
0.0
  0
LINE
  5
17E5
330
1F
100
AcDbEntity
  8
Top Overlay
100
AcDbLine
 10
1.6560473
 20
0.9595197
 30
0.0
 11
1.6560473
 21
0.9855197
 31
0.0
  0
LINE
  5
17E6
330
1F
100
AcDbEntity
  8
Top Paste
100
AcDbLine
 10
1.6838583
 20
1.0215197
 30
0.0
 11
1.6838583
 21
1.0015197
 31
0.0
  0
LINE
  5
17E7
330
1F
100
AcDbEntity
  8
Top Paste
100
AcDbLine
 10
1.6838583
 20
1.0015197
 30
0.0
 11
1.6602363
 21
1.0015197
 31
0.0
  0
LINE
  5
17E8
330
1F
100
AcDbEntity
  8
Top Paste
100
AcDbLine
 10
1.6602363
 20
1.0015197
 30
0.0
 11
1.6602363
 21
1.0215197
 31
0.0
  0
LINE
  5
17E9
330
1F
100
AcDbEntity
  8
Top Paste
100
AcDbLine
 10
1.6602363
 20
1.0215197
 30
0.0
 11
1.6838583
 21
1.0215197
 31
0.0
  0
LINE
  5
17EA
330
1F
100
AcDbEntity
  8
Top Solder
100
AcDbLine
 10
1.6858583
 20
1.0235197
 30
0.0
 11
1.6858583
 21
0.9995197
 31
0.0
  0
LINE
  5
17EB
330
1F
100
AcDbEntity
  8
Top Solder
100
AcDbLine
 10
1.6858583
 20
0.9995197
 30
0.0
 11
1.6582363
 21
0.9995197
 31
0.0
  0
LINE
  5
17EC
330
1F
100
AcDbEntity
  8
Top Solder
100
AcDbLine
 10
1.6582363
 20
0.9995197
 30
0.0
 11
1.6582363
 21
1.0235197
 31
0.0
  0
LINE
  5
17ED
330
1F
100
AcDbEntity
  8
Top Solder
100
AcDbLine
 10
1.6582363
 20
1.0235197
 30
0.0
 11
1.6858583
 21
1.0235197
 31
0.0
  0
LINE
  5
17EE
330
1F
100
AcDbEntity
  8
Top Paste
100
AcDbLine
 10
1.6838583
 20
0.9835197
 30
0.0
 11
1.6838583
 21
0.9635197
 31
0.0
  0
LINE
  5
17EF
330
1F
100
AcDbEntity
  8
Top Paste
100
AcDbLine
 10
1.6838583
 20
0.9635197
 30
0.0
 11
1.6602363
 21
0.9635197
 31
0.0
  0
LINE
  5
17F0
330
1F
100
AcDbEntity
  8
Top Paste
100
AcDbLine
 10
1.6602363
 20
0.9635197
 30
0.0
 11
1.6602363
 21
0.9835197
 31
0.0
  0
LINE
  5
17F1
330
1F
100
AcDbEntity
  8
Top Paste
100
AcDbLine
 10
1.6602363
 20
0.9835197
 30
0.0
 11
1.6838583
 21
0.9835197
 31
0.0
  0
LINE
  5
17F2
330
1F
100
AcDbEntity
  8
Top Solder
100
AcDbLine
 10
1.6858583
 20
0.9855197
 30
0.0
 11
1.6858583
 21
0.9615197
 31
0.0
  0
LINE
  5
17F3
330
1F
100
AcDbEntity
  8
Top Solder
100
AcDbLine
 10
1.6858583
 20
0.9615197
 30
0.0
 11
1.6582363
 21
0.9615197
 31
0.0
  0
LINE
  5
17F4
330
1F
100
AcDbEntity
  8
Top Solder
100
AcDbLine
 10
1.6582363
 20
0.9615197
 30
0.0
 11
1.6582363
 21
0.9855197
 31
0.0
  0
LINE
  5
17F5
330
1F
100
AcDbEntity
  8
Top Solder
100
AcDbLine
 10
1.6582363
 20
0.9855197
 30
0.0
 11
1.6858583
 21
0.9855197
 31
0.0
  0
LINE
  5
17F6
330
1F
100
AcDbEntity
  8
Top Overlay
100
AcDbLine
 10
1.7312442
 20
0.9599135
 30
0.0
 11
1.7632442
 21
0.9599135
 31
0.0
  0
LINE
  5
17F7
330
1F
100
AcDbEntity
  8
Top Overlay
100
AcDbLine
 10
1.7312442
 20
1.0259135
 30
0.0
 11
1.7632442
 21
1.0259135
 31
0.0
  0
LINE
  5
17F8
330
1F
100
AcDbEntity
  8
Top Overlay
100
AcDbLine
 10
1.7632442
 20
0.9599135
 30
0.0
 11
1.7632442
 21
0.9859135
 31
0.0
  0
LINE
  5
17F9
330
1F
100
AcDbEntity
  8
Top Overlay
100
AcDbLine
 10
1.7632442
 20
0.9999135
 30
0.0
 11
1.7632442
 21
1.0259135
 31
0.0
  0
LINE
  5
17FA
330
1F
100
AcDbEntity
  8
Top Overlay
100
AcDbLine
 10
1.7312442
 20
0.9999135
 30
0.0
 11
1.7312442
 21
1.0259135
 31
0.0
  0
LINE
  5
17FB
330
1F
100
AcDbEntity
  8
Top Overlay
100
AcDbLine
 10
1.7312442
 20
0.9599135
 30
0.0
 11
1.7312442
 21
0.9859135
 31
0.0
  0
LINE
  5
17FC
330
1F
100
AcDbEntity
  8
Top Paste
100
AcDbLine
 10
1.7590552
 20
1.0219135
 30
0.0
 11
1.7590552
 21
1.0019135
 31
0.0
  0
LINE
  5
17FD
330
1F
100
AcDbEntity
  8
Top Paste
100
AcDbLine
 10
1.7590552
 20
1.0019135
 30
0.0
 11
1.7354332
 21
1.0019135
 31
0.0
  0
LINE
  5
17FE
330
1F
100
AcDbEntity
  8
Top Paste
100
AcDbLine
 10
1.7354332
 20
1.0019135
 30
0.0
 11
1.7354332
 21
1.0219135
 31
0.0
  0
LINE
  5
17FF
330
1F
100
AcDbEntity
  8
Top Paste
100
AcDbLine
 10
1.7354332
 20
1.0219135
 30
0.0
 11
1.7590552
 21
1.0219135
 31
0.0
  0
LINE
  5
1800
330
1F
100
AcDbEntity
  8
Top Solder
100
AcDbLine
 10
1.7610552
 20
1.0239135
 30
0.0
 11
1.7610552
 21
0.9999135
 31
0.0
  0
LINE
  5
1801
330
1F
100
AcDbEntity
  8
Top Solder
100
AcDbLine
 10
1.7610552
 20
0.9999135
 30
0.0
 11
1.7334332
 21
0.9999135
 31
0.0
  0
LINE
  5
1802
330
1F
100
AcDbEntity
  8
Top Solder
100
AcDbLine
 10
1.7334332
 20
0.9999135
 30
0.0
 11
1.7334332
 21
1.0239135
 31
0.0
  0
LINE
  5
1803
330
1F
100
AcDbEntity
  8
Top Solder
100
AcDbLine
 10
1.7334332
 20
1.0239135
 30
0.0
 11
1.7610552
 21
1.0239135
 31
0.0
  0
LINE
  5
1804
330
1F
100
AcDbEntity
  8
Top Paste
100
AcDbLine
 10
1.7590552
 20
0.9839135
 30
0.0
 11
1.7590552
 21
0.9639135
 31
0.0
  0
LINE
  5
1805
330
1F
100
AcDbEntity
  8
Top Paste
100
AcDbLine
 10
1.7590552
 20
0.9639135
 30
0.0
 11
1.7354332
 21
0.9639135
 31
0.0
  0
LINE
  5
1806
330
1F
100
AcDbEntity
  8
Top Paste
100
AcDbLine
 10
1.7354332
 20
0.9639135
 30
0.0
 11
1.7354332
 21
0.9839135
 31
0.0
  0
LINE
  5
1807
330
1F
100
AcDbEntity
  8
Top Paste
100
AcDbLine
 10
1.7354332
 20
0.9839135
 30
0.0
 11
1.7590552
 21
0.9839135
 31
0.0
  0
LINE
  5
1808
330
1F
100
AcDbEntity
  8
Top Solder
100
AcDbLine
 10
1.7610552
 20
0.9859135
 30
0.0
 11
1.7610552
 21
0.9619135
 31
0.0
  0
LINE
  5
1809
330
1F
100
AcDbEntity
  8
Top Solder
100
AcDbLine
 10
1.7610552
 20
0.9619135
 30
0.0
 11
1.7334332
 21
0.9619135
 31
0.0
  0
LINE
  5
180A
330
1F
100
AcDbEntity
  8
Top Solder
100
AcDbLine
 10
1.7334332
 20
0.9619135
 30
0.0
 11
1.7334332
 21
0.9859135
 31
0.0
  0
LINE
  5
180B
330
1F
100
AcDbEntity
  8
Top Solder
100
AcDbLine
 10
1.7334332
 20
0.9859135
 30
0.0
 11
1.7610552
 21
0.9859135
 31
0.0
  0
LINE
  5
180C
330
1F
100
AcDbEntity
  8
Top Overlay
100
AcDbLine
 10
1.6934961
 20
1.0256379
 30
0.0
 11
1.7254961
 21
1.0256379
 31
0.0
  0
LINE
  5
180D
330
1F
100
AcDbEntity
  8
Top Overlay
100
AcDbLine
 10
1.6934961
 20
0.9596379
 30
0.0
 11
1.7254961
 21
0.9596379
 31
0.0
  0
LINE
  5
180E
330
1F
100
AcDbEntity
  8
Top Overlay
100
AcDbLine
 10
1.6934961
 20
0.9996379
 30
0.0
 11
1.6934961
 21
1.0256379
 31
0.0
  0
LINE
  5
180F
330
1F
100
AcDbEntity
  8
Top Overlay
100
AcDbLine
 10
1.6934961
 20
0.9596379
 30
0.0
 11
1.6934961
 21
0.9856379
 31
0.0
  0
LINE
  5
1810
330
1F
100
AcDbEntity
  8
Top Overlay
100
AcDbLine
 10
1.7254961
 20
0.9596379
 30
0.0
 11
1.7254961
 21
0.9856379
 31
0.0
  0
LINE
  5
1811
330
1F
100
AcDbEntity
  8
Top Overlay
100
AcDbLine
 10
1.7254961
 20
0.9996379
 30
0.0
 11
1.7254961
 21
1.0256379
 31
0.0
  0
LINE
  5
1812
330
1F
100
AcDbEntity
  8
Top Paste
100
AcDbLine
 10
1.6976851
 20
0.9636379
 30
0.0
 11
1.6976851
 21
0.9836379
 31
0.0
  0
LINE
  5
1813
330
1F
100
AcDbEntity
  8
Top Paste
100
AcDbLine
 10
1.6976851
 20
0.9836379
 30
0.0
 11
1.7213071
 21
0.9836379
 31
0.0
  0
LINE
  5
1814
330
1F
100
AcDbEntity
  8
Top Paste
100
AcDbLine
 10
1.7213071
 20
0.9836379
 30
0.0
 11
1.7213071
 21
0.9636379
 31
0.0
  0
LINE
  5
1815
330
1F
100
AcDbEntity
  8
Top Paste
100
AcDbLine
 10
1.7213071
 20
0.9636379
 30
0.0
 11
1.6976851
 21
0.9636379
 31
0.0
  0
LINE
  5
1816
330
1F
100
AcDbEntity
  8
Top Solder
100
AcDbLine
 10
1.6956851
 20
0.9616379
 30
0.0
 11
1.6956851
 21
0.9856379
 31
0.0
  0
LINE
  5
1817
330
1F
100
AcDbEntity
  8
Top Solder
100
AcDbLine
 10
1.6956851
 20
0.9856379
 30
0.0
 11
1.7233071
 21
0.9856379
 31
0.0
  0
LINE
  5
1818
330
1F
100
AcDbEntity
  8
Top Solder
100
AcDbLine
 10
1.7233071
 20
0.9856379
 30
0.0
 11
1.7233071
 21
0.9616379
 31
0.0
  0
LINE
  5
1819
330
1F
100
AcDbEntity
  8
Top Solder
100
AcDbLine
 10
1.7233071
 20
0.9616379
 30
0.0
 11
1.6956851
 21
0.9616379
 31
0.0
  0
LINE
  5
181A
330
1F
100
AcDbEntity
  8
Top Paste
100
AcDbLine
 10
1.6976851
 20
1.0016379
 30
0.0
 11
1.6976851
 21
1.0216379
 31
0.0
  0
LINE
  5
181B
330
1F
100
AcDbEntity
  8
Top Paste
100
AcDbLine
 10
1.6976851
 20
1.0216379
 30
0.0
 11
1.7213071
 21
1.0216379
 31
0.0
  0
LINE
  5
181C
330
1F
100
AcDbEntity
  8
Top Paste
100
AcDbLine
 10
1.7213071
 20
1.0216379
 30
0.0
 11
1.7213071
 21
1.0016379
 31
0.0
  0
LINE
  5
181D
330
1F
100
AcDbEntity
  8
Top Paste
100
AcDbLine
 10
1.7213071
 20
1.0016379
 30
0.0
 11
1.6976851
 21
1.0016379
 31
0.0
  0
LINE
  5
181E
330
1F
100
AcDbEntity
  8
Top Solder
100
AcDbLine
 10
1.6956851
 20
0.9996379
 30
0.0
 11
1.6956851
 21
1.0236379
 31
0.0
  0
LINE
  5
181F
330
1F
100
AcDbEntity
  8
Top Solder
100
AcDbLine
 10
1.6956851
 20
1.0236379
 30
0.0
 11
1.7233071
 21
1.0236379
 31
0.0
  0
LINE
  5
1820
330
1F
100
AcDbEntity
  8
Top Solder
100
AcDbLine
 10
1.7233071
 20
1.0236379
 30
0.0
 11
1.7233071
 21
0.9996379
 31
0.0
  0
LINE
  5
1821
330
1F
100
AcDbEntity
  8
Top Solder
100
AcDbLine
 10
1.7233071
 20
0.9996379
 30
0.0
 11
1.6956851
 21
0.9996379
 31
0.0
  0
LINE
  5
1822
330
1F
100
AcDbEntity
  8
Top Overlay
100
AcDbLine
 10
0.4145591
 20
2.1741378
 30
0.0
 11
0.4385592
 21
2.1741378
 31
0.0
  0
LINE
  5
1823
330
1F
100
AcDbEntity
  8
Top Overlay
100
AcDbLine
 10
0.4145593
 20
2.0639016
 30
0.0
 11
0.4145594
 21
2.0639015
 31
0.0
  0
LINE
  5
1824
330
1F
100
AcDbEntity
  8
Top Overlay
100
AcDbLine
 10
0.3988112
 20
2.0796497
 30
0.0
 11
0.3988112
 21
2.1050787
 31
0.0
  0
LINE
  5
1825
330
1F
100
AcDbEntity
  8
Top Overlay
100
AcDbLine
 10
0.4145594
 20
2.0639015
 30
0.0
 11
0.4385591
 21
2.0639015
 31
0.0
  0
LINE
  5
1826
330
1F
100
AcDbEntity
  8
Top Overlay
100
AcDbLine
 10
0.4543072
 20
2.0796496
 30
0.0
 11
0.4543072
 21
2.1050787
 31
0.0
  0
LINE
  5
1827
330
1F
100
AcDbEntity
  8
Top Overlay
100
AcDbLine
 10
0.4543073
 20
2.1320787
 30
0.0
 11
0.4543073
 21
2.1583898
 31
0.0
  0
LINE
  5
1828
330
1F
100
AcDbEntity
  8
Top Overlay
100
AcDbLine
 10
0.398811
 20
2.1330787
 30
0.0
 11
0.398811
 21
2.1583897
 31
0.0
  0
LINE
  5
1829
330
1F
100
AcDbEntity
  8
Top Overlay
100
AcDbLine
 10
0.414248
 20
2.1240787
 30
0.0
 11
0.4405591
 21
2.1240787
 31
0.0
  0
LINE
  5
182A
330
1F
100
AcDbEntity
  8
Top Overlay
100
AcDbLine
 10
0.414248
 20
2.1150787
 30
0.0
 11
0.4405591
 21
2.1150787
 31
0.0
  0
ARC
  5
182B
330
1F
100
AcDbEntity
  8
Top Overlay
100
AcDbCircle
 10
0.4145592
 20
2.0796496
 30
0.0
 40
0.0157481
100
AcDbArc
 50
180.0
 51
270.0
  0
ARC
  5
182C
330
1F
100
AcDbEntity
  8
Top Overlay
100
AcDbCircle
 10
0.4385591
 20
2.0796496
 30
0.0
 40
0.0157481
100
AcDbArc
 50
270.0
 51
0.0
  0
ARC
  5
182D
330
1F
100
AcDbEntity
  8
Top Overlay
100
AcDbCircle
 10
0.4385592
 20
2.1583898
 30
0.0
 40
0.0157481
100
AcDbArc
 50
0.0
 51
90.0
  0
ARC
  5
182E
330
1F
100
AcDbEntity
  8
Top Overlay
100
AcDbCircle
 10
0.4145591
 20
2.1583897
 30
0.0
 40
0.0157481
100
AcDbArc
 50
90.0
 51
180.0
  0
LINE
  5
182F
330
1F
100
AcDbEntity
  8
Top Paste
100
AcDbLine
 10
0.44427565
 20
2.10382675
 30
0.0
 11
0.44427565
 21
2.07233065
 31
0.0
  0
LINE
  5
1830
330
1F
100
AcDbEntity
  8
Top Paste
100
AcDbLine
 10
0.44427565
 20
2.07233065
 30
0.0
 11
0.40884255
 21
2.07233065
 31
0.0
  0
LINE
  5
1831
330
1F
100
AcDbEntity
  8
Top Paste
100
AcDbLine
 10
0.40884255
 20
2.07233065
 30
0.0
 11
0.40884255
 21
2.10382675
 31
0.0
  0
LINE
  5
1832
330
1F
100
AcDbEntity
  8
Top Paste
100
AcDbLine
 10
0.40884255
 20
2.10382675
 30
0.0
 11
0.44427565
 21
2.10382675
 31
0.0
  0
LINE
  5
1833
330
1F
100
AcDbEntity
  8
Top Solder
100
AcDbLine
 10
0.44827565
 20
2.10782675
 30
0.0
 11
0.44827565
 21
2.06833065
 31
0.0
  0
LINE
  5
1834
330
1F
100
AcDbEntity
  8
Top Solder
100
AcDbLine
 10
0.44827565
 20
2.06833065
 30
0.0
 11
0.40484255
 21
2.06833065
 31
0.0
  0
LINE
  5
1835
330
1F
100
AcDbEntity
  8
Top Solder
100
AcDbLine
 10
0.40484255
 20
2.06833065
 30
0.0
 11
0.40484255
 21
2.10782675
 31
0.0
  0
LINE
  5
1836
330
1F
100
AcDbEntity
  8
Top Solder
100
AcDbLine
 10
0.40484255
 20
2.10782675
 30
0.0
 11
0.44827565
 21
2.10782675
 31
0.0
  0
LINE
  5
1837
330
1F
100
AcDbEntity
  8
Top Paste
100
AcDbLine
 10
0.44427565
 20
2.16582675
 30
0.0
 11
0.44427565
 21
2.13433065
 31
0.0
  0
LINE
  5
1838
330
1F
100
AcDbEntity
  8
Top Paste
100
AcDbLine
 10
0.44427565
 20
2.13433065
 30
0.0
 11
0.40884255
 21
2.13433065
 31
0.0
  0
LINE
  5
1839
330
1F
100
AcDbEntity
  8
Top Paste
100
AcDbLine
 10
0.40884255
 20
2.13433065
 30
0.0
 11
0.40884255
 21
2.16582675
 31
0.0
  0
LINE
  5
183A
330
1F
100
AcDbEntity
  8
Top Paste
100
AcDbLine
 10
0.40884255
 20
2.16582675
 30
0.0
 11
0.44427565
 21
2.16582675
 31
0.0
  0
LINE
  5
183B
330
1F
100
AcDbEntity
  8
Top Solder
100
AcDbLine
 10
0.44827565
 20
2.16982675
 30
0.0
 11
0.44827565
 21
2.13033065
 31
0.0
  0
LINE
  5
183C
330
1F
100
AcDbEntity
  8
Top Solder
100
AcDbLine
 10
0.44827565
 20
2.13033065
 30
0.0
 11
0.40484255
 21
2.13033065
 31
0.0
  0
LINE
  5
183D
330
1F
100
AcDbEntity
  8
Top Solder
100
AcDbLine
 10
0.40484255
 20
2.13033065
 30
0.0
 11
0.40484255
 21
2.16982675
 31
0.0
  0
LINE
  5
183E
330
1F
100
AcDbEntity
  8
Top Solder
100
AcDbLine
 10
0.40484255
 20
2.16982675
 30
0.0
 11
0.44827565
 21
2.16982675
 31
0.0
  0
LINE
  5
183F
330
1F
100
AcDbEntity
  8
Top Overlay
100
AcDbLine
 10
1.0644961
 20
1.1887244
 30
0.0
 11
1.0644961
 21
1.2207244
 31
0.0
  0
LINE
  5
1840
330
1F
100
AcDbEntity
  8
Top Overlay
100
AcDbLine
 10
0.9984961
 20
1.1887244
 30
0.0
 11
0.9984961
 21
1.2207244
 31
0.0
  0
LINE
  5
1841
330
1F
100
AcDbEntity
  8
Top Overlay
100
AcDbLine
 10
1.0384961
 20
1.2207244
 30
0.0
 11
1.0644961
 21
1.2207244
 31
0.0
  0
LINE
  5
1842
330
1F
100
AcDbEntity
  8
Top Overlay
100
AcDbLine
 10
0.9984961
 20
1.2207244
 30
0.0
 11
1.0244961
 21
1.2207244
 31
0.0
  0
LINE
  5
1843
330
1F
100
AcDbEntity
  8
Top Overlay
100
AcDbLine
 10
0.9984961
 20
1.1887244
 30
0.0
 11
1.0244961
 21
1.1887244
 31
0.0
  0
LINE
  5
1844
330
1F
100
AcDbEntity
  8
Top Overlay
100
AcDbLine
 10
1.0384961
 20
1.1887244
 30
0.0
 11
1.0644961
 21
1.1887244
 31
0.0
  0
LINE
  5
1845
330
1F
100
AcDbEntity
  8
Top Paste
100
AcDbLine
 10
1.0024961
 20
1.2165354
 30
0.0
 11
1.0224961
 21
1.2165354
 31
0.0
  0
LINE
  5
1846
330
1F
100
AcDbEntity
  8
Top Paste
100
AcDbLine
 10
1.0224961
 20
1.2165354
 30
0.0
 11
1.0224961
 21
1.1929134
 31
0.0
  0
LINE
  5
1847
330
1F
100
AcDbEntity
  8
Top Paste
100
AcDbLine
 10
1.0224961
 20
1.1929134
 30
0.0
 11
1.0024961
 21
1.1929134
 31
0.0
  0
LINE
  5
1848
330
1F
100
AcDbEntity
  8
Top Paste
100
AcDbLine
 10
1.0024961
 20
1.1929134
 30
0.0
 11
1.0024961
 21
1.2165354
 31
0.0
  0
LINE
  5
1849
330
1F
100
AcDbEntity
  8
Top Solder
100
AcDbLine
 10
1.0004961
 20
1.2185354
 30
0.0
 11
1.0244961
 21
1.2185354
 31
0.0
  0
LINE
  5
184A
330
1F
100
AcDbEntity
  8
Top Solder
100
AcDbLine
 10
1.0244961
 20
1.2185354
 30
0.0
 11
1.0244961
 21
1.1909134
 31
0.0
  0
LINE
  5
184B
330
1F
100
AcDbEntity
  8
Top Solder
100
AcDbLine
 10
1.0244961
 20
1.1909134
 30
0.0
 11
1.0004961
 21
1.1909134
 31
0.0
  0
LINE
  5
184C
330
1F
100
AcDbEntity
  8
Top Solder
100
AcDbLine
 10
1.0004961
 20
1.1909134
 30
0.0
 11
1.0004961
 21
1.2185354
 31
0.0
  0
LINE
  5
184D
330
1F
100
AcDbEntity
  8
Top Paste
100
AcDbLine
 10
1.0404961
 20
1.2165354
 30
0.0
 11
1.0604961
 21
1.2165354
 31
0.0
  0
LINE
  5
184E
330
1F
100
AcDbEntity
  8
Top Paste
100
AcDbLine
 10
1.0604961
 20
1.2165354
 30
0.0
 11
1.0604961
 21
1.1929134
 31
0.0
  0
LINE
  5
184F
330
1F
100
AcDbEntity
  8
Top Paste
100
AcDbLine
 10
1.0604961
 20
1.1929134
 30
0.0
 11
1.0404961
 21
1.1929134
 31
0.0
  0
LINE
  5
1850
330
1F
100
AcDbEntity
  8
Top Paste
100
AcDbLine
 10
1.0404961
 20
1.1929134
 30
0.0
 11
1.0404961
 21
1.2165354
 31
0.0
  0
LINE
  5
1851
330
1F
100
AcDbEntity
  8
Top Solder
100
AcDbLine
 10
1.0384961
 20
1.2185354
 30
0.0
 11
1.0624961
 21
1.2185354
 31
0.0
  0
LINE
  5
1852
330
1F
100
AcDbEntity
  8
Top Solder
100
AcDbLine
 10
1.0624961
 20
1.2185354
 30
0.0
 11
1.0624961
 21
1.1909134
 31
0.0
  0
LINE
  5
1853
330
1F
100
AcDbEntity
  8
Top Solder
100
AcDbLine
 10
1.0624961
 20
1.1909134
 30
0.0
 11
1.0384961
 21
1.1909134
 31
0.0
  0
LINE
  5
1854
330
1F
100
AcDbEntity
  8
Top Solder
100
AcDbLine
 10
1.0384961
 20
1.1909134
 30
0.0
 11
1.0384961
 21
1.2185354
 31
0.0
  0
LINE
  5
1855
330
1F
100
AcDbEntity
  8
Top Overlay
100
AcDbLine
 10
1.0548662
 20
1.3915118
 30
0.0
 11
1.0868662
 21
1.3915118
 31
0.0
  0
LINE
  5
1856
330
1F
100
AcDbEntity
  8
Top Overlay
100
AcDbLine
 10
1.0548662
 20
1.4575118
 30
0.0
 11
1.0868662
 21
1.4575118
 31
0.0
  0
LINE
  5
1857
330
1F
100
AcDbEntity
  8
Top Overlay
100
AcDbLine
 10
1.0868662
 20
1.3915118
 30
0.0
 11
1.0868662
 21
1.4175118
 31
0.0
  0
LINE
  5
1858
330
1F
100
AcDbEntity
  8
Top Overlay
100
AcDbLine
 10
1.0868662
 20
1.4315118
 30
0.0
 11
1.0868662
 21
1.4575118
 31
0.0
  0
LINE
  5
1859
330
1F
100
AcDbEntity
  8
Top Overlay
100
AcDbLine
 10
1.0548662
 20
1.4315118
 30
0.0
 11
1.0548662
 21
1.4575118
 31
0.0
  0
LINE
  5
185A
330
1F
100
AcDbEntity
  8
Top Overlay
100
AcDbLine
 10
1.0548662
 20
1.3915118
 30
0.0
 11
1.0548662
 21
1.4175118
 31
0.0
  0
LINE
  5
185B
330
1F
100
AcDbEntity
  8
Top Paste
100
AcDbLine
 10
1.0826772
 20
1.4535118
 30
0.0
 11
1.0826772
 21
1.4335118
 31
0.0
  0
LINE
  5
185C
330
1F
100
AcDbEntity
  8
Top Paste
100
AcDbLine
 10
1.0826772
 20
1.4335118
 30
0.0
 11
1.0590552
 21
1.4335118
 31
0.0
  0
LINE
  5
185D
330
1F
100
AcDbEntity
  8
Top Paste
100
AcDbLine
 10
1.0590552
 20
1.4335118
 30
0.0
 11
1.0590552
 21
1.4535118
 31
0.0
  0
LINE
  5
185E
330
1F
100
AcDbEntity
  8
Top Paste
100
AcDbLine
 10
1.0590552
 20
1.4535118
 30
0.0
 11
1.0826772
 21
1.4535118
 31
0.0
  0
LINE
  5
185F
330
1F
100
AcDbEntity
  8
Top Solder
100
AcDbLine
 10
1.0846772
 20
1.4555118
 30
0.0
 11
1.0846772
 21
1.4315118
 31
0.0
  0
LINE
  5
1860
330
1F
100
AcDbEntity
  8
Top Solder
100
AcDbLine
 10
1.0846772
 20
1.4315118
 30
0.0
 11
1.0570552
 21
1.4315118
 31
0.0
  0
LINE
  5
1861
330
1F
100
AcDbEntity
  8
Top Solder
100
AcDbLine
 10
1.0570552
 20
1.4315118
 30
0.0
 11
1.0570552
 21
1.4555118
 31
0.0
  0
LINE
  5
1862
330
1F
100
AcDbEntity
  8
Top Solder
100
AcDbLine
 10
1.0570552
 20
1.4555118
 30
0.0
 11
1.0846772
 21
1.4555118
 31
0.0
  0
LINE
  5
1863
330
1F
100
AcDbEntity
  8
Top Paste
100
AcDbLine
 10
1.0826772
 20
1.4155118
 30
0.0
 11
1.0826772
 21
1.3955118
 31
0.0
  0
LINE
  5
1864
330
1F
100
AcDbEntity
  8
Top Paste
100
AcDbLine
 10
1.0826772
 20
1.3955118
 30
0.0
 11
1.0590552
 21
1.3955118
 31
0.0
  0
LINE
  5
1865
330
1F
100
AcDbEntity
  8
Top Paste
100
AcDbLine
 10
1.0590552
 20
1.3955118
 30
0.0
 11
1.0590552
 21
1.4155118
 31
0.0
  0
LINE
  5
1866
330
1F
100
AcDbEntity
  8
Top Paste
100
AcDbLine
 10
1.0590552
 20
1.4155118
 30
0.0
 11
1.0826772
 21
1.4155118
 31
0.0
  0
LINE
  5
1867
330
1F
100
AcDbEntity
  8
Top Solder
100
AcDbLine
 10
1.0846772
 20
1.4175118
 30
0.0
 11
1.0846772
 21
1.3935118
 31
0.0
  0
LINE
  5
1868
330
1F
100
AcDbEntity
  8
Top Solder
100
AcDbLine
 10
1.0846772
 20
1.3935118
 30
0.0
 11
1.0570552
 21
1.3935118
 31
0.0
  0
LINE
  5
1869
330
1F
100
AcDbEntity
  8
Top Solder
100
AcDbLine
 10
1.0570552
 20
1.3935118
 30
0.0
 11
1.0570552
 21
1.4175118
 31
0.0
  0
LINE
  5
186A
330
1F
100
AcDbEntity
  8
Top Solder
100
AcDbLine
 10
1.0570552
 20
1.4175118
 30
0.0
 11
1.0846772
 21
1.4175118
 31
0.0
  0
LINE
  5
186B
330
1F
100
AcDbEntity
  8
Top Overlay
100
AcDbLine
 10
1.0548662
 20
1.528378
 30
0.0
 11
1.0868662
 21
1.528378
 31
0.0
  0
LINE
  5
186C
330
1F
100
AcDbEntity
  8
Top Overlay
100
AcDbLine
 10
1.0548662
 20
1.462378
 30
0.0
 11
1.0868662
 21
1.462378
 31
0.0
  0
LINE
  5
186D
330
1F
100
AcDbEntity
  8
Top Overlay
100
AcDbLine
 10
1.0548662
 20
1.502378
 30
0.0
 11
1.0548662
 21
1.528378
 31
0.0
  0
LINE
  5
186E
330
1F
100
AcDbEntity
  8
Top Overlay
100
AcDbLine
 10
1.0548662
 20
1.462378
 30
0.0
 11
1.0548662
 21
1.488378
 31
0.0
  0
LINE
  5
186F
330
1F
100
AcDbEntity
  8
Top Overlay
100
AcDbLine
 10
1.0868662
 20
1.462378
 30
0.0
 11
1.0868662
 21
1.488378
 31
0.0
  0
LINE
  5
1870
330
1F
100
AcDbEntity
  8
Top Overlay
100
AcDbLine
 10
1.0868662
 20
1.502378
 30
0.0
 11
1.0868662
 21
1.528378
 31
0.0
  0
LINE
  5
1871
330
1F
100
AcDbEntity
  8
Top Paste
100
AcDbLine
 10
1.0590552
 20
1.466378
 30
0.0
 11
1.0590552
 21
1.486378
 31
0.0
  0
LINE
  5
1872
330
1F
100
AcDbEntity
  8
Top Paste
100
AcDbLine
 10
1.0590552
 20
1.486378
 30
0.0
 11
1.0826772
 21
1.486378
 31
0.0
  0
LINE
  5
1873
330
1F
100
AcDbEntity
  8
Top Paste
100
AcDbLine
 10
1.0826772
 20
1.486378
 30
0.0
 11
1.0826772
 21
1.466378
 31
0.0
  0
LINE
  5
1874
330
1F
100
AcDbEntity
  8
Top Paste
100
AcDbLine
 10
1.0826772
 20
1.466378
 30
0.0
 11
1.0590552
 21
1.466378
 31
0.0
  0
LINE
  5
1875
330
1F
100
AcDbEntity
  8
Top Solder
100
AcDbLine
 10
1.0570552
 20
1.464378
 30
0.0
 11
1.0570552
 21
1.488378
 31
0.0
  0
LINE
  5
1876
330
1F
100
AcDbEntity
  8
Top Solder
100
AcDbLine
 10
1.0570552
 20
1.488378
 30
0.0
 11
1.0846772
 21
1.488378
 31
0.0
  0
LINE
  5
1877
330
1F
100
AcDbEntity
  8
Top Solder
100
AcDbLine
 10
1.0846772
 20
1.488378
 30
0.0
 11
1.0846772
 21
1.464378
 31
0.0
  0
LINE
  5
1878
330
1F
100
AcDbEntity
  8
Top Solder
100
AcDbLine
 10
1.0846772
 20
1.464378
 30
0.0
 11
1.0570552
 21
1.464378
 31
0.0
  0
LINE
  5
1879
330
1F
100
AcDbEntity
  8
Top Paste
100
AcDbLine
 10
1.0590552
 20
1.504378
 30
0.0
 11
1.0590552
 21
1.524378
 31
0.0
  0
LINE
  5
187A
330
1F
100
AcDbEntity
  8
Top Paste
100
AcDbLine
 10
1.0590552
 20
1.524378
 30
0.0
 11
1.0826772
 21
1.524378
 31
0.0
  0
LINE
  5
187B
330
1F
100
AcDbEntity
  8
Top Paste
100
AcDbLine
 10
1.0826772
 20
1.524378
 30
0.0
 11
1.0826772
 21
1.504378
 31
0.0
  0
LINE
  5
187C
330
1F
100
AcDbEntity
  8
Top Paste
100
AcDbLine
 10
1.0826772
 20
1.504378
 30
0.0
 11
1.0590552
 21
1.504378
 31
0.0
  0
LINE
  5
187D
330
1F
100
AcDbEntity
  8
Top Solder
100
AcDbLine
 10
1.0570552
 20
1.502378
 30
0.0
 11
1.0570552
 21
1.526378
 31
0.0
  0
LINE
  5
187E
330
1F
100
AcDbEntity
  8
Top Solder
100
AcDbLine
 10
1.0570552
 20
1.526378
 30
0.0
 11
1.0846772
 21
1.526378
 31
0.0
  0
LINE
  5
187F
330
1F
100
AcDbEntity
  8
Top Solder
100
AcDbLine
 10
1.0846772
 20
1.526378
 30
0.0
 11
1.0846772
 21
1.502378
 31
0.0
  0
LINE
  5
1880
330
1F
100
AcDbEntity
  8
Top Solder
100
AcDbLine
 10
1.0846772
 20
1.502378
 30
0.0
 11
1.0570552
 21
1.502378
 31
0.0
  0
LINE
  5
1881
330
1F
100
AcDbEntity
  8
Top Overlay
100
AcDbLine
 10
0.9755591
 20
1.3934488
 30
0.0
 11
0.9755591
 21
1.4254488
 31
0.0
  0
LINE
  5
1882
330
1F
100
AcDbEntity
  8
Top Overlay
100
AcDbLine
 10
1.0415591
 20
1.3934488
 30
0.0
 11
1.0415591
 21
1.4254488
 31
0.0
  0
LINE
  5
1883
330
1F
100
AcDbEntity
  8
Top Overlay
100
AcDbLine
 10
0.9755591
 20
1.3934488
 30
0.0
 11
1.0015591
 21
1.3934488
 31
0.0
  0
LINE
  5
1884
330
1F
100
AcDbEntity
  8
Top Overlay
100
AcDbLine
 10
1.0155591
 20
1.3934488
 30
0.0
 11
1.0415591
 21
1.3934488
 31
0.0
  0
LINE
  5
1885
330
1F
100
AcDbEntity
  8
Top Overlay
100
AcDbLine
 10
1.0155591
 20
1.4254488
 30
0.0
 11
1.0415591
 21
1.4254488
 31
0.0
  0
LINE
  5
1886
330
1F
100
AcDbEntity
  8
Top Overlay
100
AcDbLine
 10
0.9755591
 20
1.4254488
 30
0.0
 11
1.0015591
 21
1.4254488
 31
0.0
  0
LINE
  5
1887
330
1F
100
AcDbEntity
  8
Top Paste
100
AcDbLine
 10
1.0375591
 20
1.3976378
 30
0.0
 11
1.0175591
 21
1.3976378
 31
0.0
  0
LINE
  5
1888
330
1F
100
AcDbEntity
  8
Top Paste
100
AcDbLine
 10
1.0175591
 20
1.3976378
 30
0.0
 11
1.0175591
 21
1.4212598
 31
0.0
  0
LINE
  5
1889
330
1F
100
AcDbEntity
  8
Top Paste
100
AcDbLine
 10
1.0175591
 20
1.4212598
 30
0.0
 11
1.0375591
 21
1.4212598
 31
0.0
  0
LINE
  5
188A
330
1F
100
AcDbEntity
  8
Top Paste
100
AcDbLine
 10
1.0375591
 20
1.4212598
 30
0.0
 11
1.0375591
 21
1.3976378
 31
0.0
  0
LINE
  5
188B
330
1F
100
AcDbEntity
  8
Top Solder
100
AcDbLine
 10
1.0395591
 20
1.3956378
 30
0.0
 11
1.0155591
 21
1.3956378
 31
0.0
  0
LINE
  5
188C
330
1F
100
AcDbEntity
  8
Top Solder
100
AcDbLine
 10
1.0155591
 20
1.3956378
 30
0.0
 11
1.0155591
 21
1.4232598
 31
0.0
  0
LINE
  5
188D
330
1F
100
AcDbEntity
  8
Top Solder
100
AcDbLine
 10
1.0155591
 20
1.4232598
 30
0.0
 11
1.0395591
 21
1.4232598
 31
0.0
  0
LINE
  5
188E
330
1F
100
AcDbEntity
  8
Top Solder
100
AcDbLine
 10
1.0395591
 20
1.4232598
 30
0.0
 11
1.0395591
 21
1.3956378
 31
0.0
  0
LINE
  5
188F
330
1F
100
AcDbEntity
  8
Top Paste
100
AcDbLine
 10
0.9995591
 20
1.3976378
 30
0.0
 11
0.9795591
 21
1.3976378
 31
0.0
  0
LINE
  5
1890
330
1F
100
AcDbEntity
  8
Top Paste
100
AcDbLine
 10
0.9795591
 20
1.3976378
 30
0.0
 11
0.9795591
 21
1.4212598
 31
0.0
  0
LINE
  5
1891
330
1F
100
AcDbEntity
  8
Top Paste
100
AcDbLine
 10
0.9795591
 20
1.4212598
 30
0.0
 11
0.9995591
 21
1.4212598
 31
0.0
  0
LINE
  5
1892
330
1F
100
AcDbEntity
  8
Top Paste
100
AcDbLine
 10
0.9995591
 20
1.4212598
 30
0.0
 11
0.9995591
 21
1.3976378
 31
0.0
  0
LINE
  5
1893
330
1F
100
AcDbEntity
  8
Top Solder
100
AcDbLine
 10
1.0015591
 20
1.3956378
 30
0.0
 11
0.9775591
 21
1.3956378
 31
0.0
  0
LINE
  5
1894
330
1F
100
AcDbEntity
  8
Top Solder
100
AcDbLine
 10
0.9775591
 20
1.3956378
 30
0.0
 11
0.9775591
 21
1.4232598
 31
0.0
  0
LINE
  5
1895
330
1F
100
AcDbEntity
  8
Top Solder
100
AcDbLine
 10
0.9775591
 20
1.4232598
 30
0.0
 11
1.0015591
 21
1.4232598
 31
0.0
  0
LINE
  5
1896
330
1F
100
AcDbEntity
  8
Top Solder
100
AcDbLine
 10
1.0015591
 20
1.4232598
 30
0.0
 11
1.0015591
 21
1.3956378
 31
0.0
  0
LINE
  5
1897
330
1F
100
AcDbEntity
  8
Top Overlay
100
AcDbLine
 10
0.5368858
 20
1.9436929
 30
0.0
 11
0.5368858
 21
1.967693
 31
0.0
  0
LINE
  5
1898
330
1F
100
AcDbEntity
  8
Top Overlay
100
AcDbLine
 10
0.647122
 20
1.9436931
 30
0.0
 11
0.6471221
 21
1.9436932
 31
0.0
  0
LINE
  5
1899
330
1F
100
AcDbEntity
  8
Top Overlay
100
AcDbLine
 10
0.6059449
 20
1.927945
 30
0.0
 11
0.6313739
 21
1.927945
 31
0.0
  0
LINE
  5
189A
330
1F
100
AcDbEntity
  8
Top Overlay
100
AcDbLine
 10
0.6471221
 20
1.9436932
 30
0.0
 11
0.6471221
 21
1.9676929
 31
0.0
  0
LINE
  5
189B
330
1F
100
AcDbEntity
  8
Top Overlay
100
AcDbLine
 10
0.6059449
 20
1.983441
 30
0.0
 11
0.631374
 21
1.983441
 31
0.0
  0
LINE
  5
189C
330
1F
100
AcDbEntity
  8
Top Overlay
100
AcDbLine
 10
0.5526338
 20
1.9834411
 30
0.0
 11
0.5789449
 21
1.9834411
 31
0.0
  0
LINE
  5
189D
330
1F
100
AcDbEntity
  8
Top Overlay
100
AcDbLine
 10
0.5526339
 20
1.9279448
 30
0.0
 11
0.5779449
 21
1.9279448
 31
0.0
  0
LINE
  5
189E
330
1F
100
AcDbEntity
  8
Top Overlay
100
AcDbLine
 10
0.5869449
 20
1.9433818
 30
0.0
 11
0.5869449
 21
1.9696929
 31
0.0
  0
LINE
  5
189F
330
1F
100
AcDbEntity
  8
Top Overlay
100
AcDbLine
 10
0.5959449
 20
1.9433818
 30
0.0
 11
0.5959449
 21
1.9696929
 31
0.0
  0
ARC
  5
18A0
330
1F
100
AcDbEntity
  8
Top Overlay
100
AcDbCircle
 10
0.631374
 20
1.943693
 30
0.0
 40
0.0157481
100
AcDbArc
 50
270.0
 51
0.0
  0
ARC
  5
18A1
330
1F
100
AcDbEntity
  8
Top Overlay
100
AcDbCircle
 10
0.631374
 20
1.9676929
 30
0.0
 40
0.0157481
100
AcDbArc
 50
0.0
 51
90.0
  0
ARC
  5
18A2
330
1F
100
AcDbEntity
  8
Top Overlay
100
AcDbCircle
 10
0.5526338
 20
1.967693
 30
0.0
 40
0.0157481
100
AcDbArc
 50
90.0
 51
180.0
  0
ARC
  5
18A3
330
1F
100
AcDbEntity
  8
Top Overlay
100
AcDbCircle
 10
0.5526339
 20
1.9436929
 30
0.0
 40
0.0157481
100
AcDbArc
 50
180.0
 51
270.0
  0
LINE
  5
18A4
330
1F
100
AcDbEntity
  8
Top Paste
100
AcDbLine
 10
0.60719685
 20
1.97340945
 30
0.0
 11
0.63869295
 21
1.97340945
 31
0.0
  0
LINE
  5
18A5
330
1F
100
AcDbEntity
  8
Top Paste
100
AcDbLine
 10
0.63869295
 20
1.97340945
 30
0.0
 11
0.63869295
 21
1.93797635
 31
0.0
  0
LINE
  5
18A6
330
1F
100
AcDbEntity
  8
Top Paste
100
AcDbLine
 10
0.63869295
 20
1.93797635
 30
0.0
 11
0.60719685
 21
1.93797635
 31
0.0
  0
LINE
  5
18A7
330
1F
100
AcDbEntity
  8
Top Paste
100
AcDbLine
 10
0.60719685
 20
1.93797635
 30
0.0
 11
0.60719685
 21
1.97340945
 31
0.0
  0
LINE
  5
18A8
330
1F
100
AcDbEntity
  8
Top Solder
100
AcDbLine
 10
0.60319685
 20
1.97740945
 30
0.0
 11
0.64269295
 21
1.97740945
 31
0.0
  0
LINE
  5
18A9
330
1F
100
AcDbEntity
  8
Top Solder
100
AcDbLine
 10
0.64269295
 20
1.97740945
 30
0.0
 11
0.64269295
 21
1.93397635
 31
0.0
  0
LINE
  5
18AA
330
1F
100
AcDbEntity
  8
Top Solder
100
AcDbLine
 10
0.64269295
 20
1.93397635
 30
0.0
 11
0.60319685
 21
1.93397635
 31
0.0
  0
LINE
  5
18AB
330
1F
100
AcDbEntity
  8
Top Solder
100
AcDbLine
 10
0.60319685
 20
1.93397635
 30
0.0
 11
0.60319685
 21
1.97740945
 31
0.0
  0
LINE
  5
18AC
330
1F
100
AcDbEntity
  8
Top Paste
100
AcDbLine
 10
0.54519685
 20
1.97340945
 30
0.0
 11
0.57669295
 21
1.97340945
 31
0.0
  0
LINE
  5
18AD
330
1F
100
AcDbEntity
  8
Top Paste
100
AcDbLine
 10
0.57669295
 20
1.97340945
 30
0.0
 11
0.57669295
 21
1.93797635
 31
0.0
  0
LINE
  5
18AE
330
1F
100
AcDbEntity
  8
Top Paste
100
AcDbLine
 10
0.57669295
 20
1.93797635
 30
0.0
 11
0.54519685
 21
1.93797635
 31
0.0
  0
LINE
  5
18AF
330
1F
100
AcDbEntity
  8
Top Paste
100
AcDbLine
 10
0.54519685
 20
1.93797635
 30
0.0
 11
0.54519685
 21
1.97340945
 31
0.0
  0
LINE
  5
18B0
330
1F
100
AcDbEntity
  8
Top Solder
100
AcDbLine
 10
0.54119685
 20
1.97740945
 30
0.0
 11
0.58069295
 21
1.97740945
 31
0.0
  0
LINE
  5
18B1
330
1F
100
AcDbEntity
  8
Top Solder
100
AcDbLine
 10
0.58069295
 20
1.97740945
 30
0.0
 11
0.58069295
 21
1.93397635
 31
0.0
  0
LINE
  5
18B2
330
1F
100
AcDbEntity
  8
Top Solder
100
AcDbLine
 10
0.58069295
 20
1.93397635
 30
0.0
 11
0.54119685
 21
1.93397635
 31
0.0
  0
LINE
  5
18B3
330
1F
100
AcDbEntity
  8
Top Solder
100
AcDbLine
 10
0.54119685
 20
1.93397635
 30
0.0
 11
0.54119685
 21
1.97740945
 31
0.0
  0
LINE
  5
18B4
330
1F
100
AcDbEntity
  8
Top Overlay
100
AcDbLine
 10
0.4135905
 20
1.9376339
 30
0.0
 11
0.4375906
 21
1.9376339
 31
0.0
  0
LINE
  5
18B5
330
1F
100
AcDbEntity
  8
Top Overlay
100
AcDbLine
 10
0.4135907
 20
1.8273977
 30
0.0
 11
0.4135908
 21
1.8273976
 31
0.0
  0
LINE
  5
18B6
330
1F
100
AcDbEntity
  8
Top Overlay
100
AcDbLine
 10
0.3978426
 20
1.8431458
 30
0.0
 11
0.3978426
 21
1.8685748
 31
0.0
  0
LINE
  5
18B7
330
1F
100
AcDbEntity
  8
Top Overlay
100
AcDbLine
 10
0.4135908
 20
1.8273976
 30
0.0
 11
0.4375905
 21
1.8273976
 31
0.0
  0
LINE
  5
18B8
330
1F
100
AcDbEntity
  8
Top Overlay
100
AcDbLine
 10
0.4533386
 20
1.8431457
 30
0.0
 11
0.4533386
 21
1.8685748
 31
0.0
  0
LINE
  5
18B9
330
1F
100
AcDbEntity
  8
Top Overlay
100
AcDbLine
 10
0.4533387
 20
1.8955748
 30
0.0
 11
0.4533387
 21
1.9218859
 31
0.0
  0
LINE
  5
18BA
330
1F
100
AcDbEntity
  8
Top Overlay
100
AcDbLine
 10
0.3978424
 20
1.8965748
 30
0.0
 11
0.3978424
 21
1.9218858
 31
0.0
  0
LINE
  5
18BB
330
1F
100
AcDbEntity
  8
Top Overlay
100
AcDbLine
 10
0.4132794
 20
1.8875748
 30
0.0
 11
0.4395905
 21
1.8875748
 31
0.0
  0
LINE
  5
18BC
330
1F
100
AcDbEntity
  8
Top Overlay
100
AcDbLine
 10
0.4132794
 20
1.8785748
 30
0.0
 11
0.4395905
 21
1.8785748
 31
0.0
  0
ARC
  5
18BD
330
1F
100
AcDbEntity
  8
Top Overlay
100
AcDbCircle
 10
0.4135906
 20
1.8431457
 30
0.0
 40
0.0157481
100
AcDbArc
 50
180.0
 51
270.0
  0
ARC
  5
18BE
330
1F
100
AcDbEntity
  8
Top Overlay
100
AcDbCircle
 10
0.4375905
 20
1.8431457
 30
0.0
 40
0.0157481
100
AcDbArc
 50
270.0
 51
0.0
  0
ARC
  5
18BF
330
1F
100
AcDbEntity
  8
Top Overlay
100
AcDbCircle
 10
0.4375906
 20
1.9218859
 30
0.0
 40
0.0157481
100
AcDbArc
 50
0.0
 51
90.0
  0
ARC
  5
18C0
330
1F
100
AcDbEntity
  8
Top Overlay
100
AcDbCircle
 10
0.4135905
 20
1.9218858
 30
0.0
 40
0.0157481
100
AcDbArc
 50
90.0
 51
180.0
  0
LINE
  5
18C1
330
1F
100
AcDbEntity
  8
Top Paste
100
AcDbLine
 10
0.44330705
 20
1.86732285
 30
0.0
 11
0.44330705
 21
1.83582675
 31
0.0
  0
LINE
  5
18C2
330
1F
100
AcDbEntity
  8
Top Paste
100
AcDbLine
 10
0.44330705
 20
1.83582675
 30
0.0
 11
0.40787395
 21
1.83582675
 31
0.0
  0
LINE
  5
18C3
330
1F
100
AcDbEntity
  8
Top Paste
100
AcDbLine
 10
0.40787395
 20
1.83582675
 30
0.0
 11
0.40787395
 21
1.86732285
 31
0.0
  0
LINE
  5
18C4
330
1F
100
AcDbEntity
  8
Top Paste
100
AcDbLine
 10
0.40787395
 20
1.86732285
 30
0.0
 11
0.44330705
 21
1.86732285
 31
0.0
  0
LINE
  5
18C5
330
1F
100
AcDbEntity
  8
Top Solder
100
AcDbLine
 10
0.44730705
 20
1.87132285
 30
0.0
 11
0.44730705
 21
1.83182675
 31
0.0
  0
LINE
  5
18C6
330
1F
100
AcDbEntity
  8
Top Solder
100
AcDbLine
 10
0.44730705
 20
1.83182675
 30
0.0
 11
0.40387395
 21
1.83182675
 31
0.0
  0
LINE
  5
18C7
330
1F
100
AcDbEntity
  8
Top Solder
100
AcDbLine
 10
0.40387395
 20
1.83182675
 30
0.0
 11
0.40387395
 21
1.87132285
 31
0.0
  0
LINE
  5
18C8
330
1F
100
AcDbEntity
  8
Top Solder
100
AcDbLine
 10
0.40387395
 20
1.87132285
 30
0.0
 11
0.44730705
 21
1.87132285
 31
0.0
  0
LINE
  5
18C9
330
1F
100
AcDbEntity
  8
Top Paste
100
AcDbLine
 10
0.44330705
 20
1.92932285
 30
0.0
 11
0.44330705
 21
1.89782675
 31
0.0
  0
LINE
  5
18CA
330
1F
100
AcDbEntity
  8
Top Paste
100
AcDbLine
 10
0.44330705
 20
1.89782675
 30
0.0
 11
0.40787395
 21
1.89782675
 31
0.0
  0
LINE
  5
18CB
330
1F
100
AcDbEntity
  8
Top Paste
100
AcDbLine
 10
0.40787395
 20
1.89782675
 30
0.0
 11
0.40787395
 21
1.92932285
 31
0.0
  0
LINE
  5
18CC
330
1F
100
AcDbEntity
  8
Top Paste
100
AcDbLine
 10
0.40787395
 20
1.92932285
 30
0.0
 11
0.44330705
 21
1.92932285
 31
0.0
  0
LINE
  5
18CD
330
1F
100
AcDbEntity
  8
Top Solder
100
AcDbLine
 10
0.44730705
 20
1.93332285
 30
0.0
 11
0.44730705
 21
1.89382675
 31
0.0
  0
LINE
  5
18CE
330
1F
100
AcDbEntity
  8
Top Solder
100
AcDbLine
 10
0.44730705
 20
1.89382675
 30
0.0
 11
0.40387395
 21
1.89382675
 31
0.0
  0
LINE
  5
18CF
330
1F
100
AcDbEntity
  8
Top Solder
100
AcDbLine
 10
0.40387395
 20
1.89382675
 30
0.0
 11
0.40387395
 21
1.93332285
 31
0.0
  0
LINE
  5
18D0
330
1F
100
AcDbEntity
  8
Top Solder
100
AcDbLine
 10
0.40387395
 20
1.93332285
 30
0.0
 11
0.44730705
 21
1.93332285
 31
0.0
  0
LINE
  5
18D1
330
1F
100
AcDbEntity
  8
Top Overlay
100
AcDbLine
 10
0.9079449
 20
1.8663938
 30
0.0
 11
0.9339449
 21
1.8663938
 31
0.0
  0
LINE
  5
18D2
330
1F
100
AcDbEntity
  8
Top Overlay
100
AcDbLine
 10
0.9479449
 20
1.8663938
 30
0.0
 11
0.9739449
 21
1.8663938
 31
0.0
  0
LINE
  5
18D3
330
1F
100
AcDbEntity
  8
Top Overlay
100
AcDbLine
 10
0.9479449
 20
1.8343938
 30
0.0
 11
0.9739449
 21
1.8343938
 31
0.0
  0
LINE
  5
18D4
330
1F
100
AcDbEntity
  8
Top Overlay
100
AcDbLine
 10
0.9079449
 20
1.8343938
 30
0.0
 11
0.9339449
 21
1.8343938
 31
0.0
  0
LINE
  5
18D5
330
1F
100
AcDbEntity
  8
Top Overlay
100
AcDbLine
 10
0.9739449
 20
1.8343938
 30
0.0
 11
0.9739449
 21
1.8663938
 31
0.0
  0
LINE
  5
18D6
330
1F
100
AcDbEntity
  8
Top Overlay
100
AcDbLine
 10
0.9079449
 20
1.8343938
 30
0.0
 11
0.9079449
 21
1.8663938
 31
0.0
  0
LINE
  5
18D7
330
1F
100
AcDbEntity
  8
Top Paste
100
AcDbLine
 10
0.9319449
 20
1.8385828
 30
0.0
 11
0.9119449
 21
1.8385828
 31
0.0
  0
LINE
  5
18D8
330
1F
100
AcDbEntity
  8
Top Paste
100
AcDbLine
 10
0.9119449
 20
1.8385828
 30
0.0
 11
0.9119449
 21
1.8622048
 31
0.0
  0
LINE
  5
18D9
330
1F
100
AcDbEntity
  8
Top Paste
100
AcDbLine
 10
0.9119449
 20
1.8622048
 30
0.0
 11
0.9319449
 21
1.8622048
 31
0.0
  0
LINE
  5
18DA
330
1F
100
AcDbEntity
  8
Top Paste
100
AcDbLine
 10
0.9319449
 20
1.8622048
 30
0.0
 11
0.9319449
 21
1.8385828
 31
0.0
  0
LINE
  5
18DB
330
1F
100
AcDbEntity
  8
Top Solder
100
AcDbLine
 10
0.9339449
 20
1.8365828
 30
0.0
 11
0.9099449
 21
1.8365828
 31
0.0
  0
LINE
  5
18DC
330
1F
100
AcDbEntity
  8
Top Solder
100
AcDbLine
 10
0.9099449
 20
1.8365828
 30
0.0
 11
0.9099449
 21
1.8642048
 31
0.0
  0
LINE
  5
18DD
330
1F
100
AcDbEntity
  8
Top Solder
100
AcDbLine
 10
0.9099449
 20
1.8642048
 30
0.0
 11
0.9339449
 21
1.8642048
 31
0.0
  0
LINE
  5
18DE
330
1F
100
AcDbEntity
  8
Top Solder
100
AcDbLine
 10
0.9339449
 20
1.8642048
 30
0.0
 11
0.9339449
 21
1.8365828
 31
0.0
  0
LINE
  5
18DF
330
1F
100
AcDbEntity
  8
Top Paste
100
AcDbLine
 10
0.9699449
 20
1.8385828
 30
0.0
 11
0.9499449
 21
1.8385828
 31
0.0
  0
LINE
  5
18E0
330
1F
100
AcDbEntity
  8
Top Paste
100
AcDbLine
 10
0.9499449
 20
1.8385828
 30
0.0
 11
0.9499449
 21
1.8622048
 31
0.0
  0
LINE
  5
18E1
330
1F
100
AcDbEntity
  8
Top Paste
100
AcDbLine
 10
0.9499449
 20
1.8622048
 30
0.0
 11
0.9699449
 21
1.8622048
 31
0.0
  0
LINE
  5
18E2
330
1F
100
AcDbEntity
  8
Top Paste
100
AcDbLine
 10
0.9699449
 20
1.8622048
 30
0.0
 11
0.9699449
 21
1.8385828
 31
0.0
  0
LINE
  5
18E3
330
1F
100
AcDbEntity
  8
Top Solder
100
AcDbLine
 10
0.9719449
 20
1.8365828
 30
0.0
 11
0.9479449
 21
1.8365828
 31
0.0
  0
LINE
  5
18E4
330
1F
100
AcDbEntity
  8
Top Solder
100
AcDbLine
 10
0.9479449
 20
1.8365828
 30
0.0
 11
0.9479449
 21
1.8642048
 31
0.0
  0
LINE
  5
18E5
330
1F
100
AcDbEntity
  8
Top Solder
100
AcDbLine
 10
0.9479449
 20
1.8642048
 30
0.0
 11
0.9719449
 21
1.8642048
 31
0.0
  0
LINE
  5
18E6
330
1F
100
AcDbEntity
  8
Top Solder
100
AcDbLine
 10
0.9719449
 20
1.8642048
 30
0.0
 11
0.9719449
 21
1.8365828
 31
0.0
  0
LINE
  5
18E7
330
1F
100
AcDbEntity
  8
Top Overlay
100
AcDbLine
 10
0.6939213
 20
0.503685
 30
0.0
 11
0.6939213
 21
0.535685
 31
0.0
  0
LINE
  5
18E8
330
1F
100
AcDbEntity
  8
Top Overlay
100
AcDbLine
 10
0.6279213
 20
0.503685
 30
0.0
 11
0.6279213
 21
0.535685
 31
0.0
  0
LINE
  5
18E9
330
1F
100
AcDbEntity
  8
Top Overlay
100
AcDbLine
 10
0.6679213
 20
0.535685
 30
0.0
 11
0.6939213
 21
0.535685
 31
0.0
  0
LINE
  5
18EA
330
1F
100
AcDbEntity
  8
Top Overlay
100
AcDbLine
 10
0.6279213
 20
0.535685
 30
0.0
 11
0.6539213
 21
0.535685
 31
0.0
  0
LINE
  5
18EB
330
1F
100
AcDbEntity
  8
Top Overlay
100
AcDbLine
 10
0.6279213
 20
0.503685
 30
0.0
 11
0.6539213
 21
0.503685
 31
0.0
  0
LINE
  5
18EC
330
1F
100
AcDbEntity
  8
Top Overlay
100
AcDbLine
 10
0.6679213
 20
0.503685
 30
0.0
 11
0.6939213
 21
0.503685
 31
0.0
  0
LINE
  5
18ED
330
1F
100
AcDbEntity
  8
Top Paste
100
AcDbLine
 10
0.6319213
 20
0.531496
 30
0.0
 11
0.6519213
 21
0.531496
 31
0.0
  0
LINE
  5
18EE
330
1F
100
AcDbEntity
  8
Top Paste
100
AcDbLine
 10
0.6519213
 20
0.531496
 30
0.0
 11
0.6519213
 21
0.507874
 31
0.0
  0
LINE
  5
18EF
330
1F
100
AcDbEntity
  8
Top Paste
100
AcDbLine
 10
0.6519213
 20
0.507874
 30
0.0
 11
0.6319213
 21
0.507874
 31
0.0
  0
LINE
  5
18F0
330
1F
100
AcDbEntity
  8
Top Paste
100
AcDbLine
 10
0.6319213
 20
0.507874
 30
0.0
 11
0.6319213
 21
0.531496
 31
0.0
  0
LINE
  5
18F1
330
1F
100
AcDbEntity
  8
Top Solder
100
AcDbLine
 10
0.6299213
 20
0.533496
 30
0.0
 11
0.6539213
 21
0.533496
 31
0.0
  0
LINE
  5
18F2
330
1F
100
AcDbEntity
  8
Top Solder
100
AcDbLine
 10
0.6539213
 20
0.533496
 30
0.0
 11
0.6539213
 21
0.505874
 31
0.0
  0
LINE
  5
18F3
330
1F
100
AcDbEntity
  8
Top Solder
100
AcDbLine
 10
0.6539213
 20
0.505874
 30
0.0
 11
0.6299213
 21
0.505874
 31
0.0
  0
LINE
  5
18F4
330
1F
100
AcDbEntity
  8
Top Solder
100
AcDbLine
 10
0.6299213
 20
0.505874
 30
0.0
 11
0.6299213
 21
0.533496
 31
0.0
  0
LINE
  5
18F5
330
1F
100
AcDbEntity
  8
Top Paste
100
AcDbLine
 10
0.6699213
 20
0.531496
 30
0.0
 11
0.6899213
 21
0.531496
 31
0.0
  0
LINE
  5
18F6
330
1F
100
AcDbEntity
  8
Top Paste
100
AcDbLine
 10
0.6899213
 20
0.531496
 30
0.0
 11
0.6899213
 21
0.507874
 31
0.0
  0
LINE
  5
18F7
330
1F
100
AcDbEntity
  8
Top Paste
100
AcDbLine
 10
0.6899213
 20
0.507874
 30
0.0
 11
0.6699213
 21
0.507874
 31
0.0
  0
LINE
  5
18F8
330
1F
100
AcDbEntity
  8
Top Paste
100
AcDbLine
 10
0.6699213
 20
0.507874
 30
0.0
 11
0.6699213
 21
0.531496
 31
0.0
  0
LINE
  5
18F9
330
1F
100
AcDbEntity
  8
Top Solder
100
AcDbLine
 10
0.6679213
 20
0.533496
 30
0.0
 11
0.6919213
 21
0.533496
 31
0.0
  0
LINE
  5
18FA
330
1F
100
AcDbEntity
  8
Top Solder
100
AcDbLine
 10
0.6919213
 20
0.533496
 30
0.0
 11
0.6919213
 21
0.505874
 31
0.0
  0
LINE
  5
18FB
330
1F
100
AcDbEntity
  8
Top Solder
100
AcDbLine
 10
0.6919213
 20
0.505874
 30
0.0
 11
0.6679213
 21
0.505874
 31
0.0
  0
LINE
  5
18FC
330
1F
100
AcDbEntity
  8
Top Solder
100
AcDbLine
 10
0.6679213
 20
0.505874
 30
0.0
 11
0.6679213
 21
0.533496
 31
0.0
  0
LINE
  5
18FD
330
1F
100
AcDbEntity
  8
Top Overlay
100
AcDbLine
 10
0.5946496
 20
0.4517795
 30
0.0
 11
0.5946496
 21
0.4757796
 31
0.0
  0
LINE
  5
18FE
330
1F
100
AcDbEntity
  8
Top Overlay
100
AcDbLine
 10
0.7048858
 20
0.4517797
 30
0.0
 11
0.7048859
 21
0.4517798
 31
0.0
  0
LINE
  5
18FF
330
1F
100
AcDbEntity
  8
Top Overlay
100
AcDbLine
 10
0.6637087
 20
0.4360316
 30
0.0
 11
0.6891377
 21
0.4360316
 31
0.0
  0
LINE
  5
1900
330
1F
100
AcDbEntity
  8
Top Overlay
100
AcDbLine
 10
0.7048859
 20
0.4517798
 30
0.0
 11
0.7048859
 21
0.4757795
 31
0.0
  0
LINE
  5
1901
330
1F
100
AcDbEntity
  8
Top Overlay
100
AcDbLine
 10
0.6637087
 20
0.4915276
 30
0.0
 11
0.6891378
 21
0.4915276
 31
0.0
  0
LINE
  5
1902
330
1F
100
AcDbEntity
  8
Top Overlay
100
AcDbLine
 10
0.6103976
 20
0.4915277
 30
0.0
 11
0.6367087
 21
0.4915277
 31
0.0
  0
LINE
  5
1903
330
1F
100
AcDbEntity
  8
Top Overlay
100
AcDbLine
 10
0.6103977
 20
0.4360314
 30
0.0
 11
0.6357087
 21
0.4360314
 31
0.0
  0
LINE
  5
1904
330
1F
100
AcDbEntity
  8
Top Overlay
100
AcDbLine
 10
0.6447087
 20
0.4514684
 30
0.0
 11
0.6447087
 21
0.4777795
 31
0.0
  0
LINE
  5
1905
330
1F
100
AcDbEntity
  8
Top Overlay
100
AcDbLine
 10
0.6537087
 20
0.4514684
 30
0.0
 11
0.6537087
 21
0.4777795
 31
0.0
  0
ARC
  5
1906
330
1F
100
AcDbEntity
  8
Top Overlay
100
AcDbCircle
 10
0.6891378
 20
0.4517796
 30
0.0
 40
0.0157481
100
AcDbArc
 50
270.0
 51
0.0
  0
ARC
  5
1907
330
1F
100
AcDbEntity
  8
Top Overlay
100
AcDbCircle
 10
0.6891378
 20
0.4757795
 30
0.0
 40
0.0157481
100
AcDbArc
 50
0.0
 51
90.0
  0
ARC
  5
1908
330
1F
100
AcDbEntity
  8
Top Overlay
100
AcDbCircle
 10
0.6103976
 20
0.4757796
 30
0.0
 40
0.0157481
100
AcDbArc
 50
90.0
 51
180.0
  0
ARC
  5
1909
330
1F
100
AcDbEntity
  8
Top Overlay
100
AcDbCircle
 10
0.6103977
 20
0.4517795
 30
0.0
 40
0.0157481
100
AcDbArc
 50
180.0
 51
270.0
  0
LINE
  5
190A
330
1F
100
AcDbEntity
  8
Top Paste
100
AcDbLine
 10
0.66496065
 20
0.48149605
 30
0.0
 11
0.69645675
 21
0.48149605
 31
0.0
  0
LINE
  5
190B
330
1F
100
AcDbEntity
  8
Top Paste
100
AcDbLine
 10
0.69645675
 20
0.48149605
 30
0.0
 11
0.69645675
 21
0.44606295
 31
0.0
  0
LINE
  5
190C
330
1F
100
AcDbEntity
  8
Top Paste
100
AcDbLine
 10
0.69645675
 20
0.44606295
 30
0.0
 11
0.66496065
 21
0.44606295
 31
0.0
  0
LINE
  5
190D
330
1F
100
AcDbEntity
  8
Top Paste
100
AcDbLine
 10
0.66496065
 20
0.44606295
 30
0.0
 11
0.66496065
 21
0.48149605
 31
0.0
  0
LINE
  5
190E
330
1F
100
AcDbEntity
  8
Top Solder
100
AcDbLine
 10
0.66096065
 20
0.48549605
 30
0.0
 11
0.70045675
 21
0.48549605
 31
0.0
  0
LINE
  5
190F
330
1F
100
AcDbEntity
  8
Top Solder
100
AcDbLine
 10
0.70045675
 20
0.48549605
 30
0.0
 11
0.70045675
 21
0.44206295
 31
0.0
  0
LINE
  5
1910
330
1F
100
AcDbEntity
  8
Top Solder
100
AcDbLine
 10
0.70045675
 20
0.44206295
 30
0.0
 11
0.66096065
 21
0.44206295
 31
0.0
  0
LINE
  5
1911
330
1F
100
AcDbEntity
  8
Top Solder
100
AcDbLine
 10
0.66096065
 20
0.44206295
 30
0.0
 11
0.66096065
 21
0.48549605
 31
0.0
  0
LINE
  5
1912
330
1F
100
AcDbEntity
  8
Top Paste
100
AcDbLine
 10
0.60296065
 20
0.48149605
 30
0.0
 11
0.63445675
 21
0.48149605
 31
0.0
  0
LINE
  5
1913
330
1F
100
AcDbEntity
  8
Top Paste
100
AcDbLine
 10
0.63445675
 20
0.48149605
 30
0.0
 11
0.63445675
 21
0.44606295
 31
0.0
  0
LINE
  5
1914
330
1F
100
AcDbEntity
  8
Top Paste
100
AcDbLine
 10
0.63445675
 20
0.44606295
 30
0.0
 11
0.60296065
 21
0.44606295
 31
0.0
  0
LINE
  5
1915
330
1F
100
AcDbEntity
  8
Top Paste
100
AcDbLine
 10
0.60296065
 20
0.44606295
 30
0.0
 11
0.60296065
 21
0.48149605
 31
0.0
  0
LINE
  5
1916
330
1F
100
AcDbEntity
  8
Top Solder
100
AcDbLine
 10
0.59896065
 20
0.48549605
 30
0.0
 11
0.63845675
 21
0.48549605
 31
0.0
  0
LINE
  5
1917
330
1F
100
AcDbEntity
  8
Top Solder
100
AcDbLine
 10
0.63845675
 20
0.48549605
 30
0.0
 11
0.63845675
 21
0.44206295
 31
0.0
  0
LINE
  5
1918
330
1F
100
AcDbEntity
  8
Top Solder
100
AcDbLine
 10
0.63845675
 20
0.44206295
 30
0.0
 11
0.59896065
 21
0.44206295
 31
0.0
  0
LINE
  5
1919
330
1F
100
AcDbEntity
  8
Top Solder
100
AcDbLine
 10
0.59896065
 20
0.44206295
 30
0.0
 11
0.59896065
 21
0.48549605
 31
0.0
  0
ENDSEC
  0
SECTION
  2
OBJECTS
  0
DICTIONARY
  5
C
330
0
100
AcDbDictionary
281
     1
  3
ACAD_DETAILVIEWSTYLE
350
1921
  3
ACAD_GROUP
350
D
  3
ACAD_LAYOUT
350
1A
  3
ACAD_MATERIAL
350
43
  3
ACAD_MLEADERSTYLE
350
5B
  3
ACAD_MLINESTYLE
350
17
  3
ACAD_PLOTSETTINGS
350
19
  3
ACAD_PLOTSTYLENAME
350
E
  3
ACAD_SCALELIST
350
47
  3
ACAD_SECTIONVIEWSTYLE
350
1922
  3
ACAD_TABLESTYLE
350
59
  3
ACAD_VISUALSTYLE
350
2A
  3
ACDB_RECOMPOSE_DATA
350
191E
  3
AcDbVariableDictionary
350
191A
  0
SUN
  5
5D
330
29
100
AcDbSun
 90
        1
290
     0
 63
     7
421
 16777215
 40
1.0
291
     1
 91
  2455826
 92
 54000000
292
     0
 70
     2
 71
   256
280
     1
  0
DICTIONARY
  5
1921
102
{ACAD_REACTORS
330
C
102
}
330
C
100
AcDbDictionary
281
     1
  0
DICTIONARY
  5
D
102
{ACAD_REACTORS
330
C
102
}
330
C
100
AcDbDictionary
281
     1
  0
DICTIONARY
  5
1A
102
{ACAD_REACTORS
330
C
102
}
330
C
100
AcDbDictionary
281
     1
  3
Layout1
350
1E
  3
Layout2
350
26
  3
Model
350
22
  0
DICTIONARY
  5
43
102
{ACAD_REACTORS
330
C
102
}
330
C
100
AcDbDictionary
281
     1
  3
ByBlock
350
45
  3
ByLayer
350
44
  3
Global
350
46
  0
DICTIONARY
  5
5B
102
{ACAD_REACTORS
330
C
102
}
330
C
100
AcDbDictionary
281
     1
  3
Standard
350
5C
  0
DICTIONARY
  5
17
102
{ACAD_REACTORS
330
C
102
}
330
C
100
AcDbDictionary
281
     1
  3
Standard
350
18
  0
DICTIONARY
  5
19
102
{ACAD_REACTORS
330
C
102
}
330
C
100
AcDbDictionary
281
     1
  0
ACDBDICTIONARYWDFLT
  5
E
102
{ACAD_REACTORS
330
C
102
}
330
C
100
AcDbDictionary
281
     1
  3
Normal
350
F
100
AcDbDictionaryWithDefault
340
F
  0
DICTIONARY
  5
47
102
{ACAD_REACTORS
330
C
102
}
330
C
100
AcDbDictionary
281
     1
  3
A0
350
48
  3
A1
350
49
  3
A2
350
4A
  3
A3
350
4B
  3
A4
350
4C
  3
A5
350
4D
  3
A6
350
4E
  3
A7
350
4F
  3
A8
350
50
  3
A9
350
51
  3
B1
350
52
  3
B2
350
53
  3
B3
350
54
  3
B4
350
55
  3
B5
350
56
  3
B6
350
57
  3
B7
350
58
  0
DICTIONARY
  5
1922
102
{ACAD_REACTORS
330
C
102
}
330
C
100
AcDbDictionary
281
     1
  0
DICTIONARY
  5
59
102
{ACAD_REACTORS
330
C
102
}
330
C
100
AcDbDictionary
281
     1
  3
Standard
350
5A
  0
DICTIONARY
  5
2A
102
{ACAD_REACTORS
330
C
102
}
330
C
100
AcDbDictionary
281
     1
  3
2dWireframe
350
2F
  3
Basic
350
32
  3
Brighten
350
36
  3
ColorChange
350
3A
  3
Conceptual
350
34
  3
Dim
350
35
  3
EdgeColorOff
350
3D
  3
Facepattern
350
39
  3
Flat
350
2B
  3
FlatWithEdges
350
2C
  3
Gouraud
350
2D
  3
GouraudWithEdges
350
2E
  3
Hidden
350
31
  3
JitterOff
350
3B
  3
Linepattern
350
38
  3
OverhangOff
350
3C
  3
Realistic
350
33
  3
Shaded
350
42
  3
Shaded with edges
350
41
  3
Shades of Gray
350
3E
  3
Sketchy
350
3F
  3
Thicken
350
37
  3
Wireframe
350
30
  3
X-Ray
350
40
  0
XRECORD
  5
191E
102
{ACAD_REACTORS
330
C
102
}
330
C
100
AcDbXrecord
280
     1
 90
        1
330
5A
  0
DICTIONARY
  5
191A
102
{ACAD_REACTORS
330
C
102
}
330
C
100
AcDbDictionary
281
     1
  3
CANNOSCALE
350
191B
  3
CMLEADERSTYLE
350
1920
  3
CTABLESTYLE
350
191F
  0
LAYOUT
  5
1E
102
{ACAD_REACTORS
330
1A
102
}
330
1A
100
AcDbPlotSettings
  1

  2
none_device
  4

  6

 40
0.0
 41
0.0
 42
0.0
 43
0.0
 44
0.0
 45
0.0
 46
0.0
 47
0.0
 48
0.0
 49
0.0
140
0.0
141
0.0
142
1.0
143
1.0
 70
   688
 72
     0
 73
     0
 74
     5
  7

 75
    16
 76
     0
 77
     2
 78
   300
147
1.0
148
0.0
149
0.0
100
AcDbLayout
  1
Layout1
 70
     1
 71
     1
 10
0.0
 20
0.0
 11
12.0
 21
9.0
 12
0.0
 22
0.0
 32
0.0
 14
1.000000000000000E+20
 24
1.000000000000000E+20
 34
1.000000000000000E+20
 15
-1.000000000000000E+20
 25
-1.000000000000000E+20
 35
-1.000000000000000E+20
146
0.0
 13
0.0
 23
0.0
 33
0.0
 16
1.0
 26
0.0
 36
0.0
 17
0.0
 27
1.0
 37
0.0
 76
     0
330
1B
  0
LAYOUT
  5
26
102
{ACAD_REACTORS
330
1A
102
}
330
1A
100
AcDbPlotSettings
  1

  2
none_device
  4

  6

 40
0.0
 41
0.0
 42
0.0
 43
0.0
 44
0.0
 45
0.0
 46
0.0
 47
0.0
 48
0.0
 49
0.0
140
0.0
141
0.0
142
1.0
143
1.0
 70
   688
 72
     0
 73
     0
 74
     5
  7

 75
    16
 76
     0
 77
     2
 78
   300
147
1.0
148
0.0
149
0.0
100
AcDbLayout
  1
Layout2
 70
     1
 71
     2
 10
0.0
 20
0.0
 11
0.0
 21
0.0
 12
0.0
 22
0.0
 32
0.0
 14
0.0
 24
0.0
 34
0.0
 15
0.0
 25
0.0
 35
0.0
146
0.0
 13
0.0
 23
0.0
 33
0.0
 16
1.0
 26
0.0
 36
0.0
 17
0.0
 27
1.0
 37
0.0
 76
     0
330
23
  0
LAYOUT
  5
22
102
{ACAD_REACTORS
330
1A
102
}
330
1A
100
AcDbPlotSettings
  1

  2
none_device
  4
Letter_(8.50_x_11.00_Inches)
  6

 40
6.35
 41
6.35
 42
6.35000508
 43
6.35000508
 44
215.9
 45
279.4
 46
0.0
 47
0.0
 48
0.0
 49
0.0
140
0.0
141
0.0
142
1.0
143
1.0
 70
  1712
 72
     0
 73
     0
 74
     0
  7

 75
     0
 76
     0
 77
     2
 78
   300
147
1.0
148
0.0
149
0.0
100
AcDbLayout
  1
Model
 70
     1
 71
     0
 10
-0.0026383
 20
-0.0261752
 11
2.5610237
 21
2.628922
 12
0.0
 22
0.0
 32
0.0
 14
1.000000000000000E+20
 24
1.000000000000000E+20
 34
1.000000000000000E+20
 15
-1.000000000000000E+20
 25
-1.000000000000000E+20
 35
-1.000000000000000E+20
146
0.0
 13
0.0
 23
0.0
 33
0.0
 16
1.0
 26
0.0
 36
0.0
 17
0.0
 27
1.0
 37
0.0
 76
     0
330
1F
331
29
  0
MATERIAL
  5
45
102
{ACAD_REACTORS
330
43
102
}
330
43
100
AcDbMaterial
  1
ByBlock
 72
     1
 94
      127
  0
MATERIAL
  5
44
102
{ACAD_REACTORS
330
43
102
}
330
43
100
AcDbMaterial
  1
ByLayer
 72
     1
 94
      127
  0
MATERIAL
  5
46
102
{ACAD_REACTORS
330
43
102
}
330
43
100
AcDbMaterial
  1
Global
 72
     1
 94
      127
  0
MLEADERSTYLE
  5
5C
102
{ACAD_REACTORS
330
5B
102
}
330
5B
100
AcDbMLeaderStyle
179
     2
170
     2
171
     1
172
     0
 90
        2
 40
0.0
 41
0.0
173
     1
 91
-1056964608
340
14
 92
       -2
290
     1
 42
0.09
291
     1
 43
0.36
  3
Standard
341
0
 44
0.18
300

342
11
174
     1
178
     6
175
     1
176
     0
 93
-1056964608
 45
0.18
292
     0
297
     0
 46
0.18
343
0
 94
-1056964608
 47
1.0
 49
1.0
140
1.0
293
     1
141
0.0
294
     1
177
     0
142
1.0
295
     0
296
     0
143
0.125
271
     0
272
     9
273
     9
298
     0
  0
MLINESTYLE
  5
18
102
{ACAD_REACTORS
330
17
102
}
330
17
100
AcDbMlineStyle
  2
Standard
 70
     0
  3

 62
   256
 51
90.0
 52
90.0
 71
     2
 49
0.5
 62
   256
  6
BYLAYER
 49
-0.5
 62
   256
  6
BYLAYER
  0
ACDBPLACEHOLDER
  5
F
102
{ACAD_REACTORS
330
E
102
}
330
E
  0
SCALE
  5
48
102
{ACAD_REACTORS
330
47
102
}
330
47
100
AcDbScale
 70
     0
300
1:1
140
1.0
141
1.0
290
     1
  0
SCALE
  5
49
102
{ACAD_REACTORS
330
47
102
}
330
47
100
AcDbScale
 70
     0
300
1/128" = 1'-0"
140
0.0078125
141
12.0
290
     0
  0
SCALE
  5
4A
102
{ACAD_REACTORS
330
47
102
}
330
47
100
AcDbScale
 70
     0
300
1/64" = 1'-0"
140
0.015625
141
12.0
290
     0
  0
SCALE
  5
4B
102
{ACAD_REACTORS
330
47
102
}
330
47
100
AcDbScale
 70
     0
300
1/32" = 1'-0"
140
0.03125
141
12.0
290
     0
  0
SCALE
  5
4C
102
{ACAD_REACTORS
330
47
102
}
330
47
100
AcDbScale
 70
     0
300
1/16" = 1'-0"
140
0.0625
141
12.0
290
     0
  0
SCALE
  5
4D
102
{ACAD_REACTORS
330
47
102
}
330
47
100
AcDbScale
 70
     0
300
3/32" = 1'-0"
140
0.09375
141
12.0
290
     0
  0
SCALE
  5
4E
102
{ACAD_REACTORS
330
47
102
}
330
47
100
AcDbScale
 70
     0
300
1/8" = 1'-0"
140
0.125
141
12.0
290
     0
  0
SCALE
  5
4F
102
{ACAD_REACTORS
330
47
102
}
330
47
100
AcDbScale
 70
     0
300
3/16" = 1'-0"
140
0.1875
141
12.0
290
     0
  0
SCALE
  5
50
102
{ACAD_REACTORS
330
47
102
}
330
47
100
AcDbScale
 70
     0
300
1/4" = 1'-0"
140
0.25
141
12.0
290
     0
  0
SCALE
  5
51
102
{ACAD_REACTORS
330
47
102
}
330
47
100
AcDbScale
 70
     0
300
3/8" = 1'-0"
140
0.375
141
12.0
290
     0
  0
SCALE
  5
52
102
{ACAD_REACTORS
330
47
102
}
330
47
100
AcDbScale
 70
     0
300
1/2" = 1'-0"
140
0.5
141
12.0
290
     0
  0
SCALE
  5
53
102
{ACAD_REACTORS
330
47
102
}
330
47
100
AcDbScale
 70
     0
300
3/4" = 1'-0"
140
0.75
141
12.0
290
     0
  0
SCALE
  5
54
102
{ACAD_REACTORS
330
47
102
}
330
47
100
AcDbScale
 70
     0
300
1" = 1'-0"
140
1.0
141
12.0
290
     0
  0
SCALE
  5
55
102
{ACAD_REACTORS
330
47
102
}
330
47
100
AcDbScale
 70
     0
300
1-1/2" = 1'-0"
140
1.5
141
12.0
290
     0
  0
SCALE
  5
56
102
{ACAD_REACTORS
330
47
102
}
330
47
100
AcDbScale
 70
     0
300
3" = 1'-0"
140
3.0
141
12.0
290
     0
  0
SCALE
  5
57
102
{ACAD_REACTORS
330
47
102
}
330
47
100
AcDbScale
 70
     0
300
6" = 1'-0"
140
6.0
141
12.0
290
     0
  0
SCALE
  5
58
102
{ACAD_REACTORS
330
47
102
}
330
47
100
AcDbScale
 70
     0
300
1'-0" = 1'-0"
140
12.0
141
12.0
290
     0
  0
TABLESTYLE
  5
5A
102
{ACAD_REACTORS
330
59
102
}
102
{ACAD_XDICTIONARY
360
191C
102
}
330
59
100
AcDbTableStyle
  3
Standard
 70
     0
 71
     0
 40
0.06
 41
0.06
280
     0
281
     0
  7
Standard
140
0.18
170
     2
 62
     0
 63
   257
283
     0
 90
        4
 91
        0
  1

274
    -2
284
     1
 64
     0
275
    -2
285
     1
 65
     0
276
    -2
286
     1
 66
     0
277
    -2
287
     1
 67
     0
278
    -2
288
     1
 68
     0
279
    -2
289
     1
 69
     0
  7
Standard
140
0.25
170
     5
 62
     0
 63
   257
283
     0
 90
        4
 91
        0
  1

274
    -2
284
     1
 64
     0
275
    -2
285
     1
 65
     0
276
    -2
286
     1
 66
     0
277
    -2
287
     1
 67
     0
278
    -2
288
     1
 68
     0
279
    -2
289
     1
 69
     0
  7
Standard
140
0.18
170
     5
 62
     0
 63
   257
283
     0
 90
        4
 91
        0
  1

274
    -2
284
     1
 64
     0
275
    -2
285
     1
 65
     0
276
    -2
286
     1
 66
     0
277
    -2
287
     1
 67
     0
278
    -2
288
     1
 68
     0
279
    -2
289
     1
 69
     0
  0
VISUALSTYLE
  5
2F
102
{ACAD_REACTORS
330
2A
102
}
330
2A
100
AcDbVisualStyle
  2
2dWireframe
 70
     4
177
     3
291
     0
 70
    58
 90
        0
176
     1
 90
        2
176
     1
 90
        0
176
     1
 90
        0
176
     1
 40
0.6
176
     1
 40
30.0
176
     1
 62
     7
420
 16777215
176
     1
 90
        1
176
     1
 90
        4
176
     1
 62
     7
176
     1
 62
   257
176
     1
 90
        1
176
     1
 90
        1
176
     1
 40
1.0
176
     1
 90
        0
176
     1
 62
   257
176
     1
 40
1.0
176
     1
 90
        1
176
     1
 90
        6
176
     1
 90
        2
176
     1
 62
     7
176
     1
 90
        5
176
     1
 90
        0
176
     1
 90
        0
176
     1
290
     0
176
     1
 90
        1
176
     1
 40
0.0
176
     1
 90
        0
176
     1
290
     1
176
     1
290
     1
176
     1
290
     0
176
     1
290
     0
176
     1
290
     0
176
     1
290
     0
176
     1
290
     0
176
     1
290
     0
176
     1
290
     0
176
     1
 90
       50
176
     1
 40
0.0
176
     1
 40
1.0
176
     1
 90
        0
176
     1
 62
    18
420
        0
176
     1
 90
       50
176
     1
 90
        3
176
     1
 62
     5
420
      255
176
     1
290
     0
176
     1
 90
       50
176
     1
 90
       50
176
     1
 90
       50
176
     1
290
     0
176
     1
 90
       50
176
     1
 62
   256
176
     0
 40
1.0
176
     0
 90
        2
176
     1
  1
strokes_ogs.tif
176
     1
290
     0
176
     1
 40
1.0
176
     1
 40
1.0
176
     1
  0
VISUALSTYLE
  5
32
102
{ACAD_REACTORS
330
2A
102
}
330
2A
100
AcDbVisualStyle
  2
Basic
 70
     7
177
     3
291
     1
 70
    58
 90
        1
176
     1
 90
        0
176
     1
 90
        1
176
     1
 90
        0
176
     1
 40
0.6
176
     1
 40
30.0
176
     1
 62
     7
420
 16777215
176
     1
 90
        0
176
     1
 90
        4
176
     1
 62
     7
176
     1
 62
   257
176
     1
 90
        1
176
     1
 90
        1
176
     1
 40
1.0
176
     1
 90
        8
176
     1
 62
     7
176
     1
 40
1.0
176
     1
 90
        1
176
     1
 90
        6
176
     1
 90
        2
176
     1
 62
     7
176
     1
 90
        5
176
     1
 90
        0
176
     1
 90
        0
176
     1
290
     0
176
     1
 90
        1
176
     1
 40
0.0
176
     1
 90
        0
176
     1
290
     0
176
     1
290
     1
176
     1
290
     1
176
     1
290
     0
176
     1
290
     0
176
     1
290
     0
176
     1
290
     0
176
     1
290
     0
176
     1
290
     0
176
     1
 90
       50
176
     1
 40
0.0
176
     1
 40
1.0
176
     1
 90
        0
176
     1
 62
    18
420
        0
176
     1
 90
       50
176
     1
 90
        3
176
     1
 62
     5
420
      255
176
     1
290
     0
176
     1
 90
       50
176
     1
 90
       50
176
     1
 90
       50
176
     1
290
     0
176
     1
 90
       50
176
     1
 62
   256
176
     0
 40
1.0
176
     0
 90
        2
176
     1
  1
strokes_ogs.tif
176
     1
290
     0
176
     1
 40
1.0
176
     1
 40
1.0
176
     1
  0
VISUALSTYLE
  5
36
102
{ACAD_REACTORS
330
2A
102
}
330
2A
100
AcDbVisualStyle
  2
Brighten
 70
    12
177
     3
291
     1
 70
    58
 90
        2
176
     1
 90
        2
176
     1
 90
        0
176
     1
 90
        0
176
     1
 40
0.6
176
     1
 40
30.0
176
     1
 62
     7
420
 16777215
176
     1
 90
        1
176
     1
 90
        4
176
     1
 62
     7
176
     1
 62
   257
176
     1
 90
        1
176
     1
 90
        1
176
     1
 40
1.0
176
     1
 90
        8
176
     1
 62
     7
176
     1
 40
1.0
176
     1
 90
        1
176
     1
 90
        6
176
     1
 90
        2
176
     1
 62
     7
176
     1
 90
        5
176
     1
 90
        0
176
     1
 90
        0
176
     1
290
     0
176
     1
 90
        1
176
     1
 40
50.0
176
     1
 90
        0
176
     1
290
     0
176
     1
290
     1
176
     1
290
     1
176
     1
290
     0
176
     1
290
     0
176
     1
290
     0
176
     1
290
     0
176
     1
290
     0
176
     1
290
     0
176
     1
 90
       50
176
     1
 40
0.0
176
     1
 40
1.0
176
     1
 90
        0
176
     1
 62
    18
420
        0
176
     1
 90
       50
176
     1
 90
        3
176
     1
 62
     5
420
      255
176
     1
290
     0
176
     1
 90
       50
176
     1
 90
       50
176
     1
 90
       50
176
     1
290
     0
176
     1
 90
       50
176
     1
 62
   256
176
     0
 40
1.0
176
     0
 90
        2
176
     1
  1
strokes_ogs.tif
176
     1
290
     0
176
     1
 40
1.0
176
     1
 40
1.0
176
     1
  0
VISUALSTYLE
  5
3A
102
{ACAD_REACTORS
330
2A
102
}
330
2A
100
AcDbVisualStyle
  2
ColorChange
 70
    16
177
     3
291
     1
 70
    58
 90
        2
176
     1
 90
        2
176
     1
 90
        3
176
     1
 90
        0
176
     1
 40
0.6
176
     1
 40
30.0
176
     1
 62
     8
420
  8421504
176
     1
 90
        1
176
     1
 90
        4
176
     1
 62
     7
176
     1
 62
   257
176
     1
 90
        1
176
     1
 90
        1
176
     1
 40
1.0
176
     1
 90
        8
176
     1
 62
     8
420
  8421504
176
     1
 40
1.0
176
     1
 90
        1
176
     1
 90
        6
176
     1
 90
        2
176
     1
 62
     7
176
     1
 90
        5
176
     1
 90
        0
176
     1
 90
        0
176
     1
290
     0
176
     1
 90
        1
176
     1
 40
0.0
176
     1
 90
        0
176
     1
290
     0
176
     1
290
     1
176
     1
290
     1
176
     1
290
     0
176
     1
290
     0
176
     1
290
     0
176
     1
290
     0
176
     1
290
     0
176
     1
290
     0
176
     1
 90
       50
176
     1
 40
0.0
176
     1
 40
1.0
176
     1
 90
        0
176
     1
 62
    18
420
        0
176
     1
 90
       50
176
     1
 90
        3
176
     1
 62
     5
420
      255
176
     1
290
     0
176
     1
 90
       50
176
     1
 90
       50
176
     1
 90
       50
176
     1
290
     0
176
     1
 90
       50
176
     1
 62
   256
176
     0
 40
1.0
176
     0
 90
        2
176
     1
  1
strokes_ogs.tif
176
     1
290
     0
176
     1
 40
1.0
176
     1
 40
1.0
176
     1
  0
VISUALSTYLE
  5
34
102
{ACAD_REACTORS
330
2A
102
}
330
2A
100
AcDbVisualStyle
  2
Conceptual
 70
     9
177
     3
291
     0
 70
    58
 90
        3
176
     1
 90
        2
176
     1
 90
        0
176
     1
 90
        0
176
     1
 40
0.6
176
     1
 40
30.0
176
     1
 62
     7
420
 16777215
176
     1
 90
        2
176
     1
 90
        2
176
     1
 62
     7
176
     1
 62
   257
176
     1
 90
        1
176
     1
 90
        1
176
     1
 40
179.0
176
     1
 90
        8
176
     1
 62
     7
176
     1
 40
1.0
176
     1
 90
        1
176
     1
 90
        6
176
     1
 90
        2
176
     1
 62
     7
176
     1
 90
        3
176
     1
 90
        0
176
     1
 90
        0
176
     1
290
     0
176
     1
 90
        1
176
     1
 40
0.0
176
     1
 90
        0
176
     1
290
     0
176
     1
290
     1
176
     1
290
     1
176
     1
290
     0
176
     1
290
     0
176
     1
290
     0
176
     1
290
     0
176
     1
290
     0
176
     1
290
     0
176
     1
 90
       50
176
     1
 40
0.0
176
     1
 40
1.0
176
     1
 90
        0
176
     1
 62
    18
420
        0
176
     1
 90
       50
176
     1
 90
        3
176
     1
 62
     5
420
      255
176
     1
290
     0
176
     1
 90
       50
176
     1
 90
       50
176
     1
 90
       50
176
     1
290
     0
176
     1
 90
       50
176
     1
 62
   256
176
     0
 40
1.0
176
     0
 90
        2
176
     1
  1
strokes_ogs.tif
176
     1
290
     0
176
     1
 40
1.0
176
     1
 40
1.0
176
     1
  0
VISUALSTYLE
  5
35
102
{ACAD_REACTORS
330
2A
102
}
330
2A
100
AcDbVisualStyle
  2
Dim
 70
    11
177
     3
291
     1
 70
    58
 90
        2
176
     1
 90
        2
176
     1
 90
        0
176
     1
 90
        0
176
     1
 40
0.6
176
     1
 40
30.0
176
     1
 62
     7
420
 16777215
176
     1
 90
        1
176
     1
 90
        4
176
     1
 62
     7
176
     1
 62
   257
176
     1
 90
        1
176
     1
 90
        1
176
     1
 40
1.0
176
     1
 90
        8
176
     1
 62
     7
176
     1
 40
1.0
176
     1
 90
        1
176
     1
 90
        6
176
     1
 90
        2
176
     1
 62
     7
176
     1
 90
        5
176
     1
 90
        0
176
     1
 90
        0
176
     1
290
     0
176
     1
 90
        1
176
     1
 40
-50.0
176
     1
 90
        0
176
     1
290
     0
176
     1
290
     1
176
     1
290
     1
176
     1
290
     0
176
     1
290
     0
176
     1
290
     0
176
     1
290
     0
176
     1
290
     0
176
     1
290
     0
176
     1
 90
       50
176
     1
 40
0.0
176
     1
 40
1.0
176
     1
 90
        0
176
     1
 62
    18
420
        0
176
     1
 90
       50
176
     1
 90
        3
176
     1
 62
     5
420
      255
176
     1
290
     0
176
     1
 90
       50
176
     1
 90
       50
176
     1
 90
       50
176
     1
290
     0
176
     1
 90
       50
176
     1
 62
   256
176
     0
 40
1.0
176
     0
 90
        2
176
     1
  1
strokes_ogs.tif
176
     1
290
     0
176
     1
 40
1.0
176
     1
 40
1.0
176
     1
  0
VISUALSTYLE
  5
3D
102
{ACAD_REACTORS
330
2A
102
}
330
2A
100
AcDbVisualStyle
  2
EdgeColorOff
 70
    22
177
     3
291
     1
 70
    58
 90
        2
176
     0
 90
        2
176
     0
 90
        0
176
     0
 90
        0
176
     0
 40
0.6
176
     0
 40
30.0
176
     0
 62
     7
420
 16777215
176
     0
 90
        1
176
     0
 90
        4
176
     0
 62
     7
176
     0
 62
   257
176
     0
 90
        1
176
     0
 90
        1
176
     0
 40
1.0
176
     0
 90
        8
176
     2
 62
     7
176
     0
 40
1.0
176
     0
 90
        1
176
     0
 90
        6
176
     0
 90
        2
176
     0
 62
     7
176
     0
 90
        5
176
     0
 90
        0
176
     0
 90
        0
176
     0
290
     0
176
     0
 90
        1
176
     0
 40
0.0
176
     0
 90
        0
176
     0
290
     0
176
     0
290
     1
176
     0
290
     1
176
     0
290
     0
176
     0
290
     0
176
     0
290
     0
176
     0
290
     0
176
     0
290
     0
176
     0
290
     0
176
     0
 90
       50
176
     0
 40
0.0
176
     0
 40
1.0
176
     0
 90
        0
176
     0
 62
    18
420
        0
176
     0
 90
       50
176
     0
 90
        3
176
     0
 62
     5
420
      255
176
     0
290
     0
176
     0
 90
       50
176
     0
 90
       50
176
     0
 90
       50
176
     0
290
     0
176
     0
 90
       50
176
     0
 62
   256
176
     0
 40
1.0
176
     0
 90
        2
176
     0
  1
strokes_ogs.tif
176
     0
290
     0
176
     0
 40
1.0
176
     0
 40
1.0
176
     0
  0
VISUALSTYLE
  5
39
102
{ACAD_REACTORS
330
2A
102
}
330
2A
100
AcDbVisualStyle
  2
Facepattern
 70
    15
177
     3
291
     1
 70
    58
 90
        2
176
     1
 90
        2
176
     1
 90
        0
176
     1
 90
        0
176
     1
 40
0.6
176
     1
 40
30.0
176
     1
 62
     7
420
 16777215
176
     1
 90
        1
176
     1
 90
        4
176
     1
 62
     7
176
     1
 62
   257
176
     1
 90
        1
176
     1
 90
        1
176
     1
 40
1.0
176
     1
 90
        8
176
     1
 62
     7
176
     1
 40
1.0
176
     1
 90
        1
176
     1
 90
        6
176
     1
 90
        2
176
     1
 62
     7
176
     1
 90
        5
176
     1
 90
        0
176
     1
 90
        0
176
     1
290
     0
176
     1
 90
        1
176
     1
 40
0.0
176
     1
 90
        0
176
     1
290
     0
176
     1
290
     1
176
     1
290
     1
176
     1
290
     0
176
     1
290
     0
176
     1
290
     0
176
     1
290
     0
176
     1
290
     0
176
     1
290
     0
176
     1
 90
       50
176
     1
 40
0.0
176
     1
 40
1.0
176
     1
 90
        0
176
     1
 62
    18
420
        0
176
     1
 90
       50
176
     1
 90
        3
176
     1
 62
     5
420
      255
176
     1
290
     0
176
     1
 90
       50
176
     1
 90
       50
176
     1
 90
       50
176
     1
290
     0
176
     1
 90
       50
176
     1
 62
   256
176
     0
 40
1.0
176
     0
 90
        2
176
     1
  1
strokes_ogs.tif
176
     1
290
     0
176
     1
 40
1.0
176
     1
 40
1.0
176
     1
  0
VISUALSTYLE
  5
2B
102
{ACAD_REACTORS
330
2A
102
}
330
2A
100
AcDbVisualStyle
  2
Flat
 70
     0
177
     3
291
     1
 70
    58
 90
        2
176
     1
 90
        1
176
     1
 90
        1
176
     1
 90
        2
176
     1
 40
0.6
176
     1
 40
30.0
176
     1
 62
     7
420
 16777215
176
     1
 90
        0
176
     1
 90
        0
176
     1
 62
     7
176
     1
 62
   257
176
     1
 90
        1
176
     1
 90
        1
176
     1
 40
1.0
176
     1
 90
        8
176
     1
 62
     7
176
     1
 40
1.0
176
     1
 90
        1
176
     1
 90
        6
176
     1
 90
        2
176
     1
 62
     7
176
     1
 90
        5
176
     1
 90
        0
176
     1
 90
        0
176
     1
290
     0
176
     1
 90
       13
176
     1
 40
0.0
176
     1
 90
        0
176
     1
290
     0
176
     1
290
     1
176
     1
290
     1
176
     1
290
     0
176
     1
290
     0
176
     1
290
     0
176
     1
290
     0
176
     1
290
     0
176
     1
290
     0
176
     1
 90
       50
176
     1
 40
0.0
176
     1
 40
1.0
176
     1
 90
        0
176
     1
 62
    18
420
        0
176
     1
 90
       50
176
     1
 90
        3
176
     1
 62
     5
420
      255
176
     1
290
     0
176
     1
 90
       50
176
     1
 90
       50
176
     1
 90
       50
176
     1
290
     0
176
     1
 90
       50
176
     1
 62
   256
176
     0
 40
1.0
176
     0
 90
        2
176
     1
  1
strokes_ogs.tif
176
     1
290
     0
176
     1
 40
1.0
176
     1
 40
1.0
176
     1
  0
VISUALSTYLE
  5
2C
102
{ACAD_REACTORS
330
2A
102
}
330
2A
100
AcDbVisualStyle
  2
FlatWithEdges
 70
     1
177
     3
291
     1
 70
    58
 90
        2
176
     1
 90
        1
176
     1
 90
        1
176
     1
 90
        2
176
     1
 40
0.6
176
     1
 40
30.0
176
     1
 62
     7
420
 16777215
176
     1
 90
        1
176
     1
 90
        0
176
     1
 62
     7
176
     1
 62
   257
176
     1
 90
        1
176
     1
 90
        1
176
     1
 40
1.0
176
     1
 90
        0
176
     1
 62
   257
176
     1
 40
1.0
176
     1
 90
        1
176
     1
 90
        6
176
     1
 90
        2
176
     1
 62
     7
176
     1
 90
        5
176
     1
 90
        0
176
     1
 90
        0
176
     1
290
     0
176
     1
 90
       13
176
     1
 40
0.0
176
     1
 90
        0
176
     1
290
     0
176
     1
290
     1
176
     1
290
     1
176
     1
290
     0
176
     1
290
     0
176
     1
290
     0
176
     1
290
     0
176
     1
290
     0
176
     1
290
     0
176
     1
 90
       50
176
     1
 40
0.0
176
     1
 40
1.0
176
     1
 90
        0
176
     1
 62
    18
420
        0
176
     1
 90
       50
176
     1
 90
        3
176
     1
 62
     5
420
      255
176
     1
290
     0
176
     1
 90
       50
176
     1
 90
       50
176
     1
 90
       50
176
     1
290
     0
176
     1
 90
       50
176
     1
 62
   256
176
     0
 40
1.0
176
     0
 90
        2
176
     1
  1
strokes_ogs.tif
176
     1
290
     0
176
     1
 40
1.0
176
     1
 40
1.0
176
     1
  0
VISUALSTYLE
  5
2D
102
{ACAD_REACTORS
330
2A
102
}
330
2A
100
AcDbVisualStyle
  2
Gouraud
 70
     2
177
     3
291
     1
 70
    58
 90
        2
176
     1
 90
        2
176
     1
 90
        1
176
     1
 90
        2
176
     1
 40
0.6
176
     1
 40
30.0
176
     1
 62
     7
420
 16777215
176
     1
 90
        0
176
     1
 90
        0
176
     1
 62
     7
176
     1
 62
   257
176
     1
 90
        1
176
     1
 90
        1
176
     1
 40
1.0
176
     1
 90
        0
176
     1
 62
     7
176
     1
 40
1.0
176
     1
 90
        1
176
     1
 90
        6
176
     1
 90
        2
176
     1
 62
     7
176
     1
 90
        5
176
     1
 90
        0
176
     1
 90
        0
176
     1
290
     0
176
     1
 90
       13
176
     1
 40
0.0
176
     1
 90
        0
176
     1
290
     0
176
     1
290
     1
176
     1
290
     1
176
     1
290
     0
176
     1
290
     0
176
     1
290
     0
176
     1
290
     0
176
     1
290
     0
176
     1
290
     0
176
     1
 90
       50
176
     1
 40
0.0
176
     1
 40
1.0
176
     1
 90
        0
176
     1
 62
    18
420
        0
176
     1
 90
       50
176
     1
 90
        3
176
     1
 62
     5
420
      255
176
     1
290
     0
176
     1
 90
       50
176
     1
 90
       50
176
     1
 90
       50
176
     1
290
     0
176
     1
 90
       50
176
     1
 62
   256
176
     0
 40
1.0
176
     0
 90
        2
176
     1
  1
strokes_ogs.tif
176
     1
290
     0
176
     1
 40
1.0
176
     1
 40
1.0
176
     1
  0
VISUALSTYLE
  5
2E
102
{ACAD_REACTORS
330
2A
102
}
330
2A
100
AcDbVisualStyle
  2
GouraudWithEdges
 70
     3
177
     3
291
     1
 70
    58
 90
        2
176
     1
 90
        2
176
     1
 90
        1
176
     1
 90
        2
176
     1
 40
0.6
176
     1
 40
30.0
176
     1
 62
     7
420
 16777215
176
     1
 90
        1
176
     1
 90
        0
176
     1
 62
     7
176
     1
 62
   257
176
     1
 90
        1
176
     1
 90
        1
176
     1
 40
1.0
176
     1
 90
        0
176
     1
 62
   257
176
     1
 40
1.0
176
     1
 90
        1
176
     1
 90
        6
176
     1
 90
        2
176
     1
 62
     7
176
     1
 90
        5
176
     1
 90
        0
176
     1
 90
        0
176
     1
290
     0
176
     1
 90
       13
176
     1
 40
0.0
176
     1
 90
        0
176
     1
290
     0
176
     1
290
     1
176
     1
290
     1
176
     1
290
     0
176
     1
290
     0
176
     1
290
     0
176
     1
290
     0
176
     1
290
     0
176
     1
290
     0
176
     1
 90
       50
176
     1
 40
0.0
176
     1
 40
1.0
176
     1
 90
        0
176
     1
 62
    18
420
        0
176
     1
 90
       50
176
     1
 90
        3
176
     1
 62
     5
420
      255
176
     1
290
     0
176
     1
 90
       50
176
     1
 90
       50
176
     1
 90
       50
176
     1
290
     0
176
     1
 90
       50
176
     1
 62
   256
176
     0
 40
1.0
176
     0
 90
        2
176
     1
  1
strokes_ogs.tif
176
     1
290
     0
176
     1
 40
1.0
176
     1
 40
1.0
176
     1
  0
VISUALSTYLE
  5
31
102
{ACAD_REACTORS
330
2A
102
}
330
2A
100
AcDbVisualStyle
  2
Hidden
 70
     6
177
     3
291
     0
 70
    58
 90
        1
176
     1
 90
        2
176
     1
 90
        2
176
     1
 90
        0
176
     1
 40
0.6
176
     1
 40
30.0
176
     1
 62
     7
420
 16777215
176
     1
 90
        2
176
     1
 90
        2
176
     1
 62
     7
176
     1
 62
   257
176
     1
 90
        2
176
     1
 90
        1
176
     1
 40
40.0
176
     1
 90
        0
176
     1
 62
   257
176
     1
 40
1.0
176
     1
 90
        1
176
     1
 90
        6
176
     1
 90
        2
176
     1
 62
     7
176
     1
 90
        3
176
     1
 90
        0
176
     1
 90
        0
176
     1
290
     0
176
     1
 90
        1
176
     1
 40
0.0
176
     1
 90
        0
176
     1
290
     0
176
     1
290
     1
176
     1
290
     1
176
     1
290
     0
176
     1
290
     0
176
     1
290
     0
176
     1
290
     0
176
     1
290
     0
176
     1
290
     0
176
     1
 90
       50
176
     1
 40
0.0
176
     1
 40
1.0
176
     1
 90
        0
176
     1
 62
    18
420
        0
176
     1
 90
       50
176
     1
 90
        3
176
     1
 62
     5
420
      255
176
     1
290
     0
176
     1
 90
       50
176
     1
 90
       50
176
     1
 90
       50
176
     1
290
     0
176
     1
 90
       50
176
     1
 62
   256
176
     0
 40
1.0
176
     0
 90
        2
176
     1
  1
strokes_ogs.tif
176
     1
290
     0
176
     1
 40
1.0
176
     1
 40
1.0
176
     1
  0
VISUALSTYLE
  5
3B
102
{ACAD_REACTORS
330
2A
102
}
330
2A
100
AcDbVisualStyle
  2
JitterOff
 70
    20
177
     3
291
     1
 70
    58
 90
        2
176
     0
 90
        2
176
     0
 90
        0
176
     0
 90
        0
176
     0
 40
0.6
176
     0
 40
30.0
176
     0
 62
     7
420
 16777215
176
     0
 90
        1
176
     0
 90
        4
176
     0
 62
     7
176
     0
 62
   257
176
     0
 90
        1
176
     0
 90
        1
176
     0
 40
1.0
176
     0
 90
       10
176
     2
 62
     7
176
     0
 40
1.0
176
     0
 90
        1
176
     0
 90
        6
176
     0
 90
        2
176
     0
 62
     7
176
     0
 90
        5
176
     0
 90
        0
176
     0
 90
        0
176
     0
290
     0
176
     0
 90
        1
176
     0
 40
0.0
176
     0
 90
        0
176
     0
290
     0
176
     0
290
     1
176
     0
290
     1
176
     0
290
     0
176
     0
290
     0
176
     0
290
     0
176
     0
290
     0
176
     0
290
     0
176
     0
290
     0
176
     0
 90
       50
176
     0
 40
0.0
176
     0
 40
1.0
176
     0
 90
        0
176
     0
 62
    18
420
        0
176
     0
 90
       50
176
     0
 90
        3
176
     0
 62
     5
420
      255
176
     0
290
     0
176
     0
 90
       50
176
     0
 90
       50
176
     0
 90
       50
176
     0
290
     0
176
     0
 90
       50
176
     0
 62
   256
176
     0
 40
1.0
176
     0
 90
        2
176
     0
  1
strokes_ogs.tif
176
     0
290
     0
176
     0
 40
1.0
176
     0
 40
1.0
176
     0
  0
VISUALSTYLE
  5
38
102
{ACAD_REACTORS
330
2A
102
}
330
2A
100
AcDbVisualStyle
  2
Linepattern
 70
    14
177
     3
291
     1
 70
    58
 90
        2
176
     1
 90
        2
176
     1
 90
        0
176
     1
 90
        0
176
     1
 40
0.6
176
     1
 40
30.0
176
     1
 62
     7
420
 16777215
176
     1
 90
        1
176
     1
 90
        4
176
     1
 62
     7
176
     1
 62
   257
176
     1
 90
        7
176
     1
 90
        7
176
     1
 40
1.0
176
     1
 90
        8
176
     1
 62
     7
176
     1
 40
1.0
176
     1
 90
        1
176
     1
 90
        6
176
     1
 90
        2
176
     1
 62
     7
176
     1
 90
        5
176
     1
 90
        0
176
     1
 90
        0
176
     1
290
     0
176
     1
 90
        1
176
     1
 40
0.0
176
     1
 90
        0
176
     1
290
     0
176
     1
290
     1
176
     1
290
     1
176
     1
290
     0
176
     1
290
     0
176
     1
290
     0
176
     1
290
     0
176
     1
290
     0
176
     1
290
     0
176
     1
 90
       50
176
     1
 40
0.0
176
     1
 40
1.0
176
     1
 90
        0
176
     1
 62
    18
420
        0
176
     1
 90
       50
176
     1
 90
        3
176
     1
 62
     5
420
      255
176
     1
290
     0
176
     1
 90
       50
176
     1
 90
       50
176
     1
 90
       50
176
     1
290
     0
176
     1
 90
       50
176
     1
 62
   256
176
     0
 40
1.0
176
     0
 90
        2
176
     1
  1
strokes_ogs.tif
176
     1
290
     0
176
     1
 40
1.0
176
     1
 40
1.0
176
     1
  0
VISUALSTYLE
  5
3C
102
{ACAD_REACTORS
330
2A
102
}
330
2A
100
AcDbVisualStyle
  2
OverhangOff
 70
    21
177
     3
291
     1
 70
    58
 90
        2
176
     0
 90
        2
176
     0
 90
        0
176
     0
 90
        0
176
     0
 40
0.6
176
     0
 40
30.0
176
     0
 62
     7
420
 16777215
176
     0
 90
        1
176
     0
 90
        4
176
     0
 62
     7
176
     0
 62
   257
176
     0
 90
        1
176
     0
 90
        1
176
     0
 40
1.0
176
     0
 90
        9
176
     2
 62
     7
176
     0
 40
1.0
176
     0
 90
        1
176
     0
 90
        6
176
     0
 90
        2
176
     0
 62
     7
176
     0
 90
        5
176
     0
 90
        0
176
     0
 90
        0
176
     0
290
     0
176
     0
 90
        1
176
     0
 40
0.0
176
     0
 90
        0
176
     0
290
     0
176
     0
290
     1
176
     0
290
     1
176
     0
290
     0
176
     0
290
     0
176
     0
290
     0
176
     0
290
     0
176
     0
290
     0
176
     0
290
     0
176
     0
 90
       50
176
     0
 40
0.0
176
     0
 40
1.0
176
     0
 90
        0
176
     0
 62
    18
420
        0
176
     0
 90
       50
176
     0
 90
        3
176
     0
 62
     5
420
      255
176
     0
290
     0
176
     0
 90
       50
176
     0
 90
       50
176
     0
 90
       50
176
     0
290
     0
176
     0
 90
       50
176
     0
 62
   256
176
     0
 40
1.0
176
     0
 90
        2
176
     0
  1
strokes_ogs.tif
176
     0
290
     0
176
     0
 40
1.0
176
     0
 40
1.0
176
     0
  0
VISUALSTYLE
  5
33
102
{ACAD_REACTORS
330
2A
102
}
330
2A
100
AcDbVisualStyle
  2
Realistic
 70
     8
177
     3
291
     0
 70
    58
 90
        2
176
     1
 90
        3
176
     1
 90
        0
176
     1
 90
        2
176
     1
 40
0.6
176
     1
 40
30.0
176
     1
 62
     7
420
 16777215
176
     1
 90
        0
176
     1
 90
        0
176
     1
 62
     7
176
     1
 62
   257
176
     1
 90
        1
176
     1
 90
        1
176
     1
 40
1.0
176
     1
 90
        8
176
     1
 62
   257
176
     1
 40
1.0
176
     1
 90
        1
176
     1
 90
        6
176
     1
 90
        2
176
     1
 62
     7
176
     1
 90
        3
176
     1
 90
        0
176
     1
 90
        0
176
     1
290
     0
176
     1
 90
       13
176
     1
 40
0.0
176
     1
 90
        0
176
     1
290
     0
176
     1
290
     1
176
     1
290
     1
176
     1
290
     0
176
     1
290
     0
176
     1
290
     0
176
     1
290
     0
176
     1
290
     0
176
     1
290
     0
176
     1
 90
       50
176
     1
 40
0.0
176
     1
 40
1.0
176
     1
 90
        0
176
     1
 62
    18
420
        0
176
     1
 90
       50
176
     1
 90
        3
176
     1
 62
     5
420
      255
176
     1
290
     0
176
     1
 90
       50
176
     1
 90
       50
176
     1
 90
       50
176
     1
290
     0
176
     1
 90
       50
176
     1
 62
   256
176
     0
 40
1.0
176
     0
 90
        2
176
     1
  1
strokes_ogs.tif
176
     1
290
     0
176
     1
 40
1.0
176
     1
 40
1.0
176
     1
  0
VISUALSTYLE
  5
42
102
{ACAD_REACTORS
330
2A
102
}
330
2A
100
AcDbVisualStyle
  2
Shaded
 70
    27
177
     3
291
     0
 70
    58
 90
        2
176
     1
 90
        2
176
     1
 90
        1
176
     1
 90
        2
176
     1
 40
0.6
176
     1
 40
30.0
176
     1
 62
     7
420
 16777215
176
     1
 90
        0
176
     1
 90
        4
176
     1
 62
     7
176
     1
 62
   257
176
     1
 90
        1
176
     1
 90
        1
176
     1
 40
1.0
176
     1
 90
        8
176
     1
 62
   257
176
     1
 40
1.0
176
     1
 90
        1
176
     1
 90
        6
176
     1
 90
        2
176
     1
 62
     8
420
  7895160
176
     1
 90
        3
176
     1
 90
        0
176
     1
 90
        0
176
     1
290
     0
176
     1
 90
        5
176
     1
 40
0.0
176
     1
 90
        0
176
     1
290
     0
176
     1
290
     1
176
     1
290
     1
176
     1
290
     0
176
     1
290
     0
176
     1
290
     0
176
     1
290
     0
176
     1
290
     0
176
     1
290
     0
176
     1
 90
       50
176
     1
 40
0.0
176
     1
 40
1.0
176
     1
 90
        0
176
     1
 62
    18
420
        0
176
     1
 90
       50
176
     1
 90
        3
176
     1
 62
     5
420
      255
176
     1
290
     0
176
     1
 90
       50
176
     1
 90
       50
176
     1
 90
       50
176
     1
290
     0
176
     1
 90
       50
176
     1
 62
   256
176
     0
 40
1.0
176
     0
 90
        2
176
     1
  1
strokes_ogs.tif
176
     1
290
     0
176
     1
 40
1.0
176
     1
 40
1.0
176
     1
  0
VISUALSTYLE
  5
41
102
{ACAD_REACTORS
330
2A
102
}
330
2A
100
AcDbVisualStyle
  2
Shaded with edges
 70
    26
177
     3
291
     0
 70
    58
 90
        2
176
     1
 90
        2
176
     1
 90
        1
176
     1
 90
        2
176
     1
 40
0.6
176
     1
 40
30.0
176
     1
 62
     7
420
 16777215
176
     1
 90
        1
176
     1
 90
       10
176
     1
 62
     7
176
     1
 62
   257
176
     1
 90
        2
176
     1
 90
        1
176
     1
 40
1.0
176
     1
 90
        8
176
     1
 62
   257
176
     1
 40
1.0
176
     1
 90
        1
176
     1
 90
        6
176
     1
 90
        2
176
     1
 62
     7
176
     1
 90
        3
176
     1
 90
        0
176
     1
 90
        0
176
     1
290
     0
176
     1
 90
        5
176
     1
 40
0.0
176
     1
 90
        0
176
     1
290
     0
176
     1
290
     1
176
     1
290
     1
176
     1
290
     0
176
     1
290
     0
176
     1
290
     0
176
     1
290
     0
176
     1
290
     0
176
     1
290
     0
176
     1
 90
       50
176
     1
 40
0.0
176
     1
 40
1.0
176
     1
 90
        0
176
     1
 62
    18
420
        0
176
     1
 90
       50
176
     1
 90
        3
176
     1
 62
     5
420
      255
176
     1
290
     0
176
     1
 90
       50
176
     1
 90
       50
176
     1
 90
       50
176
     1
290
     0
176
     1
 90
       50
176
     1
 62
   256
176
     0
 40
1.0
176
     0
 90
        2
176
     1
  1
strokes_ogs.tif
176
     1
290
     0
176
     1
 40
1.0
176
     1
 40
1.0
176
     1
  0
VISUALSTYLE
  5
3E
102
{ACAD_REACTORS
330
2A
102
}
330
2A
100
AcDbVisualStyle
  2
Shades of Gray
 70
    23
177
     3
291
     0
 70
    58
 90
        2
176
     1
 90
        2
176
     1
 90
        3
176
     1
 90
        0
176
     1
 40
0.6
176
     1
 40
30.0
176
     1
 62
     7
420
 16777215
176
     1
 90
        2
176
     1
 90
        2
176
     1
 62
     7
176
     1
 62
     7
176
     1
 90
        1
176
     1
 90
        1
176
     1
 40
40.0
176
     1
 90
        8
176
     1
 62
     7
176
     1
 40
1.0
176
     1
 90
        1
176
     1
 90
        6
176
     1
 90
        2
176
     1
 62
     7
176
     1
 90
        3
176
     1
 90
        0
176
     1
 90
        0
176
     1
290
     0
176
     1
 90
        1
176
     1
 40
0.0
176
     1
 90
        0
176
     1
290
     0
176
     1
290
     1
176
     1
290
     1
176
     1
290
     0
176
     1
290
     0
176
     1
290
     0
176
     1
290
     0
176
     1
290
     0
176
     1
290
     0
176
     1
 90
       50
176
     1
 40
0.0
176
     1
 40
1.0
176
     1
 90
        0
176
     1
 62
    18
420
        0
176
     1
 90
       50
176
     1
 90
        3
176
     1
 62
     5
420
      255
176
     1
290
     0
176
     1
 90
       50
176
     1
 90
       50
176
     1
 90
       50
176
     1
290
     0
176
     1
 90
       50
176
     1
 62
   256
176
     0
 40
1.0
176
     0
 90
        2
176
     1
  1
strokes_ogs.tif
176
     1
290
     0
176
     1
 40
1.0
176
     1
 40
1.0
176
     1
  0
VISUALSTYLE
  5
3F
102
{ACAD_REACTORS
330
2A
102
}
330
2A
100
AcDbVisualStyle
  2
Sketchy
 70
    24
177
     3
291
     0
 70
    58
 90
        1
176
     1
 90
        2
176
     1
 90
        2
176
     1
 90
        0
176
     1
 40
0.6
176
     1
 40
30.0
176
     1
 62
     7
420
 16777215
176
     1
 90
        2
176
     1
 90
        2
176
     1
 62
     7
176
     1
 62
     7
176
     1
 90
        1
176
     1
 90
        1
176
     1
 40
40.0
176
     1
 90
       11
176
     1
 62
     7
176
     1
 40
1.0
176
     1
 90
        1
176
     1
 90
        6
176
     1
 90
        2
176
     1
 62
     7
176
     1
 90
        6
176
     1
 90
        0
176
     1
 90
        0
176
     1
290
     0
176
     1
 90
        1
176
     1
 40
0.0
176
     1
 90
        0
176
     1
290
     0
176
     1
290
     1
176
     1
290
     1
176
     1
290
     0
176
     1
290
     0
176
     1
290
     0
176
     1
290
     0
176
     1
290
     0
176
     1
290
     0
176
     1
 90
       50
176
     1
 40
0.0
176
     1
 40
1.0
176
     1
 90
        0
176
     1
 62
    18
420
        0
176
     1
 90
       50
176
     1
 90
        3
176
     1
 62
     5
420
      255
176
     1
290
     0
176
     1
 90
       50
176
     1
 90
       50
176
     1
 90
       50
176
     1
290
     0
176
     1
 90
       50
176
     1
 62
   256
176
     0
 40
1.0
176
     0
 90
        2
176
     1
  1
strokes_ogs.tif
176
     1
290
     0
176
     1
 40
1.0
176
     1
 40
1.0
176
     1
  0
VISUALSTYLE
  5
37
102
{ACAD_REACTORS
330
2A
102
}
330
2A
100
AcDbVisualStyle
  2
Thicken
 70
    13
177
     3
291
     1
 70
    58
 90
        2
176
     1
 90
        2
176
     1
 90
        0
176
     1
 90
        0
176
     1
 40
0.6
176
     1
 40
30.0
176
     1
 62
     7
420
 16777215
176
     1
 90
        1
176
     1
 90
        4
176
     1
 62
     7
176
     1
 62
   257
176
     1
 90
        1
176
     1
 90
        1
176
     1
 40
1.0
176
     1
 90
       12
176
     1
 62
     7
176
     1
 40
1.0
176
     1
 90
        1
176
     1
 90
        6
176
     1
 90
        2
176
     1
 62
     7
176
     1
 90
        5
176
     1
 90
        0
176
     1
 90
        0
176
     1
290
     0
176
     1
 90
        1
176
     1
 40
0.0
176
     1
 90
        0
176
     1
290
     0
176
     1
290
     1
176
     1
290
     1
176
     1
290
     0
176
     1
290
     0
176
     1
290
     0
176
     1
290
     0
176
     1
290
     0
176
     1
290
     0
176
     1
 90
       50
176
     1
 40
0.0
176
     1
 40
1.0
176
     1
 90
        0
176
     1
 62
    18
420
        0
176
     1
 90
       50
176
     1
 90
        3
176
     1
 62
     5
420
      255
176
     1
290
     0
176
     1
 90
       50
176
     1
 90
       50
176
     1
 90
       50
176
     1
290
     0
176
     1
 90
       50
176
     1
 62
   256
176
     0
 40
1.0
176
     0
 90
        2
176
     1
  1
strokes_ogs.tif
176
     1
290
     0
176
     1
 40
1.0
176
     1
 40
1.0
176
     1
  0
VISUALSTYLE
  5
30
102
{ACAD_REACTORS
330
2A
102
}
330
2A
100
AcDbVisualStyle
  2
Wireframe
 70
     5
177
     3
291
     0
 70
    58
 90
        0
176
     1
 90
        2
176
     1
 90
        0
176
     1
 90
        0
176
     1
 40
0.6
176
     1
 40
30.0
176
     1
 62
     7
420
 16777215
176
     1
 90
        1
176
     1
 90
        4
176
     1
 62
     7
176
     1
 62
   257
176
     1
 90
        1
176
     1
 90
        1
176
     1
 40
1.0
176
     1
 90
        0
176
     1
 62
   257
176
     1
 40
1.0
176
     1
 90
        1
176
     1
 90
        6
176
     1
 90
        2
176
     1
 62
     7
176
     1
 90
        3
176
     1
 90
        0
176
     1
 90
        0
176
     1
290
     0
176
     1
 90
        1
176
     1
 40
0.0
176
     1
 90
        0
176
     1
290
     0
176
     1
290
     1
176
     1
290
     1
176
     1
290
     0
176
     1
290
     0
176
     1
290
     0
176
     1
290
     0
176
     1
290
     0
176
     1
290
     0
176
     1
 90
       50
176
     1
 40
0.0
176
     1
 40
1.0
176
     1
 90
        0
176
     1
 62
    18
420
        0
176
     1
 90
       50
176
     1
 90
        3
176
     1
 62
     5
420
      255
176
     1
290
     0
176
     1
 90
       50
176
     1
 90
       50
176
     1
 90
       50
176
     1
290
     0
176
     1
 90
       50
176
     1
 62
   256
176
     0
 40
1.0
176
     0
 90
        2
176
     1
  1
strokes_ogs.tif
176
     1
290
     0
176
     1
 40
1.0
176
     1
 40
1.0
176
     1
  0
VISUALSTYLE
  5
40
102
{ACAD_REACTORS
330
2A
102
}
330
2A
100
AcDbVisualStyle
  2
X-Ray
 70
    25
177
     3
291
     0
 70
    58
 90
        2
176
     1
 90
        2
176
     1
 90
        1
176
     1
 90
        1
176
     1
 40
0.5
176
     1
 40
30.0
176
     1
 62
     7
420
 16777215
176
     1
 90
        1
176
     1
 90
        0
176
     1
 62
     7
176
     1
 62
   257
176
     1
 90
        1
176
     1
 90
        1
176
     1
 40
1.0
176
     1
 90
        8
176
     1
 62
     7
176
     1
 40
1.0
176
     1
 90
        1
176
     1
 90
        6
176
     1
 90
        2
176
     1
 62
     7
176
     1
 90
        3
176
     1
 90
        0
176
     1
 90
        0
176
     1
290
     0
176
     1
 90
       13
176
     1
 40
0.0
176
     1
 90
        0
176
     1
290
     0
176
     1
290
     1
176
     1
290
     1
176
     1
290
     0
176
     1
290
     0
176
     1
290
     0
176
     1
290
     0
176
     1
290
     0
176
     1
290
     0
176
     1
 90
       50
176
     1
 40
0.0
176
     1
 40
1.0
176
     1
 90
        0
176
     1
 62
    18
420
        0
176
     1
 90
       50
176
     1
 90
        3
176
     1
 62
     5
420
      255
176
     1
290
     0
176
     1
 90
       50
176
     1
 90
       50
176
     1
 90
       50
176
     1
290
     0
176
     1
 90
       50
176
     1
 62
   256
176
     0
 40
1.0
176
     0
 90
        2
176
     1
  1
strokes_ogs.tif
176
     1
290
     0
176
     1
 40
1.0
176
     1
 40
1.0
176
     1
  0
DICTIONARYVAR
  5
191B
102
{ACAD_REACTORS
330
191A
102
}
330
191A
100
DictionaryVariables
280
     0
  1
1:1
  0
DICTIONARYVAR
  5
1920
102
{ACAD_REACTORS
330
191A
102
}
330
191A
100
DictionaryVariables
280
     0
  1
Standard
  0
DICTIONARYVAR
  5
191F
102
{ACAD_REACTORS
330
191A
102
}
330
191A
100
DictionaryVariables
280
     0
  1
Standard
  0
DICTIONARY
  5
191C
330
5A
100
AcDbDictionary
280
     1
281
     1
  3
ACAD_ROUNDTRIP_2008_TABLESTYLE_CELLSTYLEMAP
360
191D
  0
CELLSTYLEMAP
  5
191D
102
{ACAD_REACTORS
330
191C
102
}
330
191C
100
AcDbCellStyleMap
 90
        3
300
CELLSTYLE
  1
TABLEFORMAT_BEGIN
 90
        5
170
     1
 91
        0
 92
    32768
 62
   257
 93
        1
300
CONTENTFORMAT
  1
CONTENTFORMAT_BEGIN
 90
        0
 91
        0
 92
        4
 93
        0
300

 40
0.0
140
1.0
 94
        5
 62
     0
340
11
144
0.25
309
CONTENTFORMAT_END
171
     1
301
MARGIN
  1
CELLMARGIN_BEGIN
 40
0.06
 40
0.06
 40
0.06
 40
0.06
 40
0.06
 40
0.06
309
CELLMARGIN_END
 94
        6
 95
        1
302
GRIDFORMAT
  1
GRIDFORMAT_BEGIN
 90
        0
 91
        1
 62
     0
 92
       -2
340
14
 93
        0
 40
0.045
309
GRIDFORMAT_END
 95
        2
302
GRIDFORMAT
  1
GRIDFORMAT_BEGIN
 90
        0
 91
        1
 62
     0
 92
       -2
340
14
 93
        0
 40
0.045
309
GRIDFORMAT_END
 95
        4
302
GRIDFORMAT
  1
GRIDFORMAT_BEGIN
 90
        0
 91
        1
 62
     0
 92
       -2
340
14
 93
        0
 40
0.045
309
GRIDFORMAT_END
 95
        8
302
GRIDFORMAT
  1
GRIDFORMAT_BEGIN
 90
        0
 91
        1
 62
     0
 92
       -2
340
14
 93
        0
 40
0.045
309
GRIDFORMAT_END
 95
       16
302
GRIDFORMAT
  1
GRIDFORMAT_BEGIN
 90
        0
 91
        1
 62
     0
 92
       -2
340
14
 93
        0
 40
0.045
309
GRIDFORMAT_END
 95
       32
302
GRIDFORMAT
  1
GRIDFORMAT_BEGIN
 90
        0
 91
        1
 62
     0
 92
       -2
340
14
 93
        0
 40
0.045
309
GRIDFORMAT_END
309
TABLEFORMAT_END
  1
CELLSTYLE_BEGIN
 90
        1
 91
        1
300
_TITLE
309
CELLSTYLE_END
300
CELLSTYLE
  1
TABLEFORMAT_BEGIN
 90
        5
170
     1
 91
        0
 92
        0
 62
   257
 93
        1
300
CONTENTFORMAT
  1
CONTENTFORMAT_BEGIN
 90
        0
 91
        0
 92
        4
 93
        0
300

 40
0.0
140
1.0
 94
        5
 62
     0
340
11
144
0.18
309
CONTENTFORMAT_END
171
     1
301
MARGIN
  1
CELLMARGIN_BEGIN
 40
0.06
 40
0.06
 40
0.06
 40
0.06
 40
0.06
 40
0.06
309
CELLMARGIN_END
 94
        6
 95
        1
302
GRIDFORMAT
  1
GRIDFORMAT_BEGIN
 90
        0
 91
        1
 62
     0
 92
       -2
340
14
 93
        0
 40
0.045
309
GRIDFORMAT_END
 95
        2
302
GRIDFORMAT
  1
GRIDFORMAT_BEGIN
 90
        0
 91
        1
 62
     0
 92
       -2
340
14
 93
        0
 40
0.045
309
GRIDFORMAT_END
 95
        4
302
GRIDFORMAT
  1
GRIDFORMAT_BEGIN
 90
        0
 91
        1
 62
     0
 92
       -2
340
14
 93
        0
 40
0.045
309
GRIDFORMAT_END
 95
        8
302
GRIDFORMAT
  1
GRIDFORMAT_BEGIN
 90
        0
 91
        1
 62
     0
 92
       -2
340
14
 93
        0
 40
0.045
309
GRIDFORMAT_END
 95
       16
302
GRIDFORMAT
  1
GRIDFORMAT_BEGIN
 90
        0
 91
        1
 62
     0
 92
       -2
340
14
 93
        0
 40
0.045
309
GRIDFORMAT_END
 95
       32
302
GRIDFORMAT
  1
GRIDFORMAT_BEGIN
 90
        0
 91
        1
 62
     0
 92
       -2
340
14
 93
        0
 40
0.045
309
GRIDFORMAT_END
309
TABLEFORMAT_END
  1
CELLSTYLE_BEGIN
 90
        2
 91
        1
300
_HEADER
309
CELLSTYLE_END
300
CELLSTYLE
  1
TABLEFORMAT_BEGIN
 90
        5
170
     1
 91
        0
 92
        0
 62
   257
 93
        1
300
CONTENTFORMAT
  1
CONTENTFORMAT_BEGIN
 90
        0
 91
        0
 92
        4
 93
        0
300

 40
0.0
140
1.0
 94
        2
 62
     0
340
11
144
0.18
309
CONTENTFORMAT_END
171
     1
301
MARGIN
  1
CELLMARGIN_BEGIN
 40
0.06
 40
0.06
 40
0.06
 40
0.06
 40
0.06
 40
0.06
309
CELLMARGIN_END
 94
        6
 95
        1
302
GRIDFORMAT
  1
GRIDFORMAT_BEGIN
 90
        0
 91
        1
 62
     0
 92
       -2
340
14
 93
        0
 40
0.045
309
GRIDFORMAT_END
 95
        2
302
GRIDFORMAT
  1
GRIDFORMAT_BEGIN
 90
        0
 91
        1
 62
     0
 92
       -2
340
14
 93
        0
 40
0.045
309
GRIDFORMAT_END
 95
        4
302
GRIDFORMAT
  1
GRIDFORMAT_BEGIN
 90
        0
 91
        1
 62
     0
 92
       -2
340
14
 93
        0
 40
0.045
309
GRIDFORMAT_END
 95
        8
302
GRIDFORMAT
  1
GRIDFORMAT_BEGIN
 90
        0
 91
        1
 62
     0
 92
       -2
340
14
 93
        0
 40
0.045
309
GRIDFORMAT_END
 95
       16
302
GRIDFORMAT
  1
GRIDFORMAT_BEGIN
 90
        0
 91
        1
 62
     0
 92
       -2
340
14
 93
        0
 40
0.045
309
GRIDFORMAT_END
 95
       32
302
GRIDFORMAT
  1
GRIDFORMAT_BEGIN
 90
        0
 91
        1
 62
     0
 92
       -2
340
14
 93
        0
 40
0.045
309
GRIDFORMAT_END
309
TABLEFORMAT_END
  1
CELLSTYLE_BEGIN
 90
        3
 91
        2
300
_DATA
309
CELLSTYLE_END
  0
ENDSEC
  0
EOF
